game_id,possession_number,period,period_bucket,offense_team,defense_team,seconds_left_in_game,score_difference,L_t,F_t,N_t,M_t,score_margin_excluded_t,intentional_foul_excluded_t,controlled_excluded_t
0022500802,1,1,1,CLE,CHA,2865.0,2,0,0,1,0,0,0,0
0022500802,2,1,1,CHA,CLE,2843.0,1,0,0,1,0,0,0,0
0022500802,3,1,1,CLE,CHA,2833.998,1,0,1,1,2,0,0,0
0022500802,4,1,1,CHA,CLE,2811.0,2,1,0,1,0,0,0,0
0022500802,5,1,1,CLE,CHA,2796.997,-1,1,1,0,1,0,0,0
0022500802,6,1,1,CHA,CLE,2783.0,1,1,0,0,0,0,0,0
0022500802,7,1,1,CLE,CHA,2777.0,1,1,0,0,0,0,0,0
0022500802,8,1,1,CHA,CLE,2767.0,1,0,0,1,0,0,0,0
0022500802,9,1,1,CLE,CHA,2750.0,1,0,0,1,0,0,0,0
0022500802,10,1,1,CHA,CLE,2730.998,1,0,1,0,1,0,0,0
0022500802,11,1,1,CLE,CHA,2710.999,1,1,0,0,0,0,0,0
0022500802,12,1,1,CHA,CLE,2689.0,-1,1,0,0,0,0,0,0
0022500802,13,1,1,CLE,CHA,2676.0,1,0,0,1,0,0,0,0
0022500802,14,1,1,CHA,CLE,2656.0,2,0,0,1,0,0,0,0
0022500802,15,1,1,CLE,CHA,2642.0,-2,0,1,0,1,0,0,0
0022500802,16,1,1,CHA,CLE,2618.0,2,1,0,1,0,0,0,0
0022500802,17,1,1,CLE,CHA,2607.0,-2,1,0,1,0,0,0,0
0022500802,18,1,1,CHA,CLE,2593.994,4,0,1,0,1,0,0,0
0022500802,19,1,1,CLE,CHA,2582.0,-1,1,0,0,0,0,0,0
0022500802,20,1,1,CHA,CLE,2552.0,1,1,0,0,0,0,0,0
0022500802,21,1,1,CLE,CHA,2540.0,-1,0,0,0,0,0,0,0
0022500802,22,1,1,CHA,CLE,2522.999,1,0,0,0,0,0,0,0
0022500802,23,1,1,CLE,CHA,2514.0,-1,0,0,1,0,0,0,0
0022500802,24,1,1,CHA,CLE,2493.0,3,0,0,1,0,0,0,0
0022500802,25,1,1,CLE,CHA,2472.996,-1,0,1,1,2,0,0,0
0022500802,26,1,1,CHA,CLE,2453.0,1,1,0,1,0,0,0,0
0022500802,27,1,1,CLE,CHA,2437.998,2,1,1,0,1,0,0,0
0022500802,28,1,1,CHA,CLE,2425.0,-2,1,0,0,0,0,0,0
0022500802,29,1,1,CLE,CHA,2417.0,4,1,0,0,0,0,0,0
0022500802,30,1,1,CHA,CLE,2396.0,-4,0,0,0,0,0,0,0
0022500802,31,1,1,CLE,CHA,2382.0,6,0,0,0,0,0,0,0
0022500802,32,1,1,CHA,CLE,2361.0,-3,0,0,0,0,0,0,0
0022500802,33,1,1,CLE,CHA,2349.0,3,0,0,0,0,0,0,0
0022500802,34,1,1,CHA,CLE,2330.999,-3,0,0,0,0,0,0,0
0022500802,35,1,1,CLE,CHA,2319.0,5,0,0,0,0,0,0,0
0022500802,36,1,1,CHA,CLE,2292.0,-5,0,0,0,0,0,0,0
0022500802,37,1,1,CLE,CHA,2289.0,5,0,0,0,0,0,0,0
0022500802,38,1,1,CHA,CLE,2285.0,-5,0,0,0,0,0,0,0
0022500802,39,1,1,CLE,CHA,2280.0,5,0,0,1,0,0,0,0
0022500802,40,1,1,CHA,CLE,2261.0,-5,0,0,1,0,0,0,0
0022500802,41,1,1,CLE,CHA,2253.997,8,0,1,0,1,0,0,0
0022500802,42,1,1,CHA,CLE,2233.0,-8,1,0,0,0,0,0,0
0022500802,43,1,1,CLE,CHA,2229.0,8,1,0,1,0,0,0,0
0022500802,44,1,1,CHA,CLE,2222.0,-8,0,0,1,0,0,0,0
0022500802,45,1,1,CLE,CHA,2217.793,10,0,1,0,1,0,0,0
0022500802,46,1,1,CHA,CLE,2196.9,-10,1,0,0,0,0,0,0
0022500802,47,1,1,CLE,CHA,2184.7,10,1,0,0,0,0,0,0
0022500802,48,2,2,CHA,CLE,2143.0,-10,0,0,0,0,0,0,0
0022500802,49,2,2,CLE,CHA,2130.0,13,0,0,0,0,0,0,0
0022500802,50,2,2,CHA,CLE,2103.0,-10,0,0,1,0,0,0,0
0022500802,51,2,2,CLE,CHA,2089.0,10,0,0,1,0,0,0,0
0022500802,52,2,2,CHA,CLE,2055.0,-10,0,1,1,2,0,0,0
0022500802,53,2,2,CLE,CHA,2051.998,12,1,1,0,1,0,0,0
0022500802,54,2,2,CHA,CLE,2042.999,-12,1,0,0,0,0,0,0
0022500802,55,2,2,CLE,CHA,2028.0,12,1,0,0,0,0,0,0
0022500802,56,2,2,CHA,CLE,2020.0,-9,0,0,0,0,0,0,0
0022500802,57,2,2,CLE,CHA,2006.0,11,0,0,0,0,0,0,0
0022500802,58,2,2,CHA,CLE,1983.0,-9,0,0,1,0,0,0,0
0022500802,59,2,2,CLE,CHA,1976.0,9,0,0,1,0,0,0,0
0022500802,60,2,2,CHA,CLE,1961.0,-6,0,1,0,1,0,0,0
0022500802,61,2,2,CLE,CHA,1945.0,8,1,0,0,0,0,0,0
0022500802,62,2,2,CHA,CLE,1928.0,-6,1,0,0,0,0,0,0
0022500802,63,2,2,CLE,CHA,1911.0,9,0,0,0,0,0,0,0
0022500802,64,2,2,CHA,CLE,1882.0,-9,0,0,0,0,0,0,0
0022500802,65,2,2,CLE,CHA,1868.0,12,0,0,0,0,0,0,0
0022500802,66,2,2,CHA,CLE,1848.0,-12,0,0,0,0,0,0,0
0022500802,67,2,2,CLE,CHA,1844.0,14,0,0,0,0,0,0,0
0022500802,68,2,2,CHA,CLE,1824.0,-12,0,0,0,0,0,0,0
0022500802,69,2,2,CLE,CHA,1808.0,14,0,0,0,0,0,0,0
0022500802,70,2,2,CHA,CLE,1788.0,-14,0,0,0,0,0,0,0
0022500802,71,2,2,CLE,CHA,1775.0,14,0,0,0,0,0,0,0
0022500802,72,2,2,CHA,CLE,1764.999,-14,0,0,1,0,0,0,0
0022500802,73,2,2,CLE,CHA,1750.0,14,0,0,1,0,0,0,0
0022500802,74,2,2,CHA,CLE,1717.0,-11,0,1,0,1,0,0,0
0022500802,75,2,2,CLE,CHA,1706.0,13,1,0,0,0,0,0,0
0022500802,76,2,2,CHA,CLE,1682.0,-10,1,0,0,0,0,0,0
0022500802,77,2,2,CLE,CHA,1666.0,10,0,0,0,0,0,0,0
0022500802,78,2,2,CHA,CLE,1653.0,-7,0,0,0,0,0,0,0
0022500802,79,2,2,CLE,CHA,1631.0,9,0,0,0,0,0,0,0
0022500802,80,2,2,CHA,CLE,1621.0,-7,0,0,0,0,0,0,0
0022500802,81,2,2,CLE,CHA,1613.0,7,0,0,0,0,0,0,0
0022500802,82,2,2,CHA,CLE,1598.0,-7,0,0,1,0,0,0,0
0022500802,83,2,2,CLE,CHA,1583.0,9,0,0,1,0,0,0,0
0022500802,84,2,2,CHA,CLE,1560.0,-9,0,1,1,2,0,0,0
0022500802,85,2,2,CLE,CHA,1555.0,9,1,0,1,0,0,0,0
0022500802,86,2,2,CHA,CLE,1537.998,-6,1,1,0,1,0,0,0
0022500802,87,2,2,CLE,CHA,1522.999,6,1,0,1,0,0,0,0
0022500802,88,2,2,CHA,CLE,1518.0,-6,1,0,1,0,0,0,0
0022500802,89,2,2,CLE,CHA,1501.998,8,0,1,1,2,0,0,0
0022500802,90,2,2,CHA,CLE,1484.294,-6,1,1,1,2,0,0,0
0022500802,91,2,2,CLE,CHA,1476.9,6,1,0,1,0,0,0,0
0022500802,92,2,2,CHA,CLE,1455.993,-4,1,1,1,2,0,0,0
0022500802,93,2,2,CLE,CHA,1440.8,6,1,0,1,0,0,0,0
0022500802,94,3,3,CHA,CLE,1423.998,-3,1,1,0,1,0,0,0
0022500802,95,3,3,CLE,CHA,1414.0,6,1,0,0,0,0,0,0
0022500802,96,3,3,CHA,CLE,1397.0,-4,1,0,1,0,0,0,0
0022500802,97,3,3,CLE,CHA,1388.0,4,0,0,1,0,0,0,0
0022500802,98,3,3,CHA,CLE,1354.0,-1,0,1,0,1,0,0,0
0022500802,99,3,3,CLE,CHA,1337.0,1,1,0,1,0,0,0,0
0022500802,100,3,3,CHA,CLE,1324.0,2,1,0,1,0,0,0,0
0022500802,101,3,3,CLE,CHA,1308.997,-1,0,1,1,2,0,0,0
0022500802,102,3,3,CHA,CLE,1290.998,3,1,1,1,2,0,0,0
0022500802,103,3,3,CLE,CHA,1272.0,-1,1,1,0,1,0,0,0
0022500802,104,3,3,CHA,CLE,1247.0,3,1,0,0,0,0,0,0
0022500802,105,3,3,CLE,CHA,1242.0,-1,1,0,0,0,0,0,0
0022500802,106,3,3,CHA,CLE,1226.0,4,0,0,0,0,0,0,0
0022500802,107,3,3,CLE,CHA,1211.999,-2,0,0,1,0,0,0,0
0022500802,108,3,3,CHA,CLE,1182.0,2,0,0,1,0,0,0,0
0022500802,109,3,3,CLE,CHA,1170.0,1,0,1,0,1,0,0,0
0022500802,110,3,3,CHA,CLE,1150.0,2,1,0,0,0,0,0,0
0022500802,111,3,3,CLE,CHA,1117.999,0,1,0,0,0,0,0,0
0022500802,112,3,3,CHA,CLE,1108.0,3,0,0,0,0,0,0,0
0022500802,113,3,3,CLE,CHA,1088.0,-1,0,0,0,0,0,0,0
0022500802,114,3,3,CHA,CLE,1061.0,1,0,0,0,0,0,0,0
0022500802,115,3,3,CLE,CHA,1043.0,1,0,0,1,0,0,0,0
0022500802,116,3,3,CHA,CLE,1016.0,-1,0,0,1,0,0,0,0
0022500802,117,3,3,CLE,CHA,997.996,3,0,1,0,1,0,0,0
0022500802,118,3,3,CHA,CLE,968.0,0,1,0,1,0,0,0,0
0022500802,119,3,3,CLE,CHA,951.0,2,1,0,1,0,0,0,0
0022500802,120,3,3,CHA,CLE,931.994,0,0,1,0,1,0,0,0
0022500802,121,3,3,CLE,CHA,916.0,0,1,0,0,0,0,0,0
0022500802,122,3,3,CHA,CLE,905.0,0,1,0,0,0,0,0,0
0022500802,123,3,3,CLE,CHA,902.0,2,0,0,0,0,0,0,0
0022500802,124,3,3,CHA,CLE,880.0,-2,0,0,0,0,0,0,0
0022500802,125,3,3,CLE,CHA,875.0,2,0,0,0,0,0,0,0
0022500802,126,3,3,CHA,CLE,868.0,1,0,0,0,0,0,0,0
0022500802,127,3,3,CLE,CHA,847.999,-1,0,0,0,0,0,0,0
0022500802,128,3,3,CHA,CLE,826.0,3,0,0,0,0,0,0,0
0022500802,129,3,3,CLE,CHA,815.0,-3,0,0,1,0,0,0,0
0022500802,130,3,3,CHA,CLE,801.0,3,0,0,1,0,0,0,0
0022500802,131,3,3,CLE,CHA,800.996,-1,0,1,0,1,0,0,0
0022500802,132,3,3,CHA,CLE,784.0,1,1,0,0,0,0,0,0
0022500802,133,3,3,CLE,CHA,780.0,1,1,0,0,0,0,0,0
0022500802,134,3,3,CHA,CLE,765.899,-1,0,0,1,0,0,0,0
0022500802,135,3,3,CLE,CHA,757.3,1,0,0,1,0,0,0,0
0022500802,136,3,3,CHA,CLE,734.294,1,0,1,0,1,0,0,0
0022500802,137,3,3,CLE,CHA,723.5,1,1,0,0,0,0,0,0
0022500802,138,4,4,CHA,CLE,719.988,-1,1,0,0,0,0,0,0
0022500802,139,4,4,CLE,CHA,704.0,1,0,0,0,0,0,0,0
0022500802,140,4,4,CHA,CLE,696.0,-1,0,0,0,0,0,0,0
0022500802,141,4,4,CLE,CHA,688.0,1,0,0,0,0,0,0,0
0022500802,142,4,4,CHA,CLE,673.0,-1,0,0,1,0,0,0,0
0022500802,143,4,4,CLE,CHA,662.0,4,0,0,1,0,0,0,0
0022500802,144,4,4,CHA,CLE,645.998,-2,0,1,0,1,0,0,0
0022500802,145,4,4,CLE,CHA,632.0,4,1,0,1,0,0,0,0
0022500802,146,4,4,CHA,CLE,611.0,-4,1,0,1,0,0,0,0
0022500802,147,4,4,CLE,CHA,586.0,4,0,1,0,1,0,0,0
0022500802,148,4,4,CHA,CLE,570.0,-2,1,0,0,0,0,0,0
0022500802,149,4,4,CLE,CHA,559.0,4,1,0,1,0,0,0,0
0022500802,150,4,4,CHA,CLE,542.0,-2,0,0,1,0,0,0,0
0022500802,151,4,4,CLE,CHA,513.0,5,0,1,1,2,0,0,0
0022500802,152,4,4,CHA,CLE,478.0,-5,1,1,1,2,0,0,0
0022500802,153,4,4,CLE,CHA,467.0,5,1,0,1,0,0,0,0
0022500802,154,4,4,CHA,CLE,451.0,-5,1,1,0,1,0,0,0
0022500802,155,4,4,CLE,CHA,438.0,5,1,0,0,0,0,0,0
0022500802,156,4,4,CHA,CLE,424.0,-5,1,0,0,0,0,0,0
0022500802,157,4,4,CLE,CHA,411.999,5,0,0,0,0,0,0,0
0022500802,158,4,4,CHA,CLE,393.0,-2,0,0,1,0,0,0,0
0022500802,159,4,4,CLE,CHA,371.0,4,0,0,1,0,0,0,0
0022500802,160,4,4,CHA,CLE,347.994,-1,0,1,0,1,0,0,0
0022500802,161,4,4,CLE,CHA,324.0,3,1,0,0,0,0,0,0
0022500802,162,4,4,CHA,CLE,306.0,-3,1,0,0,0,0,0,0
0022500802,163,4,4,CLE,CHA,283.0,6,0,0,0,0,0,0,0
0022500802,164,4,4,CHA,CLE,257.0,-6,0,0,0,0,0,0,0
0022500802,165,4,4,CLE,CHA,244.0,6,0,0,1,0,0,0,0
0022500802,166,4,4,CHA,CLE,226.0,-6,0,0,1,0,0,0,0
0022500802,167,4,4,CLE,CHA,216.995,8,0,1,0,1,0,0,0
0022500802,168,4,4,CHA,CLE,193.0,-8,1,0,0,0,0,0,0
0022500802,169,4,4,CLE,CHA,155.999,8,1,0,0,0,0,0,0
0022500802,170,4,4,CHA,CLE,126.0,-6,0,0,1,0,0,0,0
0022500802,171,4,4,CLE,CHA,98.0,9,0,0,1,0,0,0,0
0022500802,172,4,4,CHA,CLE,87.998,-7,0,1,1,2,0,0,0
0022500802,173,4,4,CLE,CHA,69.0,7,1,0,1,0,0,0,0
0022500802,174,4,4,CHA,CLE,57.998,-4,1,1,0,1,0,0,0
0022500802,175,4,4,CLE,CHA,41.8,6,1,0,1,0,0,0,0
0022500802,176,4,4,CHA,CLE,30.399,-4,1,0,1,0,0,0,0
0022500802,177,4,4,CLE,CHA,23.196,6,0,1,1,2,0,1,1
0022500802,178,4,4,CHA,CLE,16.7,-3,1,0,1,0,0,0,0
0022500802,179,4,4,CLE,CHA,15.296,5,1,1,0,1,0,1,1
0022500802,180,4,4,CHA,CLE,11.8,-5,1,0,0,0,0,0,0
0022500802,181,4,4,CLE,CHA,0.0,5,1,0,0,0,0,0,0
