season,season_start_year,season_type,game_id,game_date_et,away_team,home_team,matchup,away_score,home_score,series,error_message
2021-22,2021,Regular Season,0022100774,2022-02-02,WAS,PHI,WAS @ PHI,106,103,,No mobile play-by-play rows found for game_id 0022100774.
2021-22,2021,Regular Season,0022100776,2022-02-02,MEM,NYK,MEM @ NYK,120,108,,No mobile play-by-play rows found for game_id 0022100776.
2021-22,2021,Regular Season,0022100775,2022-02-02,CHA,BOS,CHA @ BOS,107,113,,No mobile play-by-play rows found for game_id 0022100775.
2021-22,2021,Regular Season,0022100773,2022-02-02,ORL,IND,ORL @ IND,119,118,,No mobile play-by-play rows found for game_id 0022100773.
2021-22,2021,Regular Season,0022100778,2022-02-02,OKC,DAL,OKC @ DAL,120,114,,No mobile play-by-play rows found for game_id 0022100778.
2021-22,2021,Regular Season,0022100779,2022-02-02,DEN,UTA,DEN @ UTA,104,108,,No mobile play-by-play rows found for game_id 0022100779.
2021-22,2021,Regular Season,0022100777,2022-02-02,CLE,HOU,CLE @ HOU,104,115,,No mobile play-by-play rows found for game_id 0022100777.
2021-22,2021,Regular Season,0022100780,2022-02-02,BKN,SAC,BKN @ SAC,101,112,,No mobile play-by-play rows found for game_id 0022100780.
2021-22,2021,Regular Season,0022100781,2022-02-02,POR,LAL,POR @ LAL,94,99,,No mobile play-by-play rows found for game_id 0022100781.
2021-22,2021,Regular Season,0022100430,2022-02-03,CHI,TOR,CHI @ TOR,120,127,,No mobile play-by-play rows found for game_id 0022100430.
2021-22,2021,Regular Season,0022100521,2022-02-03,MIA,SAS,MIA @ SAS,112,95,,No mobile play-by-play rows found for game_id 0022100521.
2021-22,2021,Regular Season,0022100782,2022-02-03,MIN,DET,MIN @ DET,128,117,,No mobile play-by-play rows found for game_id 0022100782.
2021-22,2021,Regular Season,0022100783,2022-02-03,PHX,ATL,PHX @ ATL,115,124,,No mobile play-by-play rows found for game_id 0022100783.
2021-22,2021,Regular Season,0022100787,2022-02-04,CLE,CHA,CLE @ CHA,102,101,,No mobile play-by-play rows found for game_id 0022100787.
2021-22,2021,Regular Season,0022100785,2022-02-03,SAC,GSW,SAC @ GSW,114,126,,No mobile play-by-play rows found for game_id 0022100785.
2021-22,2021,Regular Season,0022100786,2022-02-03,LAL,LAC,LAL @ LAC,110,111,,No mobile play-by-play rows found for game_id 0022100786.
2021-22,2021,Regular Season,0022100788,2022-02-04,BOS,DET,BOS @ DET,102,93,,No mobile play-by-play rows found for game_id 0022100788.
2021-22,2021,Regular Season,0022100790,2022-02-04,ATL,TOR,ATL @ TOR,114,125,,No mobile play-by-play rows found for game_id 0022100790.
2021-22,2021,Regular Season,0022100789,2022-02-04,CHI,IND,CHI @ IND,122,115,,No mobile play-by-play rows found for game_id 0022100789.
2021-22,2021,Regular Season,0022100792,2022-02-04,HOU,SAS,HOU @ SAS,106,131,,No mobile play-by-play rows found for game_id 0022100792.
2021-22,2021,Regular Season,0022100793,2022-02-04,BKN,UTA,BKN @ UTA,102,125,,No mobile play-by-play rows found for game_id 0022100793.
2021-22,2021,Regular Season,0022100791,2022-02-04,PHI,DAL,PHI @ DAL,98,107,,No mobile play-by-play rows found for game_id 0022100791.
2021-22,2021,Regular Season,0022100794,2022-02-04,NOP,DEN,NOP @ DEN,113,105,,No mobile play-by-play rows found for game_id 0022100794.
2021-22,2021,Regular Season,0022100795,2022-02-04,OKC,POR,OKC @ POR,96,93,,No mobile play-by-play rows found for game_id 0022100795.
2021-22,2021,Regular Season,0022100796,2022-02-05,MEM,ORL,MEM @ ORL,135,115,,No mobile play-by-play rows found for game_id 0022100796.
2021-22,2021,Regular Season,0022100798,2022-02-05,PHX,WAS,PHX @ WAS,95,80,,No mobile play-by-play rows found for game_id 0022100798.
2021-22,2021,Regular Season,0022100797,2022-02-05,MIA,CHA,MIA @ CHA,104,86,,No mobile play-by-play rows found for game_id 0022100797.
2021-22,2021,Regular Season,0022100799,2022-02-05,NYK,LAL,NYK @ LAL,115,122,,No mobile play-by-play rows found for game_id 0022100799.
2021-22,2021,Regular Season,0022100800,2022-02-05,MIL,POR,MIL @ POR,137,108,,No mobile play-by-play rows found for game_id 0022100800.
2021-22,2021,Regular Season,0022100801,2022-02-05,OKC,SAC,OKC @ SAC,103,113,,No mobile play-by-play rows found for game_id 0022100801.
2021-22,2021,Regular Season,0022100802,2022-02-06,PHI,CHI,PHI @ CHI,119,108,,No mobile play-by-play rows found for game_id 0022100802.
2021-22,2021,Regular Season,0022100804,2022-02-06,BKN,DEN,BKN @ DEN,104,124,,No mobile play-by-play rows found for game_id 0022100804.
2021-22,2021,Regular Season,0022100803,2022-02-06,DET,MIN,DET @ MIN,105,118,,No mobile play-by-play rows found for game_id 0022100803.
2021-22,2021,Regular Season,0022100805,2022-02-06,IND,CLE,IND @ CLE,85,98,,No mobile play-by-play rows found for game_id 0022100805.
2021-22,2021,Regular Season,0022100806,2022-02-06,BOS,ORL,BOS @ ORL,116,83,,No mobile play-by-play rows found for game_id 0022100806.
2021-22,2021,Regular Season,0022100807,2022-02-06,ATL,DAL,ATL @ DAL,94,103,,No mobile play-by-play rows found for game_id 0022100807.
2021-22,2021,Regular Season,0022100808,2022-02-06,NOP,HOU,NOP @ HOU,120,107,,No mobile play-by-play rows found for game_id 0022100808.
2021-22,2021,Regular Season,0022100809,2022-02-06,MIL,LAC,MIL @ LAC,137,113,,No mobile play-by-play rows found for game_id 0022100809.
2021-22,2021,Regular Season,0022100810,2022-02-07,TOR,CHA,TOR @ CHA,116,101,,No mobile play-by-play rows found for game_id 0022100810.
2021-22,2021,Regular Season,0022100811,2022-02-07,MIA,WAS,MIA @ WAS,121,100,,No mobile play-by-play rows found for game_id 0022100811.
2021-22,2021,Regular Season,0022100812,2022-02-07,PHX,CHI,PHX @ CHI,127,124,,No mobile play-by-play rows found for game_id 0022100812.
2021-22,2021,Regular Season,0022100813,2022-02-07,GSW,OKC,GSW @ OKC,110,98,,No mobile play-by-play rows found for game_id 0022100813.
2021-22,2021,Regular Season,0022100814,2022-02-07,NYK,UTA,NYK @ UTA,104,113,,No mobile play-by-play rows found for game_id 0022100814.
2021-22,2021,Regular Season,0022100815,2022-02-08,PHX,PHI,PHX @ PHI,114,109,,No mobile play-by-play rows found for game_id 0022100815.
2021-22,2021,Regular Season,0022100816,2022-02-08,IND,ATL,IND @ ATL,112,133,,No mobile play-by-play rows found for game_id 0022100816.
2021-22,2021,Regular Season,0022100817,2022-02-08,BOS,BKN,BOS @ BKN,126,91,,No mobile play-by-play rows found for game_id 0022100817.
2021-22,2021,Regular Season,0022100819,2022-02-08,HOU,NOP,HOU @ NOP,97,110,,No mobile play-by-play rows found for game_id 0022100819.
2021-22,2021,Regular Season,0022100818,2022-02-08,LAC,MEM,LAC @ MEM,109,135,,No mobile play-by-play rows found for game_id 0022100818.
2021-22,2021,Regular Season,0022100820,2022-02-08,DET,DAL,DET @ DAL,86,116,,No mobile play-by-play rows found for game_id 0022100820.
2021-22,2021,Regular Season,0022100822,2022-02-08,MIL,LAL,MIL @ LAL,131,116,,No mobile play-by-play rows found for game_id 0022100822.
2021-22,2021,Regular Season,0022100823,2022-02-08,ORL,POR,ORL @ POR,113,95,,No mobile play-by-play rows found for game_id 0022100823.
2021-22,2021,Regular Season,0022100821,2022-02-08,NYK,DEN,NYK @ DEN,115,132,,No mobile play-by-play rows found for game_id 0022100821.
2021-22,2021,Regular Season,0022100824,2022-02-08,MIN,SAC,MIN @ SAC,134,114,,No mobile play-by-play rows found for game_id 0022100824.
2021-22,2021,Regular Season,0022100825,2022-02-09,SAS,CLE,SAS @ CLE,92,105,,No mobile play-by-play rows found for game_id 0022100825.
2021-22,2021,Regular Season,0022100826,2022-02-09,CHI,CHA,CHI @ CHA,121,109,,No mobile play-by-play rows found for game_id 0022100826.
2021-22,2021,Regular Season,0022100827,2022-02-09,TOR,OKC,TOR @ OKC,117,98,,No mobile play-by-play rows found for game_id 0022100827.
2021-22,2021,Regular Season,0022100828,2022-02-09,GSW,UTA,GSW @ UTA,85,111,,No mobile play-by-play rows found for game_id 0022100828.
2021-22,2021,Regular Season,0022100830,2022-02-09,MIN,SAC,MIN @ SAC,119,132,,No mobile play-by-play rows found for game_id 0022100830.
2021-22,2021,Regular Season,0022100829,2022-02-09,LAL,POR,LAL @ POR,105,107,,No mobile play-by-play rows found for game_id 0022100829.
2021-22,2021,Regular Season,0022100831,2022-02-10,MEM,DET,MEM @ DET,132,107,,No mobile play-by-play rows found for game_id 0022100831.
2021-22,2021,Regular Season,0022100832,2022-02-10,BKN,WAS,BKN @ WAS,112,113,,No mobile play-by-play rows found for game_id 0022100832.
2021-22,2021,Regular Season,0022100833,2022-02-10,MIA,NOP,MIA @ NOP,112,97,,No mobile play-by-play rows found for game_id 0022100833.
2021-22,2021,Regular Season,0022100834,2022-02-10,TOR,HOU,TOR @ HOU,139,120,,No mobile play-by-play rows found for game_id 0022100834.
2021-22,2021,Regular Season,0022100835,2022-02-10,LAC,DAL,LAC @ DAL,105,112,,No mobile play-by-play rows found for game_id 0022100835.
2021-22,2021,Regular Season,0022100836,2022-02-10,MIL,PHX,MIL @ PHX,107,131,,No mobile play-by-play rows found for game_id 0022100836.
2021-22,2021,Regular Season,0022100837,2022-02-10,NYK,GSW,NYK @ GSW,116,114,,No mobile play-by-play rows found for game_id 0022100837.
2021-22,2021,Regular Season,0022100838,2022-02-11,CHA,DET,CHA @ DET,141,119,,No mobile play-by-play rows found for game_id 0022100838.
2021-22,2021,Regular Season,0022100839,2022-02-11,CLE,IND,CLE @ IND,120,113,,No mobile play-by-play rows found for game_id 0022100839.
2021-22,2021,Regular Season,0022100841,2022-02-11,SAS,ATL,SAS @ ATL,136,121,,No mobile play-by-play rows found for game_id 0022100841.
2021-22,2021,Regular Season,0022100842,2022-02-11,DEN,BOS,DEN @ BOS,102,108,,No mobile play-by-play rows found for game_id 0022100842.
2021-22,2021,Regular Season,0022100843,2022-02-11,MIN,CHI,MIN @ CHI,122,134,,No mobile play-by-play rows found for game_id 0022100843.
2021-22,2021,Regular Season,0022100840,2022-02-11,OKC,PHI,OKC @ PHI,87,100,,No mobile play-by-play rows found for game_id 0022100840.
2021-22,2021,Regular Season,0022100844,2022-02-11,ORL,UTA,ORL @ UTA,99,114,,No mobile play-by-play rows found for game_id 0022100844.
2021-22,2021,Regular Season,0022100846,2022-02-12,MEM,CHA,MEM @ CHA,125,118,,No mobile play-by-play rows found for game_id 0022100846.
2021-22,2021,Regular Season,0022100845,2022-02-12,NYK,POR,NYK @ POR,103,112,,No mobile play-by-play rows found for game_id 0022100845.
2021-22,2021,Regular Season,0022100847,2022-02-12,SAC,WAS,SAC @ WAS,123,110,,No mobile play-by-play rows found for game_id 0022100847.
2021-22,2021,Regular Season,0022100848,2022-02-12,SAS,NOP,SAS @ NOP,124,114,,No mobile play-by-play rows found for game_id 0022100848.
2021-22,2021,Regular Season,0022100849,2022-02-12,CLE,PHI,CLE @ PHI,93,103,,No mobile play-by-play rows found for game_id 0022100849.
2021-22,2021,Regular Season,0022100850,2022-02-12,DEN,TOR,DEN @ TOR,110,109,,No mobile play-by-play rows found for game_id 0022100850.
2021-22,2021,Regular Season,0022100852,2022-02-12,OKC,CHI,OKC @ CHI,101,106,,No mobile play-by-play rows found for game_id 0022100852.
2021-22,2021,Regular Season,0022100853,2022-02-12,LAC,DAL,LAC @ DAL,99,97,,No mobile play-by-play rows found for game_id 0022100853.
2021-22,2021,Regular Season,0022100851,2022-02-12,BKN,MIA,BKN @ MIA,111,115,,No mobile play-by-play rows found for game_id 0022100851.
2021-22,2021,Regular Season,0022100855,2022-02-12,ORL,PHX,ORL @ PHX,105,132,,No mobile play-by-play rows found for game_id 0022100855.
2021-22,2021,Regular Season,0022100854,2022-02-12,LAL,GSW,LAL @ GSW,115,117,,No mobile play-by-play rows found for game_id 0022100854.
2021-22,2021,Regular Season,0022100856,2022-02-13,ATL,BOS,ATL @ BOS,95,105,,No mobile play-by-play rows found for game_id 0022100856.
2021-22,2021,Regular Season,0022100857,2022-02-13,MIN,IND,MIN @ IND,129,120,,No mobile play-by-play rows found for game_id 0022100857.
2021-22,2021,Regular Season,0022100858,2022-02-14,DET,WAS,DET @ WAS,94,103,,No mobile play-by-play rows found for game_id 0022100858.
2021-22,2021,Regular Season,0022100859,2022-02-14,SAC,BKN,SAC @ BKN,85,109,,No mobile play-by-play rows found for game_id 0022100859.
2021-22,2021,Regular Season,0022100862,2022-02-14,POR,MIL,POR @ MIL,122,107,,No mobile play-by-play rows found for game_id 0022100862.
2021-22,2021,Regular Season,0022100860,2022-02-14,OKC,NYK,OKC @ NYK,127,123,,No mobile play-by-play rows found for game_id 0022100860.
2021-22,2021,Regular Season,0022100861,2022-02-14,SAS,CHI,SAS @ CHI,109,120,,No mobile play-by-play rows found for game_id 0022100861.
2021-22,2021,Regular Season,0022100863,2022-02-14,TOR,NOP,TOR @ NOP,90,120,,No mobile play-by-play rows found for game_id 0022100863.
2021-22,2021,Regular Season,0022100864,2022-02-14,ORL,DEN,ORL @ DEN,111,121,,No mobile play-by-play rows found for game_id 0022100864.
2021-22,2021,Regular Season,0022100865,2022-02-14,HOU,UTA,HOU @ UTA,101,135,,No mobile play-by-play rows found for game_id 0022100865.
2021-22,2021,Regular Season,0022100866,2022-02-14,GSW,LAC,GSW @ LAC,104,119,,No mobile play-by-play rows found for game_id 0022100866.
2021-22,2021,Regular Season,0022100867,2022-02-15,CLE,ATL,CLE @ ATL,116,124,,No mobile play-by-play rows found for game_id 0022100867.
2021-22,2021,Regular Season,0022100868,2022-02-15,DAL,MIA,DAL @ MIA,107,99,,No mobile play-by-play rows found for game_id 0022100868.
2021-22,2021,Regular Season,0022100869,2022-02-15,BOS,PHI,BOS @ PHI,135,87,,No mobile play-by-play rows found for game_id 0022100869.
2021-22,2021,Regular Season,0022100870,2022-02-15,IND,MIL,IND @ MIL,119,128,,No mobile play-by-play rows found for game_id 0022100870.
2021-22,2021,Regular Season,0022100871,2022-02-15,CHA,MIN,CHA @ MIN,120,126,,No mobile play-by-play rows found for game_id 0022100871.
2021-22,2021,Regular Season,0022100873,2022-02-15,LAC,PHX,LAC @ PHX,96,103,,No mobile play-by-play rows found for game_id 0022100873.
2021-22,2021,Regular Season,0022100874,2022-02-16,ATL,ORL,ATL @ ORL,130,109,,No mobile play-by-play rows found for game_id 0022100874.
2021-22,2021,Regular Season,0022100872,2022-02-15,MEM,NOP,MEM @ NOP,121,109,,No mobile play-by-play rows found for game_id 0022100872.
2021-22,2021,Regular Season,0022100875,2022-02-16,DET,BOS,DET @ BOS,112,111,,No mobile play-by-play rows found for game_id 0022100875.
2021-22,2021,Regular Season,0022100876,2022-02-16,WAS,IND,WAS @ IND,108,113,,No mobile play-by-play rows found for game_id 0022100876.
2021-22,2021,Regular Season,0022100877,2022-02-16,BKN,NYK,BKN @ NYK,111,106,,No mobile play-by-play rows found for game_id 0022100877.
2021-22,2021,Regular Season,0022100879,2022-02-16,POR,MEM,POR @ MEM,123,119,,No mobile play-by-play rows found for game_id 0022100879.
2021-22,2021,Regular Season,0022100878,2022-02-16,SAC,CHI,SAC @ CHI,118,125,,No mobile play-by-play rows found for game_id 0022100878.
2021-22,2021,Regular Season,0022100880,2022-02-16,TOR,MIN,TOR @ MIN,103,91,,No mobile play-by-play rows found for game_id 0022100880.
2021-22,2021,Regular Season,0022100881,2022-02-16,SAS,OKC,SAS @ OKC,114,106,,No mobile play-by-play rows found for game_id 0022100881.
2021-22,2021,Regular Season,0022100882,2022-02-16,HOU,PHX,HOU @ PHX,121,124,,No mobile play-by-play rows found for game_id 0022100882.
2021-22,2021,Regular Season,0022100883,2022-02-16,DEN,GSW,DEN @ GSW,117,116,,No mobile play-by-play rows found for game_id 0022100883.
2021-22,2021,Regular Season,0022100884,2022-02-16,UTA,LAL,UTA @ LAL,101,106,,No mobile play-by-play rows found for game_id 0022100884.
2021-22,2021,Regular Season,0022100885,2022-02-17,MIA,CHA,MIA @ CHA,111,107,,No mobile play-by-play rows found for game_id 0022100885.
2021-22,2021,Regular Season,0022100464,2022-02-17,WAS,BKN,WAS @ BKN,117,103,,No mobile play-by-play rows found for game_id 0022100464.
2021-22,2021,Regular Season,0022100886,2022-02-17,DAL,NOP,DAL @ NOP,125,118,,No mobile play-by-play rows found for game_id 0022100886.
2021-22,2021,Regular Season,0022100887,2022-02-17,PHI,MIL,PHI @ MIL,123,120,,No mobile play-by-play rows found for game_id 0022100887.
2021-22,2021,Regular Season,0022100888,2022-02-17,HOU,LAC,HOU @ LAC,111,142,,No mobile play-by-play rows found for game_id 0022100888.
2021-22,2021,Regular Season,0022100889,2022-02-24,CLE,DET,CLE @ DET,103,106,,No mobile play-by-play rows found for game_id 0022100889.
2021-22,2021,Regular Season,0022100890,2022-02-24,BOS,BKN,BOS @ BKN,129,106,,No mobile play-by-play rows found for game_id 0022100890.
2021-22,2021,Regular Season,0022100891,2022-02-24,ATL,CHI,ATL @ CHI,108,112,,No mobile play-by-play rows found for game_id 0022100891.
2021-22,2021,Regular Season,0022100892,2022-02-24,MEM,MIN,MEM @ MIN,114,119,,No mobile play-by-play rows found for game_id 0022100892.
2021-22,2021,Regular Season,0022100893,2022-02-24,PHX,OKC,PHX @ OKC,124,104,,No mobile play-by-play rows found for game_id 0022100893.
2021-22,2021,Regular Season,0022100894,2022-02-24,GSW,POR,GSW @ POR,132,95,,No mobile play-by-play rows found for game_id 0022100894.
2021-22,2021,Regular Season,0022100896,2022-02-25,TOR,CHA,TOR @ CHA,93,125,,No mobile play-by-play rows found for game_id 0022100896.
2021-22,2021,Regular Season,0022100895,2022-02-24,DEN,SAC,DEN @ SAC,128,110,,No mobile play-by-play rows found for game_id 0022100895.
2021-22,2021,Regular Season,0022100897,2022-02-25,OKC,IND,OKC @ IND,129,125,,No mobile play-by-play rows found for game_id 0022100897.
2021-22,2021,Regular Season,0022100898,2022-02-25,HOU,ORL,HOU @ ORL,111,119,,No mobile play-by-play rows found for game_id 0022100898.
2021-22,2021,Regular Season,0022100899,2022-02-25,SAS,WAS,SAS @ WAS,157,153,,No mobile play-by-play rows found for game_id 0022100899.
2021-22,2021,Regular Season,0022100900,2022-02-25,MIA,NYK,MIA @ NYK,115,100,,No mobile play-by-play rows found for game_id 0022100900.
2021-22,2021,Regular Season,0022100901,2022-02-25,PHI,MIN,PHI @ MIN,133,102,,No mobile play-by-play rows found for game_id 0022100901.
2021-22,2021,Regular Season,0022100902,2022-02-25,NOP,PHX,NOP @ PHX,117,102,,No mobile play-by-play rows found for game_id 0022100902.
2021-22,2021,Regular Season,0022100903,2022-02-25,DAL,UTA,DAL @ UTA,109,114,,No mobile play-by-play rows found for game_id 0022100903.
2021-22,2021,Regular Season,0022100904,2022-02-25,LAC,LAL,LAC @ LAL,105,102,,No mobile play-by-play rows found for game_id 0022100904.
2021-22,2021,Regular Season,0022100905,2022-02-26,BOS,DET,BOS @ DET,113,104,,No mobile play-by-play rows found for game_id 0022100905.
2021-22,2021,Regular Season,0022100906,2022-02-26,TOR,ATL,TOR @ ATL,100,127,,No mobile play-by-play rows found for game_id 0022100906.
2021-22,2021,Regular Season,0022100908,2022-02-26,SAS,MIA,SAS @ MIA,129,133,,No mobile play-by-play rows found for game_id 0022100908.
2021-22,2021,Regular Season,0022100909,2022-02-26,MEM,CHI,MEM @ CHI,116,110,,No mobile play-by-play rows found for game_id 0022100909.
2021-22,2021,Regular Season,0022100907,2022-02-26,WAS,CLE,WAS @ CLE,86,92,,No mobile play-by-play rows found for game_id 0022100907.
2021-22,2021,Regular Season,0022100910,2022-02-26,BKN,MIL,BKN @ MIL,126,123,,No mobile play-by-play rows found for game_id 0022100910.
2021-22,2021,Regular Season,0022100912,2022-02-27,PHI,NYK,PHI @ NYK,125,109,,No mobile play-by-play rows found for game_id 0022100912.
2021-22,2021,Regular Season,0022100911,2022-02-26,SAC,DEN,SAC @ DEN,110,115,,No mobile play-by-play rows found for game_id 0022100911.
2021-22,2021,Regular Season,0022100913,2022-02-27,UTA,PHX,UTA @ PHX,118,114,,No mobile play-by-play rows found for game_id 0022100913.
2021-22,2021,Regular Season,0022100914,2022-02-27,BOS,IND,BOS @ IND,107,128,,No mobile play-by-play rows found for game_id 0022100914.
2021-22,2021,Regular Season,0022100915,2022-02-27,DET,CHA,DET @ CHA,127,126,,No mobile play-by-play rows found for game_id 0022100915.
2021-22,2021,Regular Season,0022100916,2022-02-27,LAC,HOU,LAC @ HOU,99,98,,No mobile play-by-play rows found for game_id 0022100916.
2021-22,2021,Regular Season,0022100917,2022-02-27,DAL,GSW,DAL @ GSW,107,101,,No mobile play-by-play rows found for game_id 0022100917.
2021-22,2021,Regular Season,0022100918,2022-02-27,DEN,POR,DEN @ POR,124,92,,No mobile play-by-play rows found for game_id 0022100918.
2021-22,2021,Regular Season,0022100920,2022-02-28,MIN,CLE,MIN @ CLE,127,122,,No mobile play-by-play rows found for game_id 0022100920.
2021-22,2021,Regular Season,0022100919,2022-02-27,NOP,LAL,NOP @ LAL,123,95,,No mobile play-by-play rows found for game_id 0022100919.
2021-22,2021,Regular Season,0022100726,2022-02-28,TOR,BKN,TOR @ BKN,133,97,,No mobile play-by-play rows found for game_id 0022100726.
2021-22,2021,Regular Season,0022100921,2022-02-28,IND,ORL,IND @ ORL,103,119,,No mobile play-by-play rows found for game_id 0022100921.
2021-22,2021,Regular Season,0022100923,2022-02-28,SAS,MEM,SAS @ MEM,105,118,,No mobile play-by-play rows found for game_id 0022100923.
2021-22,2021,Regular Season,0022100922,2022-02-28,CHI,MIA,CHI @ MIA,99,112,,No mobile play-by-play rows found for game_id 0022100922.
2021-22,2021,Regular Season,0022100924,2022-02-28,CHA,MIL,CHA @ MIL,106,130,,No mobile play-by-play rows found for game_id 0022100924.
2021-22,2021,Regular Season,0022100925,2022-02-28,SAC,OKC,SAC @ OKC,131,110,,No mobile play-by-play rows found for game_id 0022100925.
2021-22,2021,Regular Season,0022100926,2022-03-01,DET,WAS,DET @ WAS,113,116,,No mobile play-by-play rows found for game_id 0022100926.
2021-22,2021,Regular Season,0022100927,2022-03-01,ATL,BOS,ATL @ BOS,98,107,,No mobile play-by-play rows found for game_id 0022100927.
2021-22,2021,Regular Season,0022100928,2022-03-01,BKN,TOR,BKN @ TOR,108,109,,No mobile play-by-play rows found for game_id 0022100928.
2021-22,2021,Regular Season,0022100929,2022-03-01,LAC,HOU,LAC @ HOU,113,100,,No mobile play-by-play rows found for game_id 0022100929.
2021-22,2021,Regular Season,0022100931,2022-03-01,DAL,LAL,DAL @ LAL,109,104,,No mobile play-by-play rows found for game_id 0022100931.
2021-22,2021,Regular Season,0022100930,2022-03-01,GSW,MIN,GSW @ MIN,114,129,,No mobile play-by-play rows found for game_id 0022100930.
2021-22,2021,Regular Season,0022100932,2022-03-02,CHA,CLE,CHA @ CLE,119,98,,No mobile play-by-play rows found for game_id 0022100932.
2021-22,2021,Regular Season,0022100933,2022-03-02,IND,ORL,IND @ ORL,122,114,,No mobile play-by-play rows found for game_id 0022100933.
2021-22,2021,Regular Season,0022100934,2022-03-02,NYK,PHI,NYK @ PHI,108,123,,No mobile play-by-play rows found for game_id 0022100934.
2021-22,2021,Regular Season,0022100935,2022-03-02,UTA,HOU,UTA @ HOU,132,127,,No mobile play-by-play rows found for game_id 0022100935.
2021-22,2021,Regular Season,0022100936,2022-03-02,MIA,MIL,MIA @ MIL,119,120,,No mobile play-by-play rows found for game_id 0022100936.
2021-22,2021,Regular Season,0022100937,2022-03-02,SAC,NOP,SAC @ NOP,95,125,,No mobile play-by-play rows found for game_id 0022100937.
2021-22,2021,Regular Season,0022100938,2022-03-02,OKC,DEN,OKC @ DEN,119,107,,No mobile play-by-play rows found for game_id 0022100938.
2021-22,2021,Regular Season,0022100939,2022-03-02,POR,PHX,POR @ PHX,90,120,,No mobile play-by-play rows found for game_id 0022100939.
2021-22,2021,Regular Season,0022100940,2022-03-03,MEM,BOS,MEM @ BOS,107,120,,No mobile play-by-play rows found for game_id 0022100940.
2021-22,2021,Regular Season,0022100710,2022-03-03,CHI,ATL,CHI @ ATL,124,130,,No mobile play-by-play rows found for game_id 0022100710.
2021-22,2021,Regular Season,0022100941,2022-03-03,MIA,BKN,MIA @ BKN,113,107,,No mobile play-by-play rows found for game_id 0022100941.
2021-22,2021,Regular Season,0022100943,2022-03-03,GSW,DAL,GSW @ DAL,113,122,,No mobile play-by-play rows found for game_id 0022100943.
2021-22,2021,Regular Season,0022100942,2022-03-03,DET,TOR,DET @ TOR,108,106,,No mobile play-by-play rows found for game_id 0022100942.
2021-22,2021,Regular Season,0022100944,2022-03-03,SAC,SAS,SAC @ SAS,115,112,,No mobile play-by-play rows found for game_id 0022100944.
2021-22,2021,Regular Season,0022100945,2022-03-03,LAL,LAC,LAL @ LAC,111,132,,No mobile play-by-play rows found for game_id 0022100945.
2021-22,2021,Regular Season,0022100946,2022-03-04,IND,DET,IND @ DET,106,111,,No mobile play-by-play rows found for game_id 0022100946.
2021-22,2021,Regular Season,0022100947,2022-03-04,CLE,PHI,CLE @ PHI,119,125,,No mobile play-by-play rows found for game_id 0022100947.
2021-22,2021,Regular Season,0022100948,2022-03-04,ATL,WAS,ATL @ WAS,117,114,,No mobile play-by-play rows found for game_id 0022100948.
2021-22,2021,Regular Season,0022100458,2022-03-04,ORL,TOR,ORL @ TOR,103,97,,No mobile play-by-play rows found for game_id 0022100458.
2021-22,2021,Regular Season,0022100950,2022-03-04,UTA,NOP,UTA @ NOP,90,124,,No mobile play-by-play rows found for game_id 0022100950.
2021-22,2021,Regular Season,0022100951,2022-03-04,MIN,OKC,MIN @ OKC,138,101,,No mobile play-by-play rows found for game_id 0022100951.
2021-22,2021,Regular Season,0022100952,2022-03-04,HOU,DEN,HOU @ DEN,101,116,,No mobile play-by-play rows found for game_id 0022100952.
2021-22,2021,Regular Season,0022100953,2022-03-04,NYK,PHX,NYK @ PHX,114,115,,No mobile play-by-play rows found for game_id 0022100953.
2021-22,2021,Regular Season,0022100954,2022-03-05,SAC,DAL,SAC @ DAL,113,114,,No mobile play-by-play rows found for game_id 0022100954.
2021-22,2021,Regular Season,0022100955,2022-03-05,SAS,CHA,SAS @ CHA,117,123,,No mobile play-by-play rows found for game_id 0022100955.
2021-22,2021,Regular Season,0022100949,2022-03-04,MIL,CHI,MIL @ CHI,118,112,,No mobile play-by-play rows found for game_id 0022100949.
2021-22,2021,Regular Season,0022100956,2022-03-05,PHI,MIA,PHI @ MIA,82,99,,No mobile play-by-play rows found for game_id 0022100956.
2021-22,2021,Regular Season,0022100957,2022-03-05,ORL,MEM,ORL @ MEM,96,124,,No mobile play-by-play rows found for game_id 0022100957.
2021-22,2021,Regular Season,0022100958,2022-03-05,POR,MIN,POR @ MIN,121,135,,No mobile play-by-play rows found for game_id 0022100958.
2021-22,2021,Regular Season,0022100959,2022-03-05,GSW,LAL,GSW @ LAL,116,124,,No mobile play-by-play rows found for game_id 0022100959.
2021-22,2021,Regular Season,0022100960,2022-03-06,BKN,BOS,BKN @ BOS,120,126,,No mobile play-by-play rows found for game_id 0022100960.
2021-22,2021,Regular Season,0022100961,2022-03-06,PHX,MIL,PHX @ MIL,122,132,,No mobile play-by-play rows found for game_id 0022100961.
2021-22,2021,Regular Season,0022100963,2022-03-06,IND,WAS,IND @ WAS,123,133,,No mobile play-by-play rows found for game_id 0022100963.
2021-22,2021,Regular Season,0022100965,2022-03-06,UTA,OKC,UTA @ OKC,116,103,,No mobile play-by-play rows found for game_id 0022100965.
2021-22,2021,Regular Season,0022100964,2022-03-06,MEM,HOU,MEM @ HOU,112,123,,No mobile play-by-play rows found for game_id 0022100964.
2021-22,2021,Regular Season,0022100962,2022-03-06,TOR,CLE,TOR @ CLE,96,104,,No mobile play-by-play rows found for game_id 0022100962.
2021-22,2021,Regular Season,0022100967,2022-03-06,NOP,DEN,NOP @ DEN,130,138,,No mobile play-by-play rows found for game_id 0022100967.
2021-22,2021,Regular Season,0022100966,2022-03-06,NYK,LAC,NYK @ LAC,116,93,,No mobile play-by-play rows found for game_id 0022100966.
2021-22,2021,Regular Season,0022100968,2022-03-07,ATL,DET,ATL @ DET,110,113,,No mobile play-by-play rows found for game_id 0022100968.
2021-22,2021,Regular Season,0022100969,2022-03-07,CHI,PHI,CHI @ PHI,106,121,,No mobile play-by-play rows found for game_id 0022100969.
2021-22,2021,Regular Season,0022100970,2022-03-07,HOU,MIA,HOU @ MIA,106,123,,No mobile play-by-play rows found for game_id 0022100970.
2021-22,2021,Regular Season,0022100971,2022-03-07,POR,MIN,POR @ MIN,81,124,,No mobile play-by-play rows found for game_id 0022100971.
2021-22,2021,Regular Season,0022100972,2022-03-07,UTA,DAL,UTA @ DAL,103,111,,No mobile play-by-play rows found for game_id 0022100972.
2021-22,2021,Regular Season,0022100528,2022-03-07,GSW,DEN,GSW @ DEN,124,131,,No mobile play-by-play rows found for game_id 0022100528.
2021-22,2021,Regular Season,0022100973,2022-03-07,LAL,SAS,LAL @ SAS,110,117,,No mobile play-by-play rows found for game_id 0022100973.
2021-22,2021,Regular Season,0022100974,2022-03-07,NYK,SAC,NYK @ SAC,131,115,,No mobile play-by-play rows found for game_id 0022100974.
2021-22,2021,Regular Season,0022100975,2022-03-08,BKN,CHA,BKN @ CHA,132,121,,No mobile play-by-play rows found for game_id 0022100975.
2021-22,2021,Regular Season,0022100976,2022-03-08,CLE,IND,CLE @ IND,127,124,,No mobile play-by-play rows found for game_id 0022100976.
2021-22,2021,Regular Season,0022100977,2022-03-08,PHX,ORL,PHX @ ORL,102,99,,No mobile play-by-play rows found for game_id 0022100977.
2021-22,2021,Regular Season,0022100978,2022-03-08,NOP,MEM,NOP @ MEM,111,132,,No mobile play-by-play rows found for game_id 0022100978.
2021-22,2021,Regular Season,0022100979,2022-03-08,MIL,OKC,MIL @ OKC,142,115,,No mobile play-by-play rows found for game_id 0022100979.
2021-22,2021,Regular Season,0022100980,2022-03-08,LAC,GSW,LAC @ GSW,97,112,,No mobile play-by-play rows found for game_id 0022100980.
2021-22,2021,Regular Season,0022100981,2022-03-09,BOS,CHA,BOS @ CHA,115,101,,No mobile play-by-play rows found for game_id 0022100981.
2021-22,2021,Regular Season,0022100982,2022-03-09,CHI,DET,CHI @ DET,114,108,,No mobile play-by-play rows found for game_id 0022100982.
2021-22,2021,Regular Season,0022100983,2022-03-09,PHX,MIA,PHX @ MIA,111,90,,No mobile play-by-play rows found for game_id 0022100983.
2021-22,2021,Regular Season,0022100985,2022-03-09,LAL,HOU,LAL @ HOU,130,139,,No mobile play-by-play rows found for game_id 0022100985.
2021-22,2021,Regular Season,0022100984,2022-03-09,ATL,MIL,ATL @ MIL,115,124,,No mobile play-by-play rows found for game_id 0022100984.
2021-22,2021,Regular Season,0022100986,2022-03-09,OKC,MIN,OKC @ MIN,102,132,,No mobile play-by-play rows found for game_id 0022100986.
2021-22,2021,Regular Season,0022100987,2022-03-09,ORL,NOP,ORL @ NOP,108,102,,No mobile play-by-play rows found for game_id 0022100987.
2021-22,2021,Regular Season,0022100988,2022-03-09,NYK,DAL,NYK @ DAL,107,77,,No mobile play-by-play rows found for game_id 0022100988.
2021-22,2021,Regular Season,0022100989,2022-03-09,TOR,SAS,TOR @ SAS,119,104,,No mobile play-by-play rows found for game_id 0022100989.
2021-22,2021,Regular Season,0022100990,2022-03-09,POR,UTA,POR @ UTA,85,123,,No mobile play-by-play rows found for game_id 0022100990.
2021-22,2021,Regular Season,0022100991,2022-03-09,DEN,SAC,DEN @ SAC,106,100,,No mobile play-by-play rows found for game_id 0022100991.
2021-22,2021,Regular Season,0022100992,2022-03-09,WAS,LAC,WAS @ LAC,109,115,,No mobile play-by-play rows found for game_id 0022100992.
2021-22,2021,Regular Season,0022100993,2022-03-10,BKN,PHI,BKN @ PHI,129,100,,No mobile play-by-play rows found for game_id 0022100993.
2021-22,2021,Regular Season,0022100994,2022-03-10,GSW,DEN,GSW @ DEN,113,102,,No mobile play-by-play rows found for game_id 0022100994.
2021-22,2021,Regular Season,0022100995,2022-03-11,MIN,ORL,MIN @ ORL,110,118,,No mobile play-by-play rows found for game_id 0022100995.
2021-22,2021,Regular Season,0022100996,2022-03-11,LAC,ATL,LAC @ ATL,106,112,,No mobile play-by-play rows found for game_id 0022100996.
2021-22,2021,Regular Season,0022100997,2022-03-11,DET,BOS,DET @ BOS,103,114,,No mobile play-by-play rows found for game_id 0022100997.
2021-22,2021,Regular Season,0022100998,2022-03-11,CLE,MIA,CLE @ MIA,105,117,,No mobile play-by-play rows found for game_id 0022100998.
2021-22,2021,Regular Season,0022100999,2022-03-11,DAL,HOU,DAL @ HOU,113,100,,No mobile play-by-play rows found for game_id 0022100999.
2021-22,2021,Regular Season,0022101000,2022-03-11,NYK,MEM,NYK @ MEM,114,118,,No mobile play-by-play rows found for game_id 0022101000.
2021-22,2021,Regular Season,0022101001,2022-03-11,CHA,NOP,CHA @ NOP,142,120,,No mobile play-by-play rows found for game_id 0022101001.
2021-22,2021,Regular Season,0022101002,2022-03-11,UTA,SAS,UTA @ SAS,102,104,,No mobile play-by-play rows found for game_id 0022101002.
2021-22,2021,Regular Season,0022101004,2022-03-11,WAS,LAL,WAS @ LAL,109,122,,No mobile play-by-play rows found for game_id 0022101004.
2021-22,2021,Regular Season,0022101003,2022-03-11,TOR,PHX,TOR @ PHX,117,112,,No mobile play-by-play rows found for game_id 0022101003.
2021-22,2021,Regular Season,0022101005,2022-03-12,MIN,MIA,MIN @ MIA,113,104,,No mobile play-by-play rows found for game_id 0022101005.
2021-22,2021,Regular Season,0022101006,2022-03-12,CLE,CHI,CLE @ CHI,91,101,,No mobile play-by-play rows found for game_id 0022101006.
2021-22,2021,Regular Season,0022101007,2022-03-12,IND,SAS,IND @ SAS,119,108,,No mobile play-by-play rows found for game_id 0022101007.
2021-22,2021,Regular Season,0022101008,2022-03-12,MIL,GSW,MIL @ GSW,109,122,,No mobile play-by-play rows found for game_id 0022101008.
2021-22,2021,Regular Season,0022101009,2022-03-12,TOR,DEN,TOR @ DEN,127,115,,No mobile play-by-play rows found for game_id 0022101009.
2021-22,2021,Regular Season,0022101010,2022-03-12,SAC,UTA,SAC @ UTA,125,134,,No mobile play-by-play rows found for game_id 0022101010.
2021-22,2021,Regular Season,0022101011,2022-03-12,WAS,POR,WAS @ POR,118,127,,No mobile play-by-play rows found for game_id 0022101011.
2021-22,2021,Regular Season,0022101012,2022-03-13,NYK,BKN,NYK @ BKN,107,110,,No mobile play-by-play rows found for game_id 0022101012.
2021-22,2021,Regular Season,0022101013,2022-03-13,LAC,DET,LAC @ DET,106,102,,No mobile play-by-play rows found for game_id 0022101013.
2021-22,2021,Regular Season,0022101014,2022-03-13,DAL,BOS,DAL @ BOS,95,92,,No mobile play-by-play rows found for game_id 0022101014.
2021-22,2021,Regular Season,0022101015,2022-03-13,PHI,ORL,PHI @ ORL,116,114,,No mobile play-by-play rows found for game_id 0022101015.
2021-22,2021,Regular Season,0022101016,2022-03-13,IND,ATL,IND @ ATL,128,131,,No mobile play-by-play rows found for game_id 0022101016.
2021-22,2021,Regular Season,0022101017,2022-03-13,HOU,NOP,HOU @ NOP,105,130,,No mobile play-by-play rows found for game_id 0022101017.
2021-22,2021,Regular Season,0022101018,2022-03-13,MEM,OKC,MEM @ OKC,125,118,,No mobile play-by-play rows found for game_id 0022101018.
2021-22,2021,Regular Season,0022101019,2022-03-13,LAL,PHX,LAL @ PHX,111,140,,No mobile play-by-play rows found for game_id 0022101019.
2021-22,2021,Regular Season,0022101020,2022-03-14,LAC,CLE,LAC @ CLE,111,120,,No mobile play-by-play rows found for game_id 0022101020.
2021-22,2021,Regular Season,0022101021,2022-03-14,POR,ATL,POR @ ATL,113,122,,No mobile play-by-play rows found for game_id 0022101021.
2021-22,2021,Regular Season,0022101022,2022-03-14,DEN,PHI,DEN @ PHI,114,110,,No mobile play-by-play rows found for game_id 0022101022.
2021-22,2021,Regular Season,0022101023,2022-03-14,CHA,OKC,CHA @ OKC,134,116,,No mobile play-by-play rows found for game_id 0022101023.
2021-22,2021,Regular Season,0022101024,2022-03-14,MIN,SAS,MIN @ SAS,149,139,,No mobile play-by-play rows found for game_id 0022101024.
2021-22,2021,Regular Season,0022101025,2022-03-14,WAS,GSW,WAS @ GSW,112,126,,No mobile play-by-play rows found for game_id 0022101025.
2021-22,2021,Regular Season,0022101026,2022-03-14,CHI,SAC,CHI @ SAC,103,112,,No mobile play-by-play rows found for game_id 0022101026.
2021-22,2021,Regular Season,0022101027,2022-03-14,MIL,UTA,MIL @ UTA,117,111,,No mobile play-by-play rows found for game_id 0022101027.
2021-22,2021,Regular Season,0022101028,2022-03-14,TOR,LAL,TOR @ LAL,114,103,,No mobile play-by-play rows found for game_id 0022101028.
2021-22,2021,Regular Season,0022101029,2022-03-15,MEM,IND,MEM @ IND,135,102,,No mobile play-by-play rows found for game_id 0022101029.
2021-22,2021,Regular Season,0022101032,2022-03-15,PHX,NOP,PHX @ NOP,131,115,,No mobile play-by-play rows found for game_id 0022101032.
2021-22,2021,Regular Season,0022101031,2022-03-15,DET,MIA,DET @ MIA,98,105,,No mobile play-by-play rows found for game_id 0022101031.
2021-22,2021,Regular Season,0022101034,2022-03-16,PHI,CLE,PHI @ CLE,118,114,,No mobile play-by-play rows found for game_id 0022101034.
2021-22,2021,Regular Season,0022101036,2022-03-16,DAL,BKN,DAL @ BKN,113,111,,No mobile play-by-play rows found for game_id 0022101036.
2021-22,2021,Regular Season,0022101037,2022-03-16,POR,NYK,POR @ NYK,98,128,,No mobile play-by-play rows found for game_id 0022101037.
2021-22,2021,Regular Season,0022101035,2022-03-16,DEN,WAS,DEN @ WAS,127,109,,No mobile play-by-play rows found for game_id 0022101035.
2021-22,2021,Regular Season,0022101038,2022-03-16,PHX,HOU,PHX @ HOU,129,112,,No mobile play-by-play rows found for game_id 0022101038.
2021-22,2021,Regular Season,0022101041,2022-03-16,CHI,UTA,CHI @ UTA,110,125,,No mobile play-by-play rows found for game_id 0022101041.
2021-22,2021,Regular Season,0022101040,2022-03-16,OKC,SAS,OKC @ SAS,120,122,,No mobile play-by-play rows found for game_id 0022101040.
2021-22,2021,Regular Season,0022101042,2022-03-16,BOS,GSW,BOS @ GSW,110,88,,No mobile play-by-play rows found for game_id 0022101042.
2021-22,2021,Regular Season,0022101043,2022-03-16,MIL,SAC,MIL @ SAC,135,126,,No mobile play-by-play rows found for game_id 0022101043.
2021-22,2021,Regular Season,0022101044,2022-03-16,TOR,LAC,TOR @ LAC,103,100,,No mobile play-by-play rows found for game_id 0022101044.
2021-22,2021,Regular Season,0022101045,2022-03-17,DET,ORL,DET @ ORL,134,120,,No mobile play-by-play rows found for game_id 0022101045.
2021-22,2021,Regular Season,0022101046,2022-03-18,DAL,PHI,DAL @ PHI,101,111,,No mobile play-by-play rows found for game_id 0022101046.
2021-22,2021,Regular Season,0022101047,2022-03-18,MEM,ATL,MEM @ ATL,105,120,,No mobile play-by-play rows found for game_id 0022101047.
2021-22,2021,Regular Season,0022101048,2022-03-18,POR,BKN,POR @ BKN,123,128,,No mobile play-by-play rows found for game_id 0022101048.
2021-22,2021,Regular Season,0022101049,2022-03-18,DEN,CLE,DEN @ CLE,116,119,,No mobile play-by-play rows found for game_id 0022101049.
2021-22,2021,Regular Season,0022101050,2022-03-18,WAS,NYK,WAS @ NYK,97,100,,No mobile play-by-play rows found for game_id 0022101050.
2021-22,2021,Regular Season,0022101053,2022-03-18,IND,HOU,IND @ HOU,121,118,,No mobile play-by-play rows found for game_id 0022101053.
2021-22,2021,Regular Season,0022101051,2022-03-18,LAL,TOR,LAL @ TOR,128,123,,No mobile play-by-play rows found for game_id 0022101051.
2021-22,2021,Regular Season,0022101052,2022-03-18,OKC,MIA,OKC @ MIA,108,120,,No mobile play-by-play rows found for game_id 0022101052.
2021-22,2021,Regular Season,0022101054,2022-03-18,NOP,SAS,NOP @ SAS,124,91,,No mobile play-by-play rows found for game_id 0022101054.
2021-22,2021,Regular Season,0022101055,2022-03-18,LAC,UTA,LAC @ UTA,92,121,,No mobile play-by-play rows found for game_id 0022101055.
2021-22,2021,Regular Season,0022101056,2022-03-18,CHI,PHX,CHI @ PHX,102,129,,No mobile play-by-play rows found for game_id 0022101056.
2021-22,2021,Regular Season,0022101057,2022-03-18,BOS,SAC,BOS @ SAC,126,97,,No mobile play-by-play rows found for game_id 0022101057.
2021-22,2021,Regular Season,0022101058,2022-03-19,MIL,MIN,MIL @ MIN,119,138,,No mobile play-by-play rows found for game_id 0022101058.
2021-22,2021,Regular Season,0022101059,2022-03-19,DAL,CHA,DAL @ CHA,108,129,,No mobile play-by-play rows found for game_id 0022101059.
2021-22,2021,Regular Season,0022101060,2022-03-19,DET,CLE,DET @ CLE,109,113,,No mobile play-by-play rows found for game_id 0022101060.
2021-22,2021,Regular Season,0022101064,2022-03-20,NOP,ATL,NOP @ ATL,117,112,,No mobile play-by-play rows found for game_id 0022101064.
2021-22,2021,Regular Season,0022101063,2022-03-20,MEM,HOU,MEM @ HOU,122,98,,No mobile play-by-play rows found for game_id 0022101063.
2021-22,2021,Regular Season,0022101065,2022-03-20,OKC,ORL,OKC @ ORL,85,90,,No mobile play-by-play rows found for game_id 0022101065.
2021-22,2021,Regular Season,0022101061,2022-03-19,LAL,WAS,LAL @ WAS,119,127,,No mobile play-by-play rows found for game_id 0022101061.
2021-22,2021,Regular Season,0022101066,2022-03-20,PHX,SAC,PHX @ SAC,127,124,,No mobile play-by-play rows found for game_id 0022101066.
2021-22,2021,Regular Season,0022101067,2022-03-20,UTA,NYK,UTA @ NYK,108,93,,No mobile play-by-play rows found for game_id 0022101067.
2021-22,2021,Regular Season,0022101068,2022-03-20,BOS,DEN,BOS @ DEN,124,104,,No mobile play-by-play rows found for game_id 0022101068.
2021-22,2021,Regular Season,0022101069,2022-03-20,TOR,PHI,TOR @ PHI,93,88,,No mobile play-by-play rows found for game_id 0022101069.
2021-22,2021,Regular Season,0022101070,2022-03-20,SAS,GSW,SAS @ GSW,110,108,,No mobile play-by-play rows found for game_id 0022101070.
2021-22,2021,Regular Season,0022101071,2022-03-21,NOP,CHA,NOP @ CHA,103,106,,No mobile play-by-play rows found for game_id 0022101071.
2021-22,2021,Regular Season,0022101073,2022-03-21,POR,DET,POR @ DET,119,115,,No mobile play-by-play rows found for game_id 0022101073.
2021-22,2021,Regular Season,0022101074,2022-03-21,MIA,PHI,MIA @ PHI,106,113,,No mobile play-by-play rows found for game_id 0022101074.
2021-22,2021,Regular Season,0022101075,2022-03-21,UTA,BKN,UTA @ BKN,106,114,,No mobile play-by-play rows found for game_id 0022101075.
2021-22,2021,Regular Season,0022101078,2022-03-21,BOS,OKC,BOS @ OKC,132,123,,No mobile play-by-play rows found for game_id 0022101078.
2021-22,2021,Regular Season,0022101077,2022-03-21,WAS,HOU,WAS @ HOU,97,115,,No mobile play-by-play rows found for game_id 0022101077.
2021-22,2021,Regular Season,0022101076,2022-03-21,TOR,CHI,TOR @ CHI,99,113,,No mobile play-by-play rows found for game_id 0022101076.
