hypothesis,test,estimate,ci_low,ci_high,p_value,n,games,unit,q_value_bh
H1,context_adjusted: L2,0.9529849279533406,0.9277431089044244,0.9789135205528042,0.0004380926123680909,248456,1230,odds ratio,0.0018534687446342308
H1,standardized probability change,-0.006443169118252349,,,,248456,1230,probability points,
H1,exclude_all_late_strategy_possessions: L2,0.9463633173747432,0.9210546600792751,0.9723674036842117,6.718454873805016e-05,246832,1230,odds ratio,0.0003488419336077641
H1,within-game fixed-effect linear probability sensitivity,-0.008203563341975523,-0.011808098875556347,-0.004599027808394699,8.169903941376969e-06,248456,1230,probability difference,4.992719075285925e-05
H3,window 1: immediate,1.0003063259149483,0.9754223022659255,1.0244130129850137,,248456,1230,ratio,
H3,window 1: continuation,0.9958996006491883,0.9873133075544541,1.004408980799003,,248456,1230,ratio,
H3,window 1: WMI,0.9962046705055537,0.9699190846978184,1.0203920864763976,,248456,1230,ratio,
H2,window 2: immediate,0.9686446753133114,0.9487944011125149,0.9878924672869659,,248456,1230,ratio,
H2,window 2: continuation,1.011363001723131,1.003437429104558,1.0187634343307466,,248456,1230,ratio,
H2,window 2: WMI,0.9796513864279982,0.9577606119897748,0.9991348184662308,,248456,1230,ratio,
H3,window 3: immediate,0.99288847135515,0.9750908721051825,1.0107990581367883,,248456,1230,ratio,
H3,window 3: continuation,1.0008630547958637,0.9939614829277222,1.007883820353239,,248456,1230,ratio,
H3,window 3: WMI,0.9937453885121108,0.9746724752401263,1.0136788433389596,,248456,1230,ratio,
H3,window 5: immediate,0.9982976705144734,0.9798879455063589,1.0177781193482993,,248456,1230,ratio,
H3,window 5: continuation,1.0011556526142575,0.994766837326929,1.006788920962697,,248456,1230,ratio,
H3,window 5: WMI,0.9994513558272107,0.9801615586730283,1.019274744572771,,248456,1230,ratio,
H3,window 10: immediate,1.0507996202731997,1.0276610907553358,1.0738465890644986,,248456,1230,ratio,
H3,window 10: continuation,1.006021901634899,1.0007969536526586,1.0115206626132551,,248456,1230,ratio,
H3,window 10: WMI,1.0571274322244741,1.0326105702934505,1.0816166525480353,,248456,1230,ratio,
H3,distance_specific: lag1,0.9985037864480103,0.9660689425609044,1.03202759930165,0.9291854801123018,248456,1230,odds ratio,0.9463926186329
H3,distance_specific: lag2,0.9546415231398901,0.9238887358839984,0.9864179552214775,0.005460845350280203,248456,1230,odds ratio,0.016722001864009742
H3,distance_specific: lag3,1.0597314000151317,1.0248177554005506,1.0958344878978934,0.0006882765050166521,248456,1230,odds ratio,0.002575891021045019
H3,distance_specific: lag4,1.006142008926833,0.9736090028601465,1.0397621007544622,0.7150156326416819,248456,1230,odds ratio,0.7710952901037746
H3,distance_specific: lag5,1.041758154452421,1.0069595466021295,1.0777593360430424,0.0182716885257224,248456,1230,odds ratio,0.04785442232927295
H4,opportunity_conditioned_direction: same_defense_as_last_foul,0.9860736325972776,0.9417352219773352,1.032499566982313,0.5502038561777112,200810,1230,odds ratio,0.6878109771515915
H4,opposite-team share above random-mark baseline,0.04966618228013683,0.04495048184096696,0.0544350795448153,4.422733789140958e-88,1230,1230,share difference,1.2162517920137634e-86
H4,opposite-team share above within-team opportunity permutation,0.008257848515613331,0.0034064440415008533,0.013102290802113371,0.0007025157330122778,1230,1230,share difference,0.002575891021045019
H5,margin_interaction: L2:close,1.0027836882777712,0.9507861229790869,1.0576249496839665,0.9184993651827524,248456,1230,odds ratio,0.9463926186329
H5,margin_interaction: L2:blowout,1.0174541270421305,0.9567361406982535,1.0820254996111418,0.5815149913375384,248456,1230,odds ratio,0.6934464019907468
H5,margin_interaction_without_late_strategy: L2:close,0.9798970740118526,0.9285142541618847,1.0341233549760682,0.45992320630371275,246832,1230,odds ratio,0.6169701547976634
H5,margin_interaction_without_late_strategy: L2:blowout,1.0248682008072565,0.9636146062529375,1.0900154711334846,0.4346762678095615,246832,1230,odds ratio,0.597679868238147
H5,close WMI with original global windows,1.0048750609474475,,,,105282,1230,ratio,
H5,blowout WMI with original global windows,0.9460177174036911,,,,50109,918,ratio,
H5,fourth_or_OT WMI with original global windows,1.0138380791428918,,,,61674,1230,ratio,
H5,WMI with suspected intentional calls masked throughout windows,0.9603169485589735,,,,248456,1230,ratio,
H6,bonus_interaction: bonus,0.8094697761641466,0.7805125839319581,0.8395012867343532,5.723016970082875e-30,248456,1230,odds ratio,1.0492197778485272e-28
H6,bonus_interaction: L2:bonus,1.0268138784617589,0.9722347024631349,1.0844570126231,0.3423523071671257,248456,1230,odds ratio,0.5337611990892691
H7,playoff_interaction: postseason,1.2131415882802572,1.1471401147811697,1.2829405006866936,1.2928945965600722e-11,264883,1314,odds ratio,8.888650351350497e-11
H7,playoff_interaction: L2:postseason,0.9562478027601705,0.8759480508190102,1.0439087790978951,0.317448777470554,264883,1314,odds ratio,0.5290812957842567
H7,shooting_foul_playoff_interaction: postseason,1.0782251719696694,0.9985796857092535,1.1642230841530627,0.0543969878326063,264883,1314,odds ratio,0.1246597637830561
H7,shooting_foul_playoff_interaction: L2:postseason,0.9765312463229989,0.8764146035893311,1.0880846475397075,0.6669653254756895,264883,1314,odds ratio,0.7336618580232586
H7,nonshooting_only_playoff_interaction: postseason,1.3515773673691647,1.257788182480951,1.4523601075511203,2.2017323365161008e-16,264883,1314,odds ratio,2.421905570167711e-15
H7,nonshooting_only_playoff_interaction: L2:postseason,0.939939454191628,0.8255819185320264,1.0701375087247418,0.3493709666766125,264883,1314,odds ratio,0.5337611990892691
H7,direction_playoff_interaction: same_defense_as_last_foul:postseason,0.9477061272682585,0.8723304678246002,1.0295947886602894,0.20400479034135555,214764,1314,odds ratio,0.3740087822924852
H7,close_game_playoff_sequence_interaction: L2:postseason:close,1.0688291977178608,0.9138445307228681,1.2500986934731115,0.40496689955647336,264883,1314,odds ratio,0.5711071660411804
H8,home_direction_interaction: home_offense,1.0286175911015163,1.0053283903527774,1.0524463039904868,0.01574518056173534,264883,1314,odds ratio,0.04557815425765493
H8,home_direction_interaction: L2:home_offense,0.9793397351811626,0.9349847746269458,1.0257988610428315,0.3773303815893173,264883,1314,odds ratio,0.5461360786161171
H8,home_in_close_games: home_offense,1.0264936444859178,0.9907868280006729,1.0634872935243205,0.14773780213703935,111974,1314,odds ratio,0.2801923833633505
H8,home_in_close_games: L2:home_offense,0.9965401104439803,0.9247079815596072,1.0739522222450777,0.9276499985725526,111974,1314,odds ratio,0.9463926186329
H9,bubble_same_season_regular_games: bubble,0.022384445924831214,-0.05066950783012779,0.09543839967979022,0.5481383271797202,1059,1059,coefficient,0.6878109771515915
H9,recorded_attendance_selected_close_game_archive: attendance_10k,-0.038110916246890274,-0.11961369693872281,0.04339186444494227,0.35941291032379574,2111,2111,coefficient,0.5342624342651018
H10,substitution_after_third_vs_second_early_foul: threshold,15.326928990235324,7.823265111042186,30.02771207895594,1.7885614493774288e-15,388,301,odds ratio,1.6395146619293097e-14
H10,rim-attempt share after minus before trouble,-0.0005668934240362846,-0.036863506048528075,0.035762196416484836,0.9753415221157866,245,169,share difference,0.9753415221157866
H10,opponent points per possession after minus before trouble,0.08244897959183674,-0.026551528000413667,0.18721387755102037,0.11510398906619032,245,169,points per possession,0.22609712138001672
H11,observational_keep_vs_bench: keep,-0.17885719867707692,-0.9735464614540904,0.6158320640999365,0.659125815307761,245,169,coefficient,0.7336618580232586
H12,shot_count_change next vs previous five offensive possessions,-0.017834760810528514,-0.030019759990896077,-0.0049819344415320726,0.0054726551554940975,38296,1230,difference,0.016722001864009742
H12,repeat_draw_change next vs previous five offensive possessions,0.0064236473783162735,0.005142338067114506,0.0078014933622958865,6.348706884480639e-22,38296,1230,difference,8.729471966160879e-21
H12,rim_share_change next vs previous five offensive possessions,0.008189954814042404,-0.001963443864842294,0.018012518810829947,0.10156377327911392,12604,1230,difference,0.20688916779078761
H12,three_share_change next vs previous five offensive possessions,0.006165843043024891,-0.004361210003076092,0.016621612977042153,0.24814901287979263,12604,1230,difference,0.4402643776899547
H13,2021-22 own points on take-foul possessions,1.1565527791942887,,,,1961,943,points,
H13,2022-23 own points on take-foul possessions,1.3687150837988826,,,,358,298,points,
H13,post/pre common take-label rate per possession,0.18031340086837463,0.15959838681327798,0.20371711257180583,1.2382239239485201e-166,2460,2460,rate ratio,6.810231581716861e-165
H13,segmented trend rule-date level ratio,0.25271513399940193,0.17753428186986475,0.35973299511330215,2.258039214465894e-14,2460,2460,rate ratio,1.7741736685089167e-13
H14,successful challenge versus matched no-challenge change,-0.0211372064276885,-0.03902771481246411,-0.004739665695658206,0.01668480160873174,809,638,foul probability difference,0.04588320442401229
H14,successful_vs_unsuccessful_challenges: success,0.02621485452289191,-0.004715228366471182,0.057144937412255,0.09667901723493953,1213,870,coefficient,0.20451330568929516
H15,same assigned crew year-to-year log-immediate correlation,0.08010345586616774,-0.06615814749429651,0.22403515151580486,0.2819379209220889,176,172,Spearman correlation,0.48458080158484035
H16,future_net5: L2,-0.03303032862638411,-0.04932955001444716,-0.01673110723832106,7.131309501415831e-05,242306,1230,coefficient,0.0003488419336077641
H16,future_fta5: L2,-0.0077291259306647795,-0.023372459740248416,0.007914207878918859,0.33285089466573525,242306,1230,coefficient,0.5337611990892691
H16,future_turnovers5: L2,0.009873703427524848,0.0012223721234552055,0.01852503473159449,0.025293329062024666,242306,1230,coefficient,0.06323332265506167
H16,future_rim5: L2,0.013539929814089122,0.0015716440111506157,0.025508215617027628,0.026599775467074545,242306,1230,coefficient,0.06360815872561304
H16,future_clock_seconds5: L2,-0.34916866765999177,-0.5221467902097147,-0.17619054511026888,7.611096733260307e-05,242306,1230,coefficient,0.0003488419336077641
H17,added foul features: held-out log loss change,6.292604251103733e-05,-0.0001603097833554495,0.00028966735760605286,0.5925814707920927,19680,1230,loss change; negative improves,0.6934464019907468
H17,added foul features: held-out Brier change,2.1004320589973318e-05,-7.277967861299477e-05,0.0001118937154274586,0.6536056809485394,19680,1230,loss change; negative improves,0.7336618580232586
H18,WMI versus foul_volume,0.0881666704506025,0.03305530798758635,0.14290419785546274,0.0019680655438221494,1230,1230,Spearman correlation,0.006765225306888639
H18,WMI versus abs_foul_difference,0.016199481694699966,-0.045507684023629986,0.07372610374877245,0.5703083839063459,1230,1230,Spearman correlation,0.6934464019907468
H18,WMI versus abs_fta_difference,0.048067331353248956,-0.006921956327430518,0.10332510721124247,0.09197959708496521,1230,1230,Spearman correlation,0.20235511358692349
H18,WMI versus foul_wp_movement,0.0170495807316726,-0.041331850368846054,0.0754668453410381,0.5502487817212732,1230,1230,Spearman correlation,0.6878109771515915
