game_id,year,postseason,date,home,away,home_score,away_score,period_splits,raw_events,possessions,crew,foul_drawn_ids
0042400101,2024,1,2025-04-20,CLE,MIA,121.0,100.0,3,496,177,Courtney Kirkland|David Guthrie|Eric Dalen,27
0042400102,2024,1,2025-04-23,CLE,MIA,121.0,112.0,2,489,190,Jacyn Goble|Pat Fraher|Tony Brothers,31
0042400103,2024,1,2025-04-26,MIA,CLE,87.0,124.0,3,489,184,Bill Kennedy|John Goble|Rodney Mott,32
0042400104,2024,1,2025-04-28,MIA,CLE,83.0,138.0,3,519,198,JB DeRosa|James Williams|Kevin Scott,28
0042400111,2024,1,2025-04-20,BOS,ORL,103.0,86.0,3,514,175,Jacyn Goble|Mitchell Ervin|Zach Zarba,28
0042400112,2024,1,2025-04-23,BOS,ORL,109.0,100.0,3,529,179,Brent Barnaky|Ed Malloy|James Williams,41
0042400113,2024,1,2025-04-25,ORL,BOS,95.0,93.0,3,544,182,Courtney Kirkland|David Guthrie|Tre Maddox,39
0042400114,2024,1,2025-04-27,ORL,BOS,98.0,107.0,3,516,189,Andy Nagy|Marc Davis|Tyler Ford,38
0042400115,2024,1,2025-04-29,BOS,ORL,120.0,89.0,3,514,188,Gediminas Petraitis|Mark Lindsay|Tony Brothers,37
0042400121,2024,1,2025-04-19,NYK,DET,123.0,112.0,3,558,201,Bill Kennedy|John Goble|Karl Lane,39
0042400122,2024,1,2025-04-21,NYK,DET,94.0,100.0,3,553,192,Curtis Blair|Josh Tiven|Ray Acosta,41
0042400123,2024,1,2025-04-24,DET,NYK,116.0,118.0,3,598,197,Nick Buchert|Sean Wright|Zach Zarba,48
0042400124,2024,1,2025-04-27,DET,NYK,93.0,94.0,3,539,192,Brian Forte|David Guthrie|Kevin Cutler,31
0042400125,2024,1,2025-04-29,NYK,DET,103.0,106.0,3,636,197,Jacyn Goble|Marc Davis|Tyler Ford,47
0042400126,2024,1,2025-05-01,DET,NYK,113.0,116.0,3,557,206,Ed Malloy|Mark Lindsay|Tony Brothers,42
0042400131,2024,1,2025-04-19,IND,MIL,117.0,98.0,2,547,196,Curtis Blair|Josh Tiven|Tre Maddox,39
0042400132,2024,1,2025-04-22,IND,MIL,123.0,115.0,3,512,197,Gediminas Petraitis|Sean Wright|Zach Zarba,35
0042400133,2024,1,2025-04-25,MIL,IND,117.0,101.0,2,545,198,Ed Malloy|Justin Van Duyne|Marc Davis,35
0042400134,2024,1,2025-04-27,MIL,IND,103.0,129.0,2,508,191,Karl Lane|Mark Lindsay|Tony Brothers,31
0042400135,2024,1,2025-04-29,IND,MIL,119.0,118.0,4,579,220,Brian Forte|Courtney Kirkland|David Guthrie,40
0042400141,2024,1,2025-04-20,OKC,MEM,131.0,80.0,3,572,220,JB DeRosa|Nick Buchert|Tony Brothers,27
0042400142,2024,1,2025-04-22,OKC,MEM,118.0,99.0,3,551,200,Brian Forte|John Butler|John Goble,28
0042400143,2024,1,2025-04-24,MEM,OKC,108.0,114.0,3,589,201,Josh Tiven|Kevin Cutler|Mitchell Ervin,43
0042400144,2024,1,2025-04-26,MEM,OKC,115.0,117.0,3,652,208,Brent Barnaky|James Capers|Pat Fraher,44
0042400151,2024,1,2025-04-20,HOU,GSW,85.0,95.0,3,551,179,Ben Taylor|Gediminas Petraitis|James Capers,31
0042400152,2024,1,2025-04-23,HOU,GSW,109.0,94.0,3,593,194,Courtney Kirkland|David Guthrie|Sean Corbin,32
0042400153,2024,1,2025-04-26,GSW,HOU,104.0,93.0,3,586,188,Curtis Blair|James Williams|Kevin Scott,38
0042400154,2024,1,2025-04-28,GSW,HOU,109.0,106.0,3,599,180,Bill Kennedy|John Goble|Pat Fraher,39
0042400155,2024,1,2025-04-30,HOU,GSW,131.0,116.0,3,614,201,Nick Buchert|Sean Wright|Zach Zarba,47
0042400156,2024,1,2025-05-02,GSW,HOU,107.0,115.0,3,618,198,JB DeRosa|James Capers|Mitchell Ervin,44
0042400157,2024,1,2025-05-04,HOU,GSW,89.0,103.0,3,496,181,James Williams|Kevin Scott|Tony Brothers,26
0042400161,2024,1,2025-04-19,LAL,MIN,95.0,117.0,3,522,179,Brian Forte|Marc Davis|Tyler Ford,29
0042400162,2024,1,2025-04-22,LAL,MIN,94.0,85.0,3,522,179,Ben Taylor|James Capers|Justin Van Duyne,37
0042400163,2024,1,2025-04-25,MIN,LAL,116.0,104.0,3,555,194,Gediminas Petraitis|Mark Lindsay|Tony Brothers,39
0042400164,2024,1,2025-04-27,MIN,LAL,116.0,113.0,3,526,186,Josh Tiven|Mitchell Ervin|Sean Corbin,41
0042400165,2024,1,2025-04-30,LAL,MIN,96.0,103.0,3,572,191,James Williams|John Goble|Ray Acosta,44
0042400171,2024,1,2025-04-19,DEN,LAC,112.0,110.0,4,581,206,James Williams|Kevin Scott|Mark Lindsay,39
0042400172,2024,1,2025-04-21,DEN,LAC,102.0,105.0,3,488,189,Ed Malloy|Marc Davis|Tyler Ford,28
0042400173,2024,1,2025-04-24,LAC,DEN,117.0,83.0,3,525,179,Ben Taylor|James Capers|Ray Acosta,34
0042400174,2024,1,2025-04-26,LAC,DEN,99.0,101.0,3,511,184,Nick Buchert|Sean Wright|Zach Zarba,35
0042400175,2024,1,2025-04-29,DEN,LAC,131.0,115.0,3,525,191,Josh Tiven|Karl Lane|Mitchell Ervin,39
0042400176,2024,1,2025-05-01,LAC,DEN,111.0,105.0,3,470,178,Curtis Blair|David Guthrie|Tyler Ford,28
0042400177,2024,1,2025-05-03,DEN,LAC,120.0,101.0,3,546,196,Ben Taylor|Courtney Kirkland|Marc Davis,38
0042400201,2024,1,2025-05-04,CLE,IND,112.0,121.0,3,551,201,Gediminas Petraitis|Sean Wright|Zach Zarba,32
0042400202,2024,1,2025-05-06,CLE,IND,119.0,120.0,3,639,205,David Guthrie|Nick Buchert|Tony Brothers,45
0042400203,2024,1,2025-05-09,IND,CLE,104.0,126.0,3,663,210,Bill Kennedy|Josh Tiven|Marc Davis,48
0042400204,2024,1,2025-05-11,IND,CLE,129.0,109.0,3,560,206,Curtis Blair|John Goble|Kevin Scott,47
0042400205,2024,1,2025-05-13,CLE,IND,105.0,114.0,3,619,203,Ben Taylor|James Capers|Mark Lindsay,46
0042400211,2024,1,2025-05-05,BOS,NYK,105.0,108.0,4,595,206,Ben Taylor|JB DeRosa|Marc Davis,38
0042400212,2024,1,2025-05-07,BOS,NYK,90.0,91.0,3,520,194,James Capers|Kevin Scott|Mark Lindsay,29
0042400213,2024,1,2025-05-10,NYK,BOS,93.0,115.0,3,529,182,Courtney Kirkland|Justin Van Duyne|Zach Zarba,39
0042400214,2024,1,2025-05-12,NYK,BOS,121.0,113.0,3,497,190,James Williams|Mitchell Ervin|Scott Foster,31
0042400215,2024,1,2025-05-14,BOS,NYK,127.0,102.0,3,553,184,Brian Forte|Josh Tiven|Tony Brothers,42
0042400216,2024,1,2025-05-16,NYK,BOS,119.0,81.0,3,526,191,Ed Malloy|James Capers|Tyler Ford,36
0042400221,2024,1,2025-05-05,OKC,DEN,119.0,121.0,3,651,212,John Goble|Josh Tiven|Karl Lane,44
0042400222,2024,1,2025-05-07,OKC,DEN,149.0,106.0,3,587,208,Ed Malloy|James Williams|Scott Foster,46
0042400223,2024,1,2025-05-09,DEN,OKC,113.0,104.0,4,616,212,Ben Taylor|James Capers|Ray Acosta,40
0042400224,2024,1,2025-05-11,DEN,OKC,87.0,92.0,3,628,198,Sean Wright|Tony Brothers|Tyler Ford,47
0042400225,2024,1,2025-05-13,OKC,DEN,112.0,105.0,3,541,196,Curtis Blair|David Guthrie|Zach Zarba,32
0042400226,2024,1,2025-05-15,DEN,OKC,119.0,107.0,3,598,209,Kevin Scott|Marc Davis|Mitchell Ervin,42
0042400227,2024,1,2025-05-18,OKC,DEN,125.0,93.0,3,593,202,James Williams|Josh Tiven|Scott Foster,37
0042400231,2024,1,2025-05-06,MIN,GSW,88.0,99.0,3,562,190,Bill Kennedy|Sean Corbin|Zach Zarba,35
0042400232,2024,1,2025-05-08,MIN,GSW,117.0,93.0,3,575,192,Brian Forte|Tony Brothers|Tyler Ford,37
0042400233,2024,1,2025-05-10,GSW,MIN,97.0,102.0,3,570,189,David Guthrie|Mitchell Ervin|Scott Foster,39
0042400234,2024,1,2025-05-12,GSW,MIN,110.0,117.0,3,585,204,Courtney Kirkland|Marc Davis|Pat Fraher,43
0042400235,2024,1,2025-05-14,MIN,GSW,121.0,110.0,3,538,203,James Williams|John Goble|Sean Wright,38
0042400301,2024,1,2025-05-21,NYK,IND,135.0,138.0,4,686,218,nan|nan|nan,44
0042400302,2024,1,2025-05-23,NYK,IND,109.0,114.0,3,530,183,nan|nan|nan,39
0042400303,2024,1,2025-05-25,IND,NYK,100.0,106.0,3,564,191,nan|nan|nan,46
0042400304,2024,1,2025-05-27,IND,NYK,130.0,121.0,3,592,209,nan|nan|nan,50
0042400305,2024,1,2025-05-29,NYK,IND,111.0,94.0,3,582,196,nan|nan|nan,40
0042400306,2024,1,2025-05-31,IND,NYK,125.0,108.0,3,576,197,nan|nan|nan,35
0042400311,2024,1,2025-05-20,OKC,MIN,114.0,88.0,3,590,196,nan|nan|nan,40
0042400312,2024,1,2025-05-22,OKC,MIN,118.0,103.0,3,554,193,nan|nan|nan,38
0042400313,2024,1,2025-05-24,MIN,OKC,143.0,101.0,3,536,205,nan|nan|nan,35
0042400314,2024,1,2025-05-26,MIN,OKC,126.0,128.0,3,610,195,nan|nan|nan,37
0042400315,2024,1,2025-05-28,OKC,MIN,124.0,94.0,3,568,213,nan|nan|nan,36
0042400401,2024,1,2025-06-05,OKC,IND,110.0,111.0,3,605,208,nan|nan|nan,34
0042400402,2024,1,2025-06-08,OKC,IND,123.0,107.0,3,615,196,nan|nan|nan,43
0042400403,2024,1,2025-06-11,IND,OKC,116.0,107.0,3,622,204,nan|nan|nan,41
0042400404,2024,1,2025-06-13,IND,OKC,104.0,111.0,3,629,198,nan|nan|nan,50
0042400405,2024,1,2025-06-16,OKC,IND,120.0,109.0,3,676,197,nan|nan|nan,45
0042400406,2024,1,2025-06-19,IND,OKC,108.0,91.0,2,598,203,nan|nan|nan,34
0042400407,2024,1,2025-06-22,OKC,IND,103.0,91.0,3,634,187,nan|nan|nan,45
