game_id,n0,f0,c0,n1,f1,c1,immediate,continuation,WMI
0022400001,176,20,3,25,5,2,1.7600000000000002,1.2173913043478262,2.142608695652174
0022400002,177,29,8,38,9,1,1.4455535390199636,0.8708708708708708,1.2588904694167853
0022400003,171,29,2,31,2,0,0.38042269187986655,0.935483870967742,0.3558792924037461
0022400004,171,24,3,30,6,3,1.4250000000000003,1.3333333333333333,1.9000000000000001
0022400005,174,21,3,25,4,1,1.3257142857142856,1.09375,1.4500000000000002
0022400006,165,24,2,26,2,0,0.5288461538461539,0.9230769230769231,0.48816568047337283
0022400007,173,29,7,36,7,0,1.159961685823755,0.8055555555555556,0.9344135802469136
0022400008,167,34,3,37,3,0,0.39825119236883944,0.918918918918919,0.36596055514974435
0022400009,178,21,4,25,4,0,1.3561904761904762,0.84,1.1392
0022400010,152,26,7,35,9,2,1.503296703296703,0.9629629629629631,1.4476190476190476
0022400011,180,25,1,26,1,0,0.27692307692307694,0.9615384615384615,0.26627218934911245
0022400012,191,24,7,34,10,3,2.340686274509804,1.0064516129032257,2.3557874762808346
0022400013,185,32,1,34,2,1,0.34007352941176466,1.4545454545454546,0.4946524064171123
0022400014,162,31,5,38,7,2,0.9626485568760611,1.107142857142857,1.0657894736842106
0022400015,168,25,3,28,3,0,0.72,0.8928571428571428,0.6428571428571429
0022400016,177,31,2,34,3,1,0.5037950664136622,1.2525252525252526,0.6310160427807486
0022400017,160,21,6,28,7,1,1.9047619047619047,0.888888888888889,1.6931216931216928
0022400018,157,31,5,38,7,2,0.9329371816638369,1.107142857142857,1.032894736842105
0022400019,184,33,5,39,6,1,0.8578088578088578,1.013157894736842,0.8690958164642375
0022400020,184,30,3,32,3,0,0.575,0.9090909090909091,0.5227272727272727
0022400021,164,24,5,29,5,0,1.17816091954023,0.8275862068965518,0.9750297265160525
0022400022,167,24,4,30,6,2,1.3916666666666668,1.1428571428571428,1.5904761904761906
0022400023,182,35,8,44,9,1,1.0636363636363637,0.9043927648578811,0.9619450317124736
0022400024,171,30,3,34,4,1,0.6705882352941177,1.1363636363636362,0.7620320855614974
0022400025,173,23,4,28,5,1,1.343167701863354,1.0222222222222224,1.3730158730158728
0022400026,163,33,3,37,4,1,0.5339885339885341,1.1458333333333335,0.6118618618618619
0022400027,157,25,4,29,4,0,0.8662068965517241,0.8620689655172414,0.746730083234245
0022400028,169,31,7,39,8,1,1.118279569892473,0.9177631578947368,1.0263157894736843
0022400029,181,26,6,33,7,1,1.4766899766899768,0.9285714285714285,1.3712121212121213
0022400030,187,27,4,31,4,0,0.8936678614097969,0.8709677419354839,0.7783558792924038
0022400031,171,30,4,35,5,1,0.8142857142857143,1.0588235294117647,0.8621848739495799
0022400032,164,33,5,38,5,0,0.6539074960127591,0.8684210526315789,0.5678670360110802
0022400033,166,28,5,37,9,4,1.4420849420849422,1.2255892255892256,1.7674037674037675
0022400034,171,25,5,30,5,0,1.14,0.8333333333333334,0.95
0022400035,179,36,2,38,2,0,0.26169590643274854,0.9473684210526315,0.24792243767313019
0022400036,151,23,6,29,6,0,1.3583208395802098,0.793103448275862,1.0772889417360285
0022400037,184,28,4,32,4,0,0.8214285714285714,0.875,0.71875
0022400038,168,29,5,34,5,0,0.8519269776876268,0.8529411764705881,0.726643598615917
0022400039,179,23,4,27,4,0,1.1529790660225443,0.851851851851852,0.9821673525377228
0022400040,159,22,4,29,7,3,1.7445141065830723,1.2087912087912087,2.1087533156498677
0022400041,172,28,5,36,8,3,1.365079365079365,1.1666666666666667,1.5925925925925926
0022400042,174,29,5,35,6,1,1.0285714285714287,0.9950980392156862,1.0235294117647058
0022400043,168,27,2,31,4,2,0.8028673835125447,1.3965517241379313,1.1212458286985538
0022400044,162,24,2,27,3,1,0.75,1.2307692307692308,0.9230769230769231
0022400045,177,25,4,29,4,0,0.976551724137931,0.8620689655172414,0.8418549346016647
0022400046,163,21,6,30,9,3,2.3285714285714283,1.037037037037037,2.414814814814815
0022400047,182,23,6,29,6,0,1.6371814092953523,0.793103448275862,1.2984542211652794
0022400048,158,26,3,29,3,0,0.6286472148541115,0.896551724137931,0.5636147443519619
0022400049,166,25,5,31,6,1,1.2851612903225804,0.9722222222222223,1.249462365591398
0022400050,154,28,6,35,7,1,1.1,0.9411764705882353,1.035294117647059
0022400051,172,30,3,37,7,4,1.0846846846846847,1.4285714285714284,1.5495495495495495
0022400052,171,28,6,34,6,0,1.077731092436975,0.823529411764706,0.8875432525951558
0022400053,169,30,7,37,7,0,1.065765765765766,0.8108108108108107,0.8641344046749452
0022400054,176,32,7,40,8,1,1.1,0.9230769230769231,1.0153846153846153
0022400055,163,26,5,32,6,1,1.1754807692307692,0.9784946236559141,1.1502016129032258
0022400056,176,35,3,40,5,2,0.6285714285714286,1.2894736842105263,0.8105263157894737
0022400057,170,27,3,30,3,0,0.6296296296296297,0.8999999999999999,0.5666666666666667
0022400058,180,32,3,36,4,1,0.6249999999999999,1.1428571428571428,0.7142857142857143
0022400059,158,31,3,33,3,0,0.46334310850439886,0.911764705882353,0.4224598930481283
0022400060,161,24,3,27,3,0,0.7453703703703703,0.8888888888888888,0.662551440329218
0022400061,159,23,2,25,2,0,0.5530434782608696,0.92,0.5088
0022400062,154,31,5,37,6,1,0.8055797733217088,1.0046296296296295,0.8093093093093093
0022400063,166,28,5,37,9,4,1.4420849420849422,1.2255892255892256,1.7674037674037675
0022400064,163,37,9,47,10,1,0.9373202990224268,0.8847826086956523,0.8293246993524515
0022400065,162,29,5,37,8,3,1.207828518173346,1.1727941176470587,1.4165341812400638
0022400066,160,34,7,43,9,2,0.984952120383037,1.0135501355013552,0.9982983550765742
0022400067,165,34,6,40,6,0,0.7279411764705882,0.85,0.6187499999999999
0022400068,157,30,5,37,7,2,0.9900900900900901,1.1020408163265305,1.0911196911196912
0022400069,187,26,4,30,4,0,0.958974358974359,0.8666666666666667,0.8311111111111111
0022400070,158,38,12,52,14,2,1.1194331983805668,0.8685714285714284,0.9723076923076923
0022400071,186,30,12,44,14,2,1.9727272727272727,0.8163265306122449,1.6103896103896105
0022400072,178,35,6,41,6,0,0.7442508710801393,0.8536585365853658,0.6353361094586555
0022400073,175,29,4,33,4,0,0.7314524555903867,0.8787878787878788,0.642791551882461
0022400074,176,25,8,36,11,3,2.151111111111111,0.9641873278236914,2.074074074074074
0022400075,176,26,0,26,0,0,0.0,,0.0
0022400076,170,32,4,36,4,0,0.5902777777777778,0.8888888888888888,0.5246913580246914
0022400077,156,38,4,43,5,1,0.4773561811505508,1.0857142857142859,0.5182724252491695
0022400078,145,41,15,60,19,4,1.1199186991869918,0.8862781954887219,0.9925595238095238
0022400079,162,37,8,47,10,2,0.9315698677400805,0.9866666666666666,0.9191489361702126
0022400080,168,26,3,32,6,3,1.2115384615384615,1.3448275862068966,1.6293103448275863
0022400081,161,28,6,36,8,2,1.2777777777777777,1.0294117647058825,1.315359477124183
0022400082,168,43,6,50,7,1,0.5469767441860466,1.0029154518950436,0.5485714285714286
0022400083,188,27,2,29,2,0,0.4802043422733077,0.9310344827586208,0.44708680142687274
0022400084,177,29,2,31,2,0,0.39377085650723026,0.935483870967742,0.368366285119667
0022400085,166,32,4,39,7,3,0.9310897435897435,1.2698412698412698,1.1823361823361822
0022400086,169,25,8,35,10,2,1.9314285714285713,0.9090909090909091,1.755844155844156
0022400087,158,29,6,36,7,1,1.0593869731800767,0.946938775510204,1.0031746031746032
0022400088,163,34,2,36,2,0,0.26633986928104575,0.9444444444444444,0.2515432098765432
0022400089,164,27,4,33,6,2,1.1043771043771045,1.161290322580645,1.2825024437927663
0022400090,166,34,9,47,13,4,1.3504380475594495,1.0339892665474062,1.396338446313706
0022400091,197,29,5,35,6,1,1.1645320197044335,0.9950980392156862,1.1588235294117648
0022400092,173,37,2,39,2,0,0.23977823977823975,0.9487179487179488,0.2274819197896121
0022400093,170,25,6,31,6,0,1.3161290322580645,0.8064516129032259,1.0613943808532778
0022400094,154,32,7,39,7,0,0.8637820512820512,0.8205128205128205,0.7087442472057858
0022400095,159,29,7,38,9,2,1.2985480943738656,0.9845679012345679,1.2785087719298245
0022400096,180,27,5,34,7,2,1.3725490196078431,1.0848214285714286,1.4889705882352942
0022400097,177,31,3,40,9,6,1.2846774193548387,1.5196078431372548,1.9522058823529411
0022400098,162,31,6,37,6,0,0.847428073234525,0.8378378378378378,0.7100073046018993
0022400099,158,30,5,38,8,3,1.1087719298245613,1.1785714285714286,1.3067669172932332
0022400100,168,33,4,37,4,0,0.5503685503685504,0.891891891891892,0.4908692476260044
0022400101,172,30,6,36,6,0,0.9555555555555555,0.8333333333333334,0.7962962962962962
0022400102,157,31,10,46,15,5,1.6514726507713884,1.008130081300813,1.664899257688229
0022400103,172,33,7,41,8,1,1.0169992609017,0.928125,0.9439024390243903
0022400104,172,29,4,33,4,0,0.7189132706374086,0.8787878787878788,0.6317722681359045
0022400105,167,26,2,28,2,0,0.45879120879120877,0.9285714285714286,0.4260204081632653
0022400106,165,30,2,32,2,0,0.34375,0.9375,0.322265625
0022400107,190,32,6,39,7,1,1.0657051282051282,0.9624060150375939,1.0256410256410255
0022400108,181,25,5,30,5,0,1.2066666666666666,0.8333333333333334,1.0055555555555555
0022400109,152,29,5,37,8,3,1.1332712022367195,1.1727941176470587,1.3290937996820351
0022400110,168,24,8,34,10,2,2.058823529411765,0.9,1.8529411764705885
0022400111,160,28,6,35,7,1,1.142857142857143,0.9411764705882353,1.0756302521008403
0022400112,158,33,7,42,9,2,1.025974025974026,1.0083333333333333,1.0345238095238094
0022400113,163,40,7,49,9,2,0.7484693877551021,1.0401891252955082,0.7785497177594441
0022400114,160,29,6,36,7,1,1.0727969348659003,0.946938775510204,1.0158730158730158
0022400115,167,21,5,29,8,3,2.19376026272578,1.1105769230769231,2.436339522546419
0022400116,167,25,3,28,3,0,0.7157142857142857,0.8928571428571428,0.639030612244898
0022400117,169,30,8,39,9,1,1.3,0.8771929824561404,1.1403508771929822
0022400118,183,27,3,30,3,0,0.6777777777777778,0.8999999999999999,0.6100000000000001
0022400119,203,33,5,38,5,0,0.8094098883572568,0.8684210526315789,0.7029085872576177
0022400120,150,28,6,35,7,1,1.0714285714285714,0.9411764705882353,1.0084033613445378
0022400121,181,29,4,34,5,1,0.9178498985801217,1.0545454545454545,0.9679144385026738
0022400122,163,25,4,29,4,0,0.8993103448275862,0.8620689655172414,0.7752675386444708
0022400123,172,27,4,32,5,1,0.9953703703703703,1.0451612903225806,1.0403225806451613
0022400124,167,29,6,35,6,0,0.9871921182266009,0.8285714285714286,0.8179591836734694
0022400125,184,16,1,17,1,0,0.6764705882352942,0.9411764705882353,0.6366782006920415
0022400126,157,28,2,31,3,1,0.5426267281105991,1.2444444444444445,0.675268817204301
0022400127,160,29,3,31,3,0,0.5339265850945495,0.90625,0.48387096774193544
0022400128,165,33,7,42,9,2,1.0714285714285714,1.0083333333333333,1.0803571428571428
0022400129,151,31,7,38,7,0,0.8972835314091681,0.8157894736842105,0.731994459833795
0022400130,170,27,5,33,6,1,1.144781144781145,0.9843750000000001,1.1268939393939394
0022400131,164,31,6,38,7,1,0.9745331069609507,0.9575289575289574,0.9331436699857751
0022400132,166,27,4,32,5,1,0.9606481481481481,1.0451612903225806,1.0040322580645162
0022400133,171,29,6,35,6,0,1.0108374384236454,0.8285714285714286,0.8375510204081633
0022400134,176,19,4,23,4,0,1.6109839816933638,0.8260869565217391,1.330812854442344
0022400135,174,27,8,37,10,2,1.7417417417417418,0.9257142857142857,1.6123552123552125
0022400136,177,23,5,29,6,1,1.5922038980509745,0.9583333333333334,1.5258620689655171
0022400137,167,29,8,39,10,2,1.4765694076038902,0.9405405405405405,1.3887733887733889
0022400138,173,23,2,26,4,2,1.1571906354515051,1.3800000000000001,1.596923076923077
0022400139,171,27,5,32,5,0,0.9895833333333334,0.84375,0.8349609375
0022400140,165,31,7,38,7,0,0.9804753820033956,0.8157894736842105,0.7998614958448753
0022400141,165,25,6,31,6,0,1.2774193548387096,0.8064516129032259,1.0301768990634756
0022400142,170,30,3,33,3,0,0.5151515151515151,0.9090909090909091,0.46831955922865015
0022400143,193,34,5,41,7,2,0.9691535150645626,1.120879120879121,1.0863039399624765
0022400144,165,40,7,50,10,3,0.8250000000000001,1.1063829787234043,0.9127659574468086
0022400145,168,23,3,26,3,0,0.842809364548495,0.8846153846153847,0.7455621301775148
0022400146,165,22,4,27,5,1,1.3888888888888888,1.0153846153846153,1.4102564102564104
0022400147,170,29,5,36,7,2,1.1398467432950192,1.0966386554621848,1.25
0022400148,174,32,7,39,7,0,0.9759615384615384,0.8205128205128205,0.8007889546351085
0022400149,182,21,5,26,5,0,1.6666666666666667,0.8076923076923077,1.3461538461538463
0022400150,167,29,3,35,6,3,0.9871921182266009,1.359375,1.3419642857142855
0022400151,147,28,9,42,14,5,1.75,1.0270270270270272,1.7972972972972974
0022400152,171,24,2,26,2,0,0.5480769230769231,0.9230769230769231,0.5059171597633136
0022400153,162,29,9,40,11,2,1.5362068965517244,0.9019138755980862,1.3855263157894737
0022400154,177,23,4,27,4,0,1.1400966183574879,0.851851851851852,0.97119341563786
0022400155,173,31,4,36,5,1,0.775089605734767,1.062857142857143,0.8238095238095238
0022400156,163,29,4,35,6,2,0.9635467980295567,1.1717171717171715,1.129004329004329
0022400157,189,24,1,25,1,0,0.315,0.96,0.3024
0022400158,157,27,4,31,4,0,0.7502986857825568,0.8709677419354839,0.6534859521331945
0022400159,152,31,3,34,3,0,0.4326375711574953,0.911764705882353,0.39446366782006925
0022400160,170,28,8,38,10,2,1.5977443609022555,0.9333333333333333,1.4912280701754386
0022400161,153,26,6,32,6,0,1.1033653846153846,0.8125,0.896484375
0022400162,162,32,3,37,5,2,0.6841216216216217,1.28,0.8756756756756757
0022400163,171,31,2,33,2,0,0.33431085043988273,0.9393939393939394,0.3140495867768595
0022400164,159,24,4,28,4,0,0.9464285714285714,0.8571428571428571,0.8112244897959183
0022400165,182,26,4,30,4,0,0.9333333333333333,0.8666666666666667,0.8088888888888889
0022400166,166,30,10,41,12,2,1.619512195121951,0.8750000000000001,1.4170731707317075
0022400167,173,26,3,30,4,1,0.8871794871794871,1.1206896551724137,0.9942528735632183
0022400168,151,26,6,34,8,2,1.3665158371040724,1.015625,1.3878676470588236
0022400169,177,26,2,28,2,0,0.4862637362637362,0.9285714285714286,0.4515306122448979
0022400170,155,32,5,38,6,1,0.7648026315789473,1.0090090090090091,0.7716927453769559
0022400171,172,23,6,29,6,0,1.5472263868065967,0.793103448275862,1.2271105826397146
0022400172,159,28,5,35,7,2,1.135714285714286,1.0909090909090908,1.2389610389610388
0022400173,183,21,3,24,3,0,1.0892857142857142,0.875,0.953125
0022400174,177,23,6,31,8,2,1.9859747545582047,0.9913793103448275,1.9688542825361512
0022400175,168,26,4,32,6,2,1.2115384615384615,1.1555555555555557,1.4
0022400176,185,27,4,31,4,0,0.8841099163679809,0.8709677419354839,0.7700312174817897
0022400177,174,41,4,45,4,0,0.3772357723577236,0.9111111111111111,0.3437037037037037
0022400178,172,24,2,27,3,1,0.7962962962962963,1.2307692307692308,0.98005698005698
0022400179,149,27,4,34,7,3,1.136165577342048,1.2442396313364055,1.413662239089184
0022400180,158,27,4,31,4,0,0.7550776583034647,0.8709677419354839,0.6576482830385015
0022400181,167,25,4,29,4,0,0.9213793103448277,0.8620689655172414,0.7942925089179548
0022400182,162,29,5,34,5,0,0.8215010141987831,0.8529411764705881,0.7006920415224914
0022400183,166,22,5,27,5,0,1.397306397306397,0.8148148148148148,1.1385459533607682
0022400184,163,24,2,26,2,0,0.5224358974358975,0.9230769230769231,0.4822485207100592
0022400185,180,32,2,34,2,0,0.33088235294117646,0.9411764705882353,0.31141868512110726
0022400186,166,22,6,29,7,1,1.8213166144200625,0.8979591836734694,1.6354679802955665
0022400187,171,27,6,34,7,1,1.303921568627451,0.9350649350649349,1.2192513368983957
0022400188,186,29,3,32,3,0,0.6012931034482759,0.90625,0.544921875
0022400189,159,30,1,31,1,0,0.17096774193548386,0.9677419354838709,0.16545265348595212
0022400190,155,25,5,31,6,1,1.2,0.9722222222222223,1.1666666666666667
0022400191,175,33,6,39,6,0,0.8158508158508159,0.8461538461538461,0.6903353057199211
0022400192,173,27,6,35,8,2,1.4645502645502644,1.0227272727272727,1.4978354978354977
0022400193,179,27,2,30,3,1,0.662962962962963,1.2413793103448276,0.8229885057471265
0022400194,180,25,3,28,3,0,0.7714285714285714,0.8928571428571428,0.6887755102040816
0022400195,168,26,2,28,2,0,0.4615384615384615,0.9285714285714286,0.42857142857142855
0022400196,165,27,4,33,6,2,1.1111111111111112,1.161290322580645,1.2903225806451615
0022400197,172,34,5,39,5,0,0.6485671191553545,0.8717948717948718,0.5654174884944115
0022400198,179,29,3,33,4,1,0.7481713688610241,1.1328125,0.8475378787878788
0022400199,159,26,1,28,2,1,0.4368131868131868,1.4444444444444444,0.6309523809523809
0022400200,160,31,4,36,5,1,0.7168458781362007,1.062857142857143,0.7619047619047619
0022400201,159,24,8,33,10,2,2.007575757575758,0.9,1.8068181818181819
0022400202,165,26,6,32,6,0,1.1899038461538463,0.8125,0.966796875
0022400203,162,26,7,38,12,5,1.9676113360323886,1.1161616161616164,2.196172248803828
0022400204,153,31,5,37,6,1,0.8003487358326068,1.0046296296296295,0.8040540540540541
0022400205,179,27,6,38,11,5,1.9191033138401559,1.1900826446280992,2.283891547049442
0022400206,169,26,4,30,4,0,0.8666666666666666,0.8666666666666667,0.7511111111111112
0022400207,162,30,6,37,7,1,1.0216216216216218,0.9523809523809523,0.972972972972973
0022400208,170,27,3,30,3,0,0.6296296296296297,0.8999999999999999,0.5666666666666667
0022400209,194,29,5,35,6,1,1.1467980295566502,0.9950980392156862,1.1411764705882355
0022400210,190,30,2,32,2,0,0.39583333333333337,0.9375,0.37109375
0022400211,150,33,3,36,3,0,0.3787878787878788,0.9166666666666667,0.3472222222222222
0022400212,179,23,4,29,6,2,1.6101949025487257,1.1358024691358026,1.8288633461047252
0022400213,175,26,4,31,5,1,1.08560794044665,1.04,1.129032258064516
0022400214,163,24,2,27,3,1,0.7546296296296295,1.2307692307692308,0.9287749287749287
0022400215,167,28,7,39,11,4,1.6822344322344323,1.090909090909091,1.8351648351648353
0022400216,174,19,1,20,1,0,0.45789473684210524,0.9500000000000001,0.43500000000000005
0022400217,163,27,3,32,5,2,0.9432870370370371,1.2599999999999998,1.1885416666666666
0022400218,163,32,2,34,2,0,0.29963235294117646,0.9411764705882353,0.2820069204152249
0022400219,178,27,2,30,3,1,0.6592592592592592,1.2413793103448276,0.8183908045977011
0022400220,171,19,5,25,6,1,2.16,0.9236111111111113,1.9950000000000003
0022400221,163,22,2,25,3,1,0.889090909090909,1.2222222222222223,1.0866666666666667
0022400222,170,25,5,30,5,0,1.1333333333333333,0.8333333333333334,0.9444444444444443
0022400223,188,29,1,30,1,0,0.2160919540229885,0.9666666666666666,0.20888888888888887
0022400224,182,28,5,34,6,1,1.1470588235294117,0.98989898989899,1.1354723707664884
0022400225,169,37,6,44,7,1,0.7266584766584766,0.9833887043189368,0.7145877378435518
0022400226,171,27,6,34,7,1,1.303921568627451,0.9350649350649349,1.2192513368983957
0022400227,168,24,3,28,4,1,1.0,1.1111111111111112,1.1111111111111112
0022400228,162,28,4,32,4,0,0.7232142857142858,0.875,0.6328125
0022400229,164,26,5,31,5,0,1.0173697270471465,0.8387096774193549,0.8532778355879292
0022400230,166,27,3,33,6,3,1.1178451178451179,1.3499999999999999,1.509090909090909
0022400231,155,23,3,27,4,1,0.998389694041868,1.1057692307692308,1.1039886039886038
0022400232,168,28,6,34,6,0,1.058823529411765,0.823529411764706,0.8719723183391004
0022400233,153,35,4,41,6,2,0.6397212543554007,1.1965811965811965,0.7654784240150094
0022400234,166,26,4,30,4,0,0.8512820512820513,0.8666666666666667,0.7377777777777778
0022400235,161,21,3,26,5,2,1.4743589743589745,1.225,1.8060897435897434
0022400236,168,31,3,34,3,0,0.47817836812144215,0.911764705882353,0.4359861591695502
0022400237,175,28,2,30,2,0,0.41666666666666663,0.9333333333333333,0.3888888888888889
0022400238,171,20,3,25,5,2,1.7100000000000002,1.2173913043478262,2.0817391304347828
0022400239,172,27,6,34,7,1,1.3115468409586055,0.9350649350649349,1.2263814616755793
0022400240,141,28,6,36,8,2,1.1190476190476188,1.0294117647058825,1.1519607843137256
0022400241,190,28,8,37,9,1,1.6505791505791507,0.8641975308641977,1.4264264264264264
0022400242,155,38,6,44,7,1,0.6489234449760766,0.9870129870129869,0.640495867768595
0022400243,172,18,3,21,3,0,1.365079365079365,0.8571428571428571,1.1700680272108843
0022400244,163,27,4,32,5,1,0.9432870370370371,1.0451612903225806,0.9858870967741935
0022400245,178,27,0,27,0,0,0.0,,0.0
0022400246,164,24,2,27,3,1,0.7592592592592593,1.2307692307692308,0.9344729344729344
0022400247,175,29,8,37,8,0,1.3047530288909601,0.7837837837837838,1.0226442658875092
0022400248,174,25,1,25,1,0,0.27840000000000004,0.9615384615384615,0.2676923076923077
0022400249,145,29,5,36,7,2,0.9722222222222222,1.0966386554621848,1.0661764705882353
0022400250,169,27,2,30,3,1,0.6259259259259259,1.2413793103448276,0.7770114942528736
0022400251,183,23,1,24,1,0,0.33152173913043476,0.9583333333333334,0.3177083333333333
0022400252,164,23,2,26,3,1,0.822742474916388,1.2266666666666666,1.0092307692307694
0022400253,162,27,5,32,5,0,0.9375,0.84375,0.791015625
0022400254,188,33,6,40,7,1,0.9969696969696968,0.9670329670329669,0.9641025641025642
0022400255,168,29,2,32,3,1,0.5431034482758621,1.2473118279569892,0.6774193548387096
0022400256,165,29,4,33,4,0,0.6896551724137931,0.8787878787878788,0.6060606060606061
0022400257,178,24,4,28,4,0,1.0595238095238095,0.8571428571428571,0.9081632653061225
0022400258,195,26,3,30,4,1,1.0,1.1206896551724137,1.1206896551724137
0022400259,159,29,4,33,4,0,0.664576802507837,0.8787878787878788,0.5840220385674931
0022400260,172,31,8,40,9,1,1.2483870967741937,0.8831908831908832,1.1025641025641026
0022400261,154,32,11,45,13,2,1.3902777777777775,0.8586762075134168,1.193798449612403
0022400262,174,33,9,44,11,2,1.3181818181818183,0.9285714285714286,1.224025974025974
0022400263,161,28,7,36,8,1,1.2777777777777777,0.9,1.1500000000000001
0022400264,177,29,2,31,2,0,0.39377085650723026,0.935483870967742,0.368366285119667
0022400265,150,28,5,35,7,2,1.0714285714285714,1.0909090909090908,1.1688311688311688
0022400266,177,24,6,30,6,0,1.475,0.8,1.1800000000000002
0022400267,161,31,6,38,7,1,0.9567062818336163,0.9575289575289574,0.9160739687055477
0022400268,177,24,7,33,10,3,2.234848484848485,1.0064516129032257,2.2492668621700878
0022400269,151,25,8,34,9,1,1.5988235294117645,0.8417508417508417,1.3458110516934045
0022400270,177,23,4,29,6,2,1.5922038980509745,1.1358024691358026,1.8084291187739463
0022400271,149,24,8,33,9,1,1.6931818181818181,0.8333333333333334,1.4109848484848486
0022400272,169,31,3,34,3,0,0.48102466793168885,0.911764705882353,0.43858131487889274
0022400273,187,33,6,39,6,0,0.8717948717948718,0.8461538461538461,0.73767258382643
0022400274,162,27,6,34,7,1,1.2352941176470589,0.9350649350649349,1.1550802139037433
0022400275,170,34,3,37,3,0,0.40540540540540543,0.918918918918919,0.3725346968590212
0022400276,156,31,5,36,5,0,0.6989247311827957,0.861111111111111,0.6018518518518519
0022400277,156,24,8,33,9,1,1.7727272727272725,0.8333333333333334,1.4772727272727273
0022400278,149,31,7,38,7,0,0.8853989813242784,0.8157894736842105,0.7222991689750692
0022400279,184,23,2,25,2,0,0.64,0.92,0.5888
0022400280,200,22,3,25,3,0,1.0909090909090908,0.8800000000000001,0.96
0022400281,176,19,4,23,4,0,1.6109839816933638,0.8260869565217391,1.330812854442344
0022400282,174,28,6,37,9,3,1.5115830115830118,1.0980392156862746,1.6597774244833068
0022400283,169,26,5,33,7,2,1.3787878787878787,1.0783410138248848,1.4868035190615836
0022400284,164,32,2,36,4,2,0.5694444444444444,1.411764705882353,0.803921568627451
0022400285,165,30,2,32,2,0,0.34375,0.9375,0.322265625
0022400286,161,21,3,26,5,2,1.4743589743589745,1.225,1.8060897435897434
0022400287,175,35,3,38,3,0,0.3947368421052631,0.9210526315789475,0.36357340720221604
0022400288,158,28,3,31,3,0,0.5460829493087558,0.9032258064516129,0.4932362122788762
0022400289,174,30,7,37,7,0,1.0972972972972972,0.8108108108108107,0.889700511322133
0022400290,186,32,5,40,8,3,1.1624999999999999,1.1891891891891893,1.3824324324324326
0022400291,172,26,6,33,7,1,1.4032634032634035,0.9285714285714285,1.303030303030303
0022400292,159,33,4,37,4,0,0.5208845208845209,0.891891891891892,0.464572680788897
0022400293,180,28,5,34,6,1,1.134453781512605,0.98989898989899,1.1229946524064172
0022400294,169,27,4,31,4,0,0.8076463560334527,0.8709677419354839,0.7034339229968782
0022400295,175,25,3,29,4,1,0.9655172413793104,1.1160714285714284,1.0775862068965518
0022400296,168,23,1,26,3,2,0.842809364548495,1.597222222222222,1.3461538461538463
0022400297,166,34,7,42,8,1,0.9299719887955182,0.9329268292682927,0.867595818815331
0022400298,164,25,3,28,3,0,0.7028571428571428,0.8928571428571428,0.6275510204081631
0022400299,168,30,5,35,5,0,0.7999999999999999,0.8571428571428571,0.6857142857142856
0022400300,165,30,3,34,4,1,0.6470588235294117,1.1363636363636362,0.7352941176470588
0022400301,163,26,5,34,8,3,1.4751131221719458,1.153225806451613,1.7011385199240987
0022400302,170,31,7,38,7,0,1.0101867572156198,0.8157894736842105,0.8240997229916897
0022400303,176,21,3,24,3,0,1.0476190476190477,0.875,0.9166666666666667
0022400304,170,22,5,27,5,0,1.4309764309764308,0.8148148148148148,1.1659807956104253
0022400305,154,34,8,44,10,2,1.0294117647058825,0.9714285714285713,1.0
0022400306,182,32,4,37,5,1,0.768581081081081,1.0666666666666667,0.8198198198198199
0022400307,172,21,8,35,14,6,3.2761904761904765,1.0344827586206897,3.3891625615763545
0022400308,170,30,1,31,1,0,0.18279569892473116,0.9677419354838709,0.17689906347554632
0022400309,170,29,4,33,4,0,0.7105538140020898,0.8787878787878788,0.6244260789715336
0022400310,160,31,9,42,11,2,1.3517665130568357,0.915909090909091,1.2380952380952381
0022400311,151,29,5,35,6,1,0.8926108374384236,0.9950980392156862,0.888235294117647
0022400312,171,26,7,34,8,1,1.5475113122171946,0.8863636363636365,1.3716577540106953
0022400313,169,29,4,33,4,0,0.7063740856844306,0.8787878787878788,0.620752984389348
0022400314,176,24,5,31,7,2,1.6559139784946237,1.064039408866995,1.7619577308120136
0022400315,184,27,3,30,3,0,0.6814814814814815,0.8999999999999999,0.6133333333333334
0022400316,170,22,4,26,4,0,1.1888111888111887,0.8461538461538461,1.0059171597633136
0022400317,179,26,2,28,2,0,0.4917582417582417,0.9285714285714286,0.45663265306122447
0022400318,169,22,5,27,5,0,1.4225589225589226,0.8148148148148148,1.1591220850480108
0022400319,174,27,5,32,5,0,1.0069444444444444,0.84375,0.849609375
0022400320,161,27,5,32,5,0,0.9317129629629629,0.84375,0.7861328125
0022400321,172,21,0,21,0,0,0.0,,0.0
0022400322,146,29,4,33,4,0,0.6102403343782654,0.8787878787878788,0.5362718089990818
0022400323,166,37,4,43,6,2,0.6260213702074168,1.203252032520325,0.7532614861032332
0022400324,177,22,3,25,3,0,0.9654545454545453,0.8800000000000001,0.8495999999999999
0022400325,192,24,4,30,6,2,1.6,1.1428571428571428,1.8285714285714285
0022400326,177,26,6,33,7,1,1.444055944055944,0.9285714285714285,1.340909090909091
0022400327,156,28,3,31,3,0,0.5391705069124424,0.9032258064516129,0.48699271592091575
0022400328,182,28,1,29,1,0,0.22413793103448273,0.9655172413793103,0.21640903686087992
0022400329,175,36,3,40,4,1,0.48611111111111116,1.153846153846154,0.5608974358974359
0022400330,172,29,7,37,8,1,1.282385834109972,0.90625,1.162162162162162
0022400331,170,35,6,42,7,1,0.8095238095238095,0.9756097560975608,0.7897793263646922
0022400332,160,30,5,35,5,0,0.7619047619047619,0.8571428571428571,0.6530612244897959
0022400333,155,25,11,37,12,1,2.010810810810811,0.7523148148148148,1.5127627627627627
0022400334,193,28,7,37,9,2,1.6766409266409268,0.9777777777777779,1.6393822393822395
0022400335,161,25,4,29,4,0,0.8882758620689656,0.8620689655172414,0.7657550535077289
0022400336,189,19,2,22,3,1,1.3564593301435406,1.2063492063492065,1.6363636363636365
0022400337,171,33,4,37,4,0,0.5601965601965603,0.891891891891892,0.49963476990504024
0022400338,178,20,2,22,2,0,0.8090909090909091,0.9090909090909091,0.7355371900826446
0022400339,175,29,5,35,6,1,1.0344827586206897,0.9950980392156862,1.0294117647058825
0022400340,146,31,7,39,8,1,0.9660876757650951,0.9177631578947368,0.8866396761133605
0022400341,169,32,5,41,9,4,1.159298780487805,1.2492492492492493,1.4482531311799605
0022400342,167,31,5,36,5,0,0.7482078853046595,0.861111111111111,0.6442901234567902
0022400343,175,28,0,28,0,0,0.0,,0.0
0022400344,178,28,5,35,7,2,1.2714285714285716,1.0909090909090908,1.3870129870129868
0022400345,180,32,5,38,6,1,0.888157894736842,1.0090090090090091,0.8961593172119487
0022400346,156,29,5,35,6,1,0.922167487684729,0.9950980392156862,0.9176470588235295
0022400347,181,25,2,27,2,0,0.5362962962962963,0.9259259259259258,0.4965706447187928
0022400348,149,28,5,35,7,2,1.0642857142857143,1.0909090909090908,1.1610389610389609
0022400349,174,25,4,30,5,1,1.16,1.0344827586206897,1.2000000000000002
0022400350,177,34,5,40,6,1,0.7808823529411764,1.0170940170940173,0.7942307692307692
0022400351,167,24,6,30,6,0,1.3916666666666668,0.8,1.1133333333333333
0022400352,164,31,5,36,5,0,0.7347670250896058,0.861111111111111,0.6327160493827161
0022400353,180,34,5,40,6,1,0.7941176470588235,1.0170940170940173,0.8076923076923076
0022400354,170,32,4,36,4,0,0.5902777777777778,0.8888888888888888,0.5246913580246914
0022400355,160,23,7,34,11,4,2.2506393861892584,1.0454545454545456,2.3529411764705883
0022400356,156,27,5,35,8,3,1.3206349206349206,1.16015625,1.5321428571428573
0022400357,171,24,4,30,6,2,1.4250000000000003,1.1428571428571428,1.6285714285714286
0022400358,164,27,5,32,5,0,0.9490740740740741,0.84375,0.80078125
0022400359,172,20,4,25,5,1,1.7200000000000002,1.0,1.72
0022400360,186,29,5,35,6,1,1.0995073891625615,0.9950980392156862,1.0941176470588236
0022400361,160,31,3,33,3,0,0.469208211143695,0.911764705882353,0.4278074866310161
0022400362,169,30,3,34,4,1,0.6627450980392157,1.1363636363636362,0.7531194295900179
0022400363,170,24,3,27,3,0,0.787037037037037,0.8888888888888888,0.6995884773662552
0022400364,149,32,4,37,5,1,0.629222972972973,1.0666666666666667,0.6711711711711712
0022400365,166,29,6,36,7,1,1.1130268199233717,0.946938775510204,1.0539682539682538
0022400366,182,27,3,30,3,0,0.6740740740740742,0.8999999999999999,0.6066666666666667
0022400367,185,22,0,22,0,0,0.0,,0.0
0022400368,166,27,4,31,4,0,0.7933094384707288,0.8709677419354839,0.6909469302809573
0022400369,168,31,5,39,8,3,1.1116625310173696,1.1840277777777777,1.3162393162393162
0022400370,198,29,5,35,6,1,1.1704433497536946,0.9950980392156862,1.1647058823529413
0022400371,167,24,10,35,11,1,2.186904761904762,0.7700534759358287,1.6840336134453782
0022400372,180,31,2,33,2,0,0.3519061583577713,0.9393939393939394,0.3305785123966942
0022400373,155,26,5,31,5,0,0.9615384615384615,0.8387096774193549,0.8064516129032258
0022400374,191,17,4,22,5,1,2.553475935828877,0.9714285714285713,2.4805194805194803
0022400375,172,22,2,25,3,1,0.9381818181818181,1.2222222222222223,1.1466666666666667
0022400376,165,28,2,31,3,1,0.5702764976958525,1.2444444444444445,0.7096774193548386
0022400377,156,36,7,45,9,2,0.8666666666666667,1.0232558139534884,0.8868217054263565
0022400378,192,24,6,30,6,0,1.6,0.8,1.28
0022400379,176,24,3,28,4,1,1.0476190476190477,1.1111111111111112,1.164021164021164
0022400380,163,26,5,32,6,1,1.1754807692307692,0.9784946236559141,1.1502016129032258
0022400381,181,24,1,25,1,0,0.3016666666666667,0.96,0.28959999999999997
0022400382,184,18,2,20,2,0,1.0222222222222221,0.8999999999999999,0.92
0022400383,157,32,5,37,5,0,0.6630067567567568,0.8648648648648649,0.5734112490869248
0022400384,156,28,6,34,6,0,0.9831932773109244,0.823529411764706,0.809688581314879
0022400385,164,27,3,30,3,0,0.6074074074074074,0.8999999999999999,0.5466666666666667
0022400386,170,23,3,26,3,0,0.8528428093645486,0.8846153846153847,0.7544378698224852
0022400387,173,31,3,34,3,0,0.4924098671726756,0.911764705882353,0.44896193771626297
0022400388,182,25,5,31,6,1,1.409032258064516,0.9722222222222223,1.3698924731182796
0022400389,175,17,4,21,4,0,1.9607843137254901,0.8095238095238095,1.5873015873015872
0022400390,209,30,4,34,4,0,0.8196078431372549,0.8823529411764706,0.7231833910034603
0022400391,171,25,1,26,1,0,0.2630769230769231,0.9615384615384615,0.2529585798816568
0022400392,161,31,6,37,6,0,0.8421970357454229,0.8378378378378378,0.7056245434623813
0022400393,175,29,6,36,7,1,1.1733716475095786,0.946938775510204,1.111111111111111
0022400394,171,28,5,33,5,0,0.9253246753246754,0.8484848484848485,0.7851239669421488
0022400395,175,22,7,29,7,0,1.9200626959247649,0.7586206896551725,1.4565992865636148
0022400396,159,27,4,31,4,0,0.7598566308243728,0.8709677419354839,0.6618106139438085
0022400397,167,33,8,46,13,5,1.4301712779973648,1.1144465290806753,1.5938494167550372
0022400398,176,26,2,28,2,0,0.48351648351648346,0.9285714285714286,0.4489795918367347
0022400399,177,30,6,39,9,3,1.3615384615384616,1.1111111111111112,1.5128205128205128
0022400400,182,23,7,32,9,2,2.2255434782608696,0.9370370370370371,2.0854166666666667
0022400401,162,32,8,41,9,1,1.111280487804878,0.888888888888889,0.9878048780487805
0022400402,164,23,2,25,2,0,0.5704347826086956,0.92,0.5248
0022400403,172,23,4,27,4,0,1.107890499194847,0.851851851851852,0.9437585733882029
0022400404,172,24,3,27,3,0,0.7962962962962963,0.8888888888888888,0.7078189300411523
0022400405,167,25,1,26,1,0,0.256923076923077,0.9615384615384615,0.2470414201183432
0022400406,162,22,1,23,1,0,0.3201581027667984,0.9565217391304348,0.30623818525519847
0022400407,162,31,2,33,2,0,0.3167155425219942,0.9393939393939394,0.2975206611570248
0022400408,166,21,3,25,4,1,1.264761904761905,1.09375,1.3833333333333335
0022400409,154,26,5,33,7,2,1.2564102564102564,1.0783410138248848,1.3548387096774193
0022400410,164,29,7,36,7,0,1.099616858237548,0.8055555555555556,0.8858024691358025
0022400411,165,27,3,30,3,0,0.6111111111111112,0.8999999999999999,0.55
0022400412,177,30,5,35,5,0,0.8428571428571429,0.8571428571428571,0.7224489795918366
0022400413,177,34,1,35,1,0,0.14873949579831933,0.9714285714285715,0.14448979591836733
0022400414,194,31,4,35,4,0,0.7152073732718894,0.8857142857142858,0.633469387755102
0022400415,179,19,2,21,2,0,0.8972431077694235,0.9047619047619049,0.8117913832199546
0022400416,178,26,3,30,4,1,0.9128205128205128,1.1206896551724137,1.0229885057471264
0022400417,167,28,5,35,7,2,1.192857142857143,1.0909090909090908,1.3012987012987012
0022400418,166,31,3,35,4,1,0.6119815668202765,1.1397058823529413,0.6974789915966386
0022400419,157,30,6,36,6,0,0.8722222222222221,0.8333333333333334,0.7268518518518517
0022400420,162,28,5,35,7,2,1.1571428571428573,1.0909090909090908,1.2623376623376623
0022400421,159,26,3,29,3,0,0.6326259946949603,0.896551724137931,0.5671819262782403
0022400422,160,27,4,32,5,1,0.9259259259259258,1.0451612903225806,0.9677419354838709
0022400423,180,34,4,40,6,2,0.7941176470588235,1.1929824561403508,0.9473684210526316
0022400424,180,30,3,33,3,0,0.5454545454545455,0.9090909090909091,0.4958677685950414
0022400425,158,24,4,28,4,0,0.9404761904761904,0.8571428571428571,0.8061224489795918
0022400426,172,22,3,25,3,0,0.9381818181818181,0.8800000000000001,0.8255999999999999
0022400427,166,31,3,34,3,0,0.4724857685009488,0.911764705882353,0.4307958477508651
0022400428,173,24,4,29,5,1,1.2428160919540232,1.0285714285714285,1.2783251231527093
0022400429,195,24,2,30,6,4,1.625,1.5384615384615383,2.5
0022400430,178,26,3,30,4,1,0.9128205128205128,1.1206896551724137,1.0229885057471264
0022400431,168,24,4,29,5,1,1.2068965517241381,1.0285714285714285,1.2413793103448276
0022400432,169,32,4,37,5,1,0.7136824324324325,1.0666666666666667,0.7612612612612613
0022400433,159,32,5,38,6,1,0.7845394736842104,1.0090090090090091,0.7916073968705547
0022400434,173,29,7,36,7,0,1.159961685823755,0.8055555555555556,0.9344135802469136
0022400435,163,32,3,37,5,2,0.6883445945945946,1.28,0.8810810810810811
0022400436,140,32,5,37,5,0,0.5912162162162162,0.8648648648648649,0.5113221329437546
0022400437,163,30,4,34,4,0,0.6392156862745099,0.8823529411764706,0.5640138408304498
0022400438,186,28,8,38,10,2,1.7481203007518795,0.9333333333333333,1.631578947368421
0022400439,163,24,5,29,5,0,1.1709770114942528,0.8275862068965518,0.9690844233055886
0022400440,181,27,6,33,6,0,1.2188552188552189,0.8181818181818181,0.9972451790633609
0022400441,158,28,10,38,10,0,1.4849624060150375,0.7368421052631579,1.0941828254847645
0022400442,197,29,4,33,4,0,0.8234064785788924,0.8787878787878788,0.7235996326905418
0022400443,166,31,6,37,6,0,0.868352223190933,0.8378378378378378,0.7275383491599708
0022400444,167,27,4,32,5,1,0.9664351851851852,1.0451612903225806,1.0100806451612903
0022400445,174,26,3,29,3,0,0.6923076923076923,0.896551724137931,0.6206896551724138
0022400446,180,26,4,30,4,0,0.9230769230769231,0.8666666666666667,0.8
0022400447,157,32,4,40,8,4,0.98125,1.3333333333333333,1.3083333333333333
0022400448,172,32,3,37,5,2,0.7263513513513514,1.28,0.9297297297297298
0022400449,171,22,1,23,1,0,0.33794466403162055,0.9565217391304348,0.3232514177693762
0022400450,184,31,4,36,5,1,0.8243727598566308,1.062857142857143,0.8761904761904761
0022400451,171,19,5,27,8,3,2.6666666666666665,1.0885416666666667,2.9027777777777777
0022400452,177,23,3,27,4,1,1.1400966183574879,1.1057692307692308,1.2606837606837606
0022400453,166,37,9,47,10,1,0.9545715928694652,0.8847826086956523,0.8445883441258094
0022400454,177,25,1,26,1,0,0.2723076923076923,0.9615384615384615,0.2618343195266272
0022400455,164,27,5,33,6,1,1.1043771043771045,0.9843750000000001,1.0871212121212122
0022400456,193,23,1,24,1,0,0.3496376811594203,0.9583333333333334,0.3350694444444444
0022400457,162,23,3,29,6,3,1.4572713643178412,1.326923076923077,1.9336870026525201
0022400458,169,29,5,34,5,0,0.8569979716024342,0.8529411764705881,0.7309688581314879
0022400459,163,30,3,33,3,0,0.49393939393939396,0.9090909090909091,0.44903581267217635
0022400460,165,32,3,35,3,0,0.4419642857142857,0.9142857142857143,0.40408163265306124
0022400461,191,24,4,28,4,0,1.1369047619047619,0.8571428571428571,0.9744897959183674
0022400462,167,27,5,32,5,0,0.9664351851851852,0.84375,0.8154296875
0022400463,169,24,2,27,3,1,0.7824074074074073,1.2307692307692308,0.9629629629629629
0022400464,151,20,3,23,3,0,0.984782608695652,0.8695652173913044,0.8563327032136105
0022400465,162,34,4,38,4,0,0.5015479876160991,0.8947368421052632,0.4487534626038781
0022400466,172,24,4,28,4,0,1.0238095238095237,0.8571428571428571,0.8775510204081631
0022400467,165,30,3,34,4,1,0.6470588235294117,1.1363636363636362,0.7352941176470588
0022400468,170,23,2,25,2,0,0.591304347826087,0.92,0.544
0022400469,165,28,5,33,5,0,0.8928571428571428,0.8484848484848485,0.7575757575757576
0022400470,156,22,2,24,2,0,0.5909090909090908,0.9166666666666667,0.5416666666666666
0022400471,148,24,3,28,4,1,0.8809523809523808,1.1111111111111112,0.9788359788359788
0022400472,170,31,3,35,4,1,0.6267281105990784,1.1397058823529413,0.7142857142857142
0022400473,168,28,4,32,4,0,0.75,0.875,0.65625
0022400474,173,30,5,35,5,0,0.8238095238095238,0.8571428571428571,0.7061224489795918
0022400475,175,23,3,26,3,0,0.8779264214046824,0.8846153846153847,0.7766272189349113
0022400476,177,36,4,41,5,1,0.5995934959349593,1.0799999999999998,0.647560975609756
0022400477,161,28,7,36,8,1,1.2777777777777777,0.9,1.1500000000000001
0022400478,179,27,7,34,7,0,1.3649237472766884,0.7941176470588235,1.083910034602076
0022400479,164,28,6,37,9,3,1.4247104247104247,1.0980392156862746,1.564387917329094
0022400480,171,22,4,26,4,0,1.1958041958041958,0.8461538461538461,1.0118343195266273
0022400481,177,24,6,32,8,2,1.84375,1.0,1.84375
0022400482,181,26,5,31,5,0,1.1228287841191067,0.8387096774193549,0.9417273673257023
0022400483,183,17,3,20,3,0,1.614705882352941,0.85,1.3725
0022400484,186,32,3,35,3,0,0.49821428571428567,0.9142857142857143,0.4555102040816327
0022400485,171,23,6,30,7,1,1.7347826086956524,0.9064039408866994,1.5724137931034483
0022400486,196,24,3,28,4,1,1.1666666666666665,1.1111111111111112,1.2962962962962965
0022400487,165,26,5,31,5,0,1.0235732009925558,0.8387096774193549,0.858480749219563
0022400488,171,24,5,31,7,2,1.6088709677419355,1.064039408866995,1.7119021134593995
0022400489,173,24,3,27,3,0,0.8009259259259259,0.8888888888888888,0.7119341563786008
0022400490,167,24,4,28,4,0,0.9940476190476191,0.8571428571428571,0.8520408163265306
0022400491,152,32,2,35,3,1,0.4071428571428572,1.2549019607843137,0.5109243697478991
0022400492,169,25,6,31,6,0,1.3083870967741935,0.8064516129032259,1.0551508844953175
0022400493,173,21,2,23,2,0,0.7163561076604555,0.9130434782608695,0.6540642722117203
0022400494,160,25,5,33,8,3,1.5515151515151515,1.1458333333333335,1.7777777777777777
0022400495,159,29,3,32,3,0,0.5140086206896552,0.90625,0.4658203125
0022400496,152,24,5,31,7,2,1.4301075268817205,1.064039408866995,1.5216907675194662
0022400497,178,24,4,28,4,0,1.0595238095238095,0.8571428571428571,0.9081632653061225
0022400498,184,22,1,23,1,0,0.3636363636363636,0.9565217391304348,0.34782608695652173
0022400499,174,30,7,38,8,1,1.2210526315789472,0.9121621621621622,1.1137980085348507
0022400500,162,25,6,31,6,0,1.2541935483870967,0.8064516129032259,1.0114464099895941
0022400501,199,32,4,36,4,0,0.6909722222222222,0.8888888888888888,0.6141975308641975
0022400502,170,27,7,35,8,1,1.4391534391534393,0.8933823529411764,1.2857142857142856
0022400503,171,27,2,29,2,0,0.4367816091954023,0.9310344827586208,0.4066587395957194
0022400504,162,22,4,26,4,0,1.132867132867133,0.8461538461538461,0.9585798816568049
0022400505,165,28,5,33,5,0,0.8928571428571428,0.8484848484848485,0.7575757575757576
0022400506,170,27,5,33,6,1,1.144781144781145,0.9843750000000001,1.1268939393939394
0022400507,165,25,2,27,2,0,0.4888888888888889,0.9259259259259258,0.45267489711934156
0022400508,169,22,2,24,2,0,0.6401515151515151,0.9166666666666667,0.5868055555555555
0022400509,162,35,5,40,5,0,0.5785714285714286,0.875,0.50625
0022400510,167,31,7,39,8,1,1.1050454921422663,0.9177631578947368,1.01417004048583
0022400511,165,24,2,27,3,1,0.7638888888888888,1.2307692307692308,0.9401709401709402
0022400512,157,23,3,27,4,1,1.0112721417069244,1.1057692307692308,1.1182336182336183
0022400513,164,27,2,29,2,0,0.4189016602809706,0.9310344827586208,0.39001189060642094
0022400514,159,22,4,27,5,1,1.3383838383838382,1.0153846153846153,1.358974358974359
0022400515,163,31,5,36,5,0,0.7302867383512545,0.861111111111111,0.6288580246913581
0022400516,171,26,4,30,4,0,0.8769230769230769,0.8666666666666667,0.76
0022400517,170,24,3,28,4,1,1.0119047619047619,1.1111111111111112,1.1243386243386244
0022400518,159,25,4,34,9,5,1.683529411764706,1.3409961685823757,2.257606490872211
0022400519,152,30,5,35,5,0,0.7238095238095238,0.8571428571428571,0.6204081632653061
0022400520,164,39,8,48,9,1,0.7884615384615385,0.921985815602837,0.7269503546099292
0022400521,160,35,2,38,3,1,0.3609022556390977,1.2612612612612613,0.4551920341394025
0022400522,164,25,4,31,6,2,1.2696774193548388,1.1494252873563218,1.4593993325917687
0022400523,173,22,1,23,1,0,0.34189723320158105,0.9565217391304348,0.3270321361058601
0022400524,179,25,1,26,1,0,0.2753846153846154,0.9615384615384615,0.264792899408284
0022400525,170,24,3,27,3,0,0.787037037037037,0.8888888888888888,0.6995884773662552
0022400526,158,26,7,37,11,4,1.806652806652807,1.0743801652892564,1.9410319410319412
0022400527,163,32,3,35,3,0,0.43660714285714286,0.9142857142857143,0.39918367346938777
0022400528,176,22,3,27,5,2,1.4814814814814814,1.232,1.825185185185185
0022400529,175,26,3,30,4,1,0.8974358974358974,1.1206896551724137,1.0057471264367817
0022400530,187,21,2,23,2,0,0.7743271221532091,0.9130434782608695,0.7069943289224953
0022400531,170,29,5,36,7,2,1.1398467432950192,1.0966386554621848,1.25
0022400532,172,31,3,34,3,0,0.4895635673624289,0.911764705882353,0.4463667820069205
0022400533,159,28,3,31,3,0,0.5495391705069125,0.9032258064516129,0.49635796045785635
0022400534,163,28,10,39,11,1,1.6419413919413919,0.8038277511961721,1.3198380566801622
0022400535,175,28,5,33,5,0,0.946969696969697,0.8484848484848485,0.8034894398530762
0022400536,170,24,1,26,2,1,0.5448717948717949,1.44,0.7846153846153846
0022400537,176,23,2,25,2,0,0.6121739130434783,0.92,0.5631999999999999
0022400538,171,22,5,28,6,1,1.6655844155844155,0.9506172839506173,1.5833333333333335
0022400539,168,28,5,33,5,0,0.9090909090909092,0.8484848484848485,0.7713498622589532
0022400540,160,25,8,35,10,2,1.8285714285714285,0.9090909090909091,1.6623376623376624
0022400541,172,26,4,31,5,1,1.066997518610422,1.04,1.1096774193548387
0022400542,169,30,4,34,4,0,0.6627450980392157,0.8823529411764706,0.5847750865051903
0022400543,162,31,3,35,4,1,0.5972350230414747,1.1397058823529413,0.680672268907563
0022400544,147,29,6,39,10,4,1.29973474801061,1.16,1.5076923076923079
0022400545,175,32,6,39,7,1,0.9815705128205128,0.9624060150375939,0.9446693657219973
0022400546,166,35,7,43,8,1,0.882392026578073,0.9375,0.8272425249169436
0022400547,167,28,5,34,6,1,1.0525210084033614,0.98989898989899,1.0418894830659535
0022400548,170,24,6,31,7,1,1.5994623655913978,0.9142857142857143,1.4623655913978493
0022400549,166,31,6,37,6,0,0.868352223190933,0.8378378378378378,0.7275383491599708
0022400550,165,23,1,24,1,0,0.2989130434782608,0.9583333333333334,0.2864583333333333
0022400551,165,25,8,36,11,3,2.0166666666666666,0.9641873278236914,1.9444444444444444
0022400552,166,23,5,28,5,0,1.2888198757763976,0.8214285714285714,1.0586734693877553
0022400553,181,21,1,22,1,0,0.3917748917748918,0.9545454545454545,0.37396694214876036
0022400554,170,28,3,33,5,2,0.9199134199134199,1.264516129032258,1.163245356793744
0022400555,170,24,4,29,5,1,1.2212643678160922,1.0285714285714285,1.2561576354679802
0022400556,171,30,7,37,7,0,1.0783783783783785,0.8108108108108107,0.8743608473338204
0022400557,173,27,3,31,4,1,0.8267622461170848,1.125,0.9301075268817204
0022400558,172,27,3,30,3,0,0.6370370370370371,0.8999999999999999,0.5733333333333334
0022400559,167,22,8,33,11,3,2.53030303030303,0.9333333333333332,2.3616161616161615
0022400560,167,30,3,34,4,1,0.6549019607843137,1.1363636363636362,0.7442067736185384
0022400561,165,22,7,30,8,1,2.0,0.853448275862069,1.706896551724138
0022400562,158,28,4,32,4,0,0.7053571428571429,0.875,0.6171875
0022400563,182,25,3,29,4,1,1.0041379310344827,1.1160714285714284,1.1206896551724137
0022400564,170,34,6,40,6,0,0.7499999999999999,0.85,0.6375
0022400565,144,27,5,37,10,5,1.4414414414414416,1.265625,1.8243243243243246
0022400566,178,27,5,32,5,0,1.0300925925925926,0.84375,0.869140625
0022400567,178,28,4,32,4,0,0.7946428571428572,0.875,0.6953125
0022400568,158,28,3,32,4,1,0.7053571428571429,1.129032258064516,0.7963709677419355
0022400569,176,20,5,28,8,3,2.5142857142857142,1.1,2.7657142857142856
0022400570,169,23,0,23,0,0,0.0,,0.0
0022400571,163,25,6,31,6,0,1.2619354838709678,0.8064516129032259,1.0176899063475546
0022400572,174,28,4,32,4,0,0.7767857142857143,0.875,0.6796875
0022400573,173,32,6,39,7,1,0.9703525641025642,0.9624060150375939,0.9338731443994601
0022400574,186,25,2,28,3,1,0.7971428571428572,1.2345679012345678,0.984126984126984
0022400575,170,25,3,29,4,1,0.9379310344827586,1.1160714285714284,1.0467980295566504
0022400576,181,29,2,31,2,0,0.4026696329254727,0.935483870967742,0.37669094693028093
0022400577,144,32,6,39,7,1,0.8076923076923077,0.9624060150375939,0.7773279352226721
0022400578,162,22,2,24,2,0,0.6136363636363636,0.9166666666666667,0.5625
0022400579,175,23,2,25,2,0,0.6086956521739131,0.92,0.56
0022400580,161,37,6,43,6,0,0.6071653048397234,0.8604651162790696,0.5224445646295295
0022400581,167,33,6,40,7,1,0.8856060606060605,0.9670329670329669,0.8564102564102565
0022400582,173,25,4,30,5,1,1.153333333333333,1.0344827586206897,1.1931034482758622
0022400583,161,25,4,29,4,0,0.8882758620689656,0.8620689655172414,0.7657550535077289
0022400584,175,28,2,30,2,0,0.41666666666666663,0.9333333333333333,0.3888888888888889
0022400585,160,19,2,22,3,1,1.1483253588516746,1.2063492063492065,1.3852813852813852
0022400586,155,41,6,47,6,0,0.4826154644525168,0.8723404255319149,0.4210049796287913
0022400587,189,24,6,32,8,2,1.96875,1.0,1.96875
0022400588,161,29,3,33,4,1,0.6729362591431557,1.1328125,0.7623106060606062
0022400589,162,28,7,36,8,1,1.2857142857142858,0.9,1.1571428571428573
0022400590,161,26,7,34,8,1,1.4570135746606334,0.8863636363636365,1.2914438502673797
0022400591,176,27,8,35,8,0,1.48994708994709,0.7714285714285715,1.1493877551020408
0022400592,181,19,1,20,1,0,0.47631578947368425,0.9500000000000001,0.45250000000000007
0022400593,164,28,5,33,5,0,0.8874458874458874,0.8484848484848485,0.7529843893480257
0022400594,158,29,8,37,8,0,1.1780055917986954,0.7837837837837838,0.9233016800584368
0022400595,171,25,2,28,3,1,0.7328571428571429,1.2345679012345678,0.9047619047619048
0022400596,167,24,2,26,2,0,0.5352564102564104,0.9230769230769231,0.4940828402366864
0022400597,166,30,7,37,7,0,1.0468468468468468,0.8108108108108107,0.8487947406866326
0022400598,183,30,3,34,4,1,0.7176470588235294,1.1363636363636362,0.8155080213903744
0022400599,169,25,4,29,4,0,0.9324137931034482,0.8620689655172414,0.8038049940546969
0022400600,179,24,1,25,1,0,0.29833333333333334,0.96,0.28640000000000004
0022400601,162,34,8,43,9,1,0.997264021887825,0.8994708994708994,0.8970099667774086
0022400602,162,27,8,35,8,0,1.3714285714285714,0.7714285714285715,1.0579591836734694
0022400603,163,29,4,34,5,1,0.8265720081135903,1.0545454545454545,0.8716577540106952
0022400604,175,16,1,17,1,0,0.6433823529411765,0.9411764705882353,0.6055363321799307
0022400605,185,32,6,40,8,2,1.15625,1.0526315789473684,1.2171052631578947
0022400606,162,24,4,31,7,3,1.5241935483870968,1.2244897959183674,1.8663594470046083
0022400607,170,21,3,24,3,0,1.0119047619047619,0.875,0.8854166666666666
0022400608,152,32,3,35,3,0,0.4071428571428572,0.9142857142857143,0.3722448979591837
0022400609,169,22,3,27,5,2,1.4225589225589226,1.232,1.7525925925925925
0022400610,173,26,2,28,2,0,0.4752747252747252,0.9285714285714286,0.44132653061224486
0022400611,162,23,6,33,10,4,2.1343873517786562,1.1103448275862067,2.369905956112853
0022400612,190,24,4,28,4,0,1.130952380952381,0.8571428571428571,0.9693877551020409
0022400613,171,18,4,22,4,0,1.7272727272727275,0.8181818181818181,1.413223140495868
0022400614,168,31,3,34,3,0,0.47817836812144215,0.911764705882353,0.4359861591695502
0022400615,163,26,3,28,3,0,0.6717032967032966,0.896551724137931,0.6022167487684729
0022400616,170,31,7,39,8,1,1.1248966087675765,0.9177631578947368,1.0323886639676114
0022400617,176,25,0,25,0,0,0.0,,0.0
0022400618,174,27,5,34,7,2,1.326797385620915,1.0848214285714286,1.4393382352941178
0022400619,166,28,6,35,7,1,1.185714285714286,0.9411764705882353,1.1159663865546219
0022400620,183,28,5,33,5,0,0.9902597402597403,0.8484848484848485,0.8402203856749312
0022400621,190,18,3,21,3,0,1.507936507936508,0.8571428571428571,1.292517006802721
0022400622,161,28,5,33,5,0,0.8712121212121212,0.8484848484848485,0.7392102846648302
0022400623,167,29,8,42,13,5,1.782430213464696,1.0852390852390852,1.9343629343629343
0022400624,169,29,1,30,1,0,0.1942528735632184,0.9666666666666666,0.1877777777777778
0022400625,164,35,6,41,6,0,0.6857142857142857,0.8536585365853658,0.5853658536585366
0022400626,191,29,4,33,4,0,0.7983281086729364,0.8787878787878788,0.7015610651974289
0022400627,177,21,4,25,4,0,1.3485714285714285,0.84,1.1328
0022400628,166,27,5,34,7,2,1.2657952069716776,1.0848214285714286,1.3731617647058822
0022400629,160,23,5,28,5,0,1.2422360248447206,0.8214285714285714,1.0204081632653061
0022400630,151,32,8,44,12,4,1.2869318181818181,1.0666666666666667,1.3727272727272726
0022400631,173,27,3,31,4,1,0.8267622461170848,1.125,0.9301075268817204
0022400632,174,21,3,27,6,3,1.8412698412698412,1.3125,2.4166666666666665
0022400633,173,31,3,34,3,0,0.4924098671726756,0.911764705882353,0.44896193771626297
0022400634,175,21,3,25,4,1,1.3333333333333335,1.09375,1.4583333333333333
0022400635,158,34,5,39,5,0,0.5957767722473604,0.8717948717948718,0.5193951347797501
0022400636,160,31,5,37,6,1,0.8369659982563209,1.0046296296296295,0.8408408408408409
0022400637,171,25,6,31,6,0,1.3238709677419356,0.8064516129032259,1.0676378772112383
0022400638,167,31,7,40,9,2,1.2120967741935484,0.9970760233918129,1.2085526315789474
0022400639,186,33,4,37,4,0,0.6093366093366094,0.891891891891892,0.5434623813002192
0022400640,155,36,8,48,12,4,1.0763888888888888,1.0909090909090908,1.174242424242424
0022400641,183,26,1,27,1,0,0.2606837606837607,0.9629629629629629,0.2510288065843621
0022400642,174,25,5,30,5,0,1.16,0.8333333333333334,0.9666666666666666
0022400643,171,30,4,35,5,1,0.8142857142857143,1.0588235294117647,0.8621848739495799
0022400644,170,20,4,24,4,0,1.4166666666666665,0.8333333333333334,1.1805555555555556
0022400645,173,25,1,26,1,0,0.26615384615384613,0.9615384615384615,0.2559171597633136
0022400646,170,28,9,39,11,2,1.7124542124542124,0.8943488943488944,1.5315315315315314
0022400647,150,32,4,40,8,4,0.9375,1.3333333333333333,1.25
0022400648,162,28,3,32,4,1,0.7232142857142858,1.129032258064516,0.8165322580645161
0022400649,167,22,4,27,5,1,1.4057239057239055,1.0153846153846153,1.4273504273504272
0022400650,155,27,7,34,7,0,1.181917211328976,0.7941176470588235,0.9385813148788926
0022400651,153,33,2,35,2,0,0.2649350649350649,0.942857142857143,0.24979591836734694
0022400652,191,30,5,36,6,1,1.0611111111111111,1.0,1.0611111111111111
0022400653,183,27,2,30,3,1,0.6777777777777778,1.2413793103448276,0.8413793103448275
0022400654,174,32,3,36,4,1,0.6041666666666666,1.1428571428571428,0.6904761904761905
0022400655,194,17,2,19,2,0,1.2012383900928794,0.8947368421052632,1.074792243767313
0022400656,175,24,6,30,6,0,1.4583333333333333,0.8,1.1666666666666667
0022400657,169,22,3,28,6,3,1.646103896103896,1.32,2.172857142857143
0022400658,167,28,4,33,5,1,0.9036796536796537,1.05,0.9488636363636364
0022400659,171,18,3,23,5,2,2.0652173913043477,1.2,2.4782608695652177
0022400660,168,29,4,35,6,2,0.993103448275862,1.1717171717171715,1.1636363636363636
0022400661,152,34,6,41,7,1,0.763271162123386,0.9714285714285713,0.7414634146341464
0022400662,161,31,4,36,5,1,0.721326164874552,1.062857142857143,0.7666666666666666
0022400663,149,21,6,34,13,7,2.712885154061625,1.1965811965811965,3.246187363834423
0022400664,168,34,2,37,3,1,0.40063593004769477,1.259259259259259,0.5045045045045046
0022400665,160,28,6,36,8,2,1.2698412698412698,1.0294117647058825,1.3071895424836601
0022400666,177,24,5,30,6,1,1.475,0.9655172413793105,1.4241379310344828
0022400667,173,17,2,19,2,0,1.0712074303405572,0.8947368421052632,0.9584487534626038
0022400668,169,28,2,31,3,1,0.5841013824884792,1.2444444444444445,0.7268817204301076
0022400669,160,26,5,32,6,1,1.1538461538461537,0.9784946236559141,1.129032258064516
0022400670,179,25,5,30,5,0,1.1933333333333334,0.8333333333333334,0.9944444444444445
0022400671,167,29,6,36,7,1,1.1197318007662835,0.946938775510204,1.0603174603174603
0022400672,160,31,4,37,6,2,0.8369659982563209,1.180952380952381,0.9884169884169884
0022400673,166,32,4,37,5,1,0.7010135135135135,1.0666666666666667,0.7477477477477478
0022400674,166,35,3,39,4,1,0.4864468864468864,1.1513157894736843,0.5600539811066126
0022400675,172,25,7,34,9,2,1.8211764705882352,0.9548611111111112,1.7389705882352942
0022400676,161,27,7,35,8,1,1.362962962962963,0.8933823529411764,1.2176470588235293
0022400677,160,26,5,32,6,1,1.1538461538461537,0.9784946236559141,1.129032258064516
0022400678,148,32,4,36,4,0,0.5138888888888888,0.8888888888888888,0.4567901234567901
0022400679,167,27,4,31,4,0,0.7980884109916367,0.8709677419354839,0.6951092611862644
0022400680,168,23,4,28,5,1,1.3043478260869563,1.0222222222222224,1.3333333333333333
0022400681,170,27,2,29,2,0,0.43422733077905495,0.9310344827586208,0.4042806183115339
0022400682,175,23,5,28,5,0,1.358695652173913,0.8214285714285714,1.1160714285714286
0022400683,178,25,6,31,6,0,1.3780645161290321,0.8064516129032259,1.1113423517169614
0022400684,171,28,6,36,8,2,1.3571428571428572,1.0294117647058825,1.397058823529412
0022400685,175,28,6,35,7,1,1.25,0.9411764705882353,1.1764705882352942
0022400686,162,38,8,46,8,0,0.7414187643020596,0.8260869565217391,0.6124763705103969
0022400687,165,35,7,43,8,1,0.8770764119601329,0.9375,0.8222591362126247
0022400688,174,25,2,28,3,1,0.7457142857142858,1.2345679012345678,0.9206349206349206
0022400689,156,25,6,31,6,0,1.2077419354838708,0.8064516129032259,0.9739854318418315
0022400690,170,31,1,32,1,0,0.1713709677419355,0.96875,0.166015625
0022400691,186,24,3,27,3,0,0.861111111111111,0.8888888888888888,0.7654320987654321
0022400692,168,25,5,30,5,0,1.1199999999999999,0.8333333333333334,0.9333333333333332
0022400693,167,28,3,31,3,0,0.5771889400921659,0.9032258064516129,0.5213319458896982
0022400694,169,29,8,37,8,0,1.2600186393289843,0.7837837837837838,0.987582176771366
0022400695,189,26,1,27,1,0,0.2692307692307692,0.9629629629629629,0.25925925925925924
0022400696,189,22,3,26,4,1,1.3216783216783219,1.1,1.453846153846154
0022400697,164,24,4,29,5,1,1.17816091954023,1.0285714285714285,1.211822660098522
0022400698,161,30,4,34,4,0,0.6313725490196078,0.8823529411764706,0.5570934256055363
0022400699,175,28,3,31,3,0,0.6048387096774194,0.9032258064516129,0.54630593132154
0022400700,173,32,3,35,3,0,0.46339285714285716,0.9142857142857143,0.4236734693877551
0022400701,165,37,7,46,9,2,0.872502937720329,1.027777777777778,0.8967391304347826
0022400702,171,33,4,37,4,0,0.5601965601965603,0.891891891891892,0.49963476990504024
0022400703,191,31,3,34,3,0,0.5436432637571158,0.911764705882353,0.4956747404844291
0022400704,163,26,3,29,3,0,0.6485411140583555,0.896551724137931,0.5814506539833532
0022400705,184,21,5,26,5,0,1.6849816849816852,0.8076923076923077,1.3609467455621305
0022400706,161,24,6,31,7,1,1.514784946236559,0.9142857142857143,1.3849462365591398
0022400707,175,27,6,33,6,0,1.1784511784511786,0.8181818181818181,0.9641873278236914
0022400708,156,33,4,37,4,0,0.5110565110565111,0.891891891891892,0.45580715850986125
0022400709,173,28,5,36,9,4,1.5446428571428572,1.2255892255892256,1.8930976430976432
0022400710,164,33,4,38,5,1,0.6539074960127591,1.0702702702702704,0.6998577524893314
0022400711,148,29,6,35,6,0,0.8748768472906404,0.8285714285714286,0.7248979591836735
0022400712,156,28,6,34,7,1,1.1470588235294117,0.9411764705882353,1.079584775086505
0022400713,162,25,5,30,5,0,1.08,0.8333333333333334,0.9
0022400714,177,25,5,32,7,2,1.54875,1.0714285714285714,1.659375
0022400715,168,23,3,26,3,0,0.842809364548495,0.8846153846153847,0.7455621301775148
0022400716,171,21,4,26,5,1,1.5659340659340661,1.008,1.5784615384615386
0022400717,161,19,5,26,7,2,2.2813765182186234,1.0178571428571428,2.3221153846153846
0022400718,167,28,7,38,10,3,1.5695488721804511,1.04,1.6323308270676693
0022400719,189,25,3,28,3,0,0.81,0.8928571428571428,0.7232142857142857
0022400720,152,29,5,35,6,1,0.8985221674876847,0.9950980392156862,0.8941176470588236
0022400721,174,24,1,25,1,0,0.29000000000000004,0.96,0.27840000000000004
0022400722,156,33,7,43,10,3,1.0993657505285412,1.0725,1.1790697674418604
0022400723,157,32,3,35,3,0,0.4205357142857143,0.9142857142857143,0.38448979591836735
0022400724,172,29,7,38,9,2,1.4047186932849365,0.9845679012345679,1.3830409356725146
0022400725,171,32,6,42,10,4,1.2723214285714286,1.1789473684210525,1.5
0022400726,181,29,1,30,1,0,0.20804597701149424,0.9666666666666666,0.20111111111111113
0022400727,161,29,5,35,6,1,0.9517241379310345,0.9950980392156862,0.9470588235294117
0022400728,165,25,3,28,3,0,0.7071428571428571,0.8928571428571428,0.631377551020408
0022400729,160,29,6,35,6,0,0.9458128078817735,0.8285714285714286,0.7836734693877551
0022400730,165,30,3,33,3,0,0.5,0.9090909090909091,0.45454545454545453
0022400731,167,29,8,39,10,2,1.4765694076038902,0.9405405405405405,1.3887733887733889
0022400732,164,29,2,32,3,1,0.5301724137931034,1.2473118279569892,0.6612903225806451
0022400733,177,25,3,28,3,0,0.7585714285714286,0.8928571428571428,0.6772959183673468
0022400734,163,29,4,33,4,0,0.6812957157784744,0.8787878787878788,0.5987144168962351
0022400735,170,29,5,34,5,0,0.8620689655172414,0.8529411764705881,0.7352941176470588
0022400736,182,24,1,25,1,0,0.30333333333333334,0.96,0.29119999999999996
0022400737,162,23,6,29,6,0,1.4572713643178412,0.793103448275862,1.1557669441141498
0022400738,167,26,9,37,11,2,1.9095634095634095,0.8779220779220779,1.6764478764478767
0022400739,158,25,7,35,10,3,1.8057142857142854,1.015625,1.8339285714285716
0022400740,191,24,4,29,5,1,1.3721264367816093,1.0285714285714285,1.4113300492610839
0022400741,150,30,6,37,7,1,0.9459459459459459,0.9523809523809523,0.900900900900901
0022400742,163,34,5,40,6,1,0.7191176470588235,1.0170940170940173,0.7314102564102564
0022400743,166,23,6,30,7,1,1.6840579710144927,0.9064039408866994,1.5264367816091953
0022400744,181,27,6,33,6,0,1.2188552188552189,0.8181818181818181,0.9972451790633609
0022400745,161,40,1,41,1,0,0.09817073170731708,0.9756097560975611,0.09577632361689471
0022400746,158,30,11,43,13,2,1.5922480620155037,0.8442776735459662,1.344299489506523
0022400747,171,25,8,35,10,2,1.9542857142857142,0.9090909090909091,1.7766233766233768
0022400748,159,29,3,34,5,2,0.8062880324543611,1.26875,1.0229779411764706
0022400749,160,22,4,26,4,0,1.118881118881119,0.8461538461538461,0.9467455621301776
0022400750,182,33,8,43,10,2,1.2825933756166314,0.9658536585365853,1.2387975042541122
0022400751,172,27,4,32,5,1,0.9953703703703703,1.0451612903225806,1.0403225806451613
0022400752,152,30,4,35,5,1,0.7238095238095238,1.0588235294117647,0.7663865546218488
0022400753,159,34,5,39,5,0,0.5995475113122172,0.8717948717948718,0.5226824457593688
0022400754,173,29,6,35,6,0,1.0226600985221674,0.8285714285714286,0.8473469387755102
0022400755,164,33,9,42,9,0,1.0649350649350648,0.7857142857142857,0.836734693877551
0022400756,170,28,3,32,4,1,0.7589285714285714,1.129032258064516,0.8568548387096775
0022400757,169,29,5,36,7,2,1.1331417624521074,1.0966386554621848,1.2426470588235294
0022400758,161,26,1,27,1,0,0.22934472934472933,0.9629629629629629,0.22085048010973934
0022400759,168,15,3,19,4,1,2.357894736842105,1.0416666666666667,2.456140350877193
0022400760,168,36,7,43,7,0,0.7596899224806203,0.8372093023255814,0.6360194699837751
0022400761,176,26,4,30,4,0,0.9025641025641025,0.8666666666666667,0.7822222222222223
0022400762,188,28,4,33,5,1,1.0173160173160174,1.05,1.0681818181818183
0022400763,167,34,3,37,3,0,0.39825119236883944,0.918918918918919,0.36596055514974435
0022400764,169,32,3,35,3,0,0.45267857142857143,0.9142857142857143,0.4138775510204082
0022400765,166,30,7,37,7,0,1.0468468468468468,0.8108108108108107,0.8487947406866326
0022400766,183,21,4,25,4,0,1.3942857142857144,0.84,1.1712
0022400767,178,28,5,34,6,1,1.1218487394957983,0.98989898989899,1.1105169340463457
0022400768,181,26,7,33,7,0,1.4766899766899768,0.787878787878788,1.1634527089072544
0022400769,177,22,2,25,3,1,0.9654545454545453,1.2222222222222223,1.18
0022400770,163,22,1,23,1,0,0.32213438735177863,0.9565217391304348,0.30812854442344045
0022400771,188,24,9,35,11,2,2.461904761904762,0.859504132231405,2.116017316017316
0022400772,159,24,4,29,5,1,1.142241379310345,1.0285714285714285,1.1748768472906403
0022400773,188,36,9,48,12,3,1.3055555555555556,1.0,1.3055555555555556
0022400774,181,26,2,28,2,0,0.49725274725274726,0.9285714285714286,0.461734693877551
0022400775,169,35,6,43,8,2,0.8983388704318936,1.0670731707317072,0.9585933068633012
0022400776,187,23,1,24,1,0,0.33876811594202894,0.9583333333333334,0.32465277777777773
0022400777,161,26,7,35,9,2,1.5923076923076922,0.9629629629629631,1.5333333333333332
0022400778,165,24,5,30,6,1,1.3750000000000002,0.9655172413793105,1.3275862068965518
0022400779,169,31,2,33,2,0,0.3304007820136853,0.9393939393939394,0.310376492194674
0022400780,179,30,3,34,4,1,0.7019607843137255,1.1363636363636362,0.7976827094474154
0022400781,172,31,5,39,8,3,1.1381306865177834,1.1840277777777777,1.3475783475783476
0022400782,170,25,4,29,4,0,0.9379310344827586,0.8620689655172414,0.8085612366230678
0022400783,183,26,4,30,4,0,0.9384615384615385,0.8666666666666667,0.8133333333333334
0022400784,167,31,5,36,5,0,0.7482078853046595,0.861111111111111,0.6442901234567902
0022400785,193,28,4,34,6,2,1.2163865546218489,1.1666666666666667,1.4191176470588234
0022400786,167,24,3,28,4,1,0.9940476190476191,1.1111111111111112,1.1044973544973546
0022400787,166,27,4,31,4,0,0.7933094384707288,0.8709677419354839,0.6909469302809573
0022400788,171,32,3,36,4,1,0.59375,1.1428571428571428,0.6785714285714286
0022400789,163,25,5,31,6,1,1.2619354838709678,0.9722222222222223,1.2268817204301075
0022400790,157,37,5,42,5,0,0.5051480051480051,0.880952380952381,0.4450113378684807
0022400791,166,34,3,38,4,1,0.5139318885448916,1.1486486486486487,0.5903271692745377
0022400792,200,22,0,22,0,0,0.0,,0.0
0022400793,158,34,5,40,6,1,0.6970588235294117,1.0170940170940173,0.7089743589743589
0022400794,175,28,2,30,2,0,0.41666666666666663,0.9333333333333333,0.3888888888888889
0022400795,170,32,4,37,5,1,0.7179054054054055,1.0666666666666667,0.7657657657657658
0022400796,176,27,6,34,7,1,1.3420479302832242,0.9350649350649349,1.2549019607843137
0022400797,183,22,2,24,2,0,0.6931818181818181,0.9166666666666667,0.6354166666666666
0022400798,162,34,7,43,9,2,0.997264021887825,1.0135501355013552,1.0107770845150312
0022400799,167,30,8,38,8,0,1.1719298245614034,0.7894736842105263,0.9252077562326869
0022400800,168,30,6,36,6,0,0.9333333333333332,0.8333333333333334,0.7777777777777778
0022400801,168,31,8,40,9,1,1.2193548387096773,0.8831908831908832,1.0769230769230769
0022400802,171,28,5,33,5,0,0.9253246753246754,0.8484848484848485,0.7851239669421488
0022400803,172,30,6,37,7,1,1.0846846846846847,0.9523809523809523,1.033033033033033
0022400804,172,26,5,31,5,0,1.066997518610422,0.8387096774193549,0.894901144640999
0022400805,163,27,4,31,4,0,0.7789725209080048,0.8709677419354839,0.6784599375650363
0022400806,177,26,4,31,5,1,1.098014888337469,1.04,1.1419354838709677
0022400807,158,24,6,30,6,0,1.3166666666666667,0.8,1.0533333333333332
0022400808,158,27,9,37,10,1,1.5815815815815817,0.8250000000000001,1.3048048048048049
0022400809,176,26,2,29,3,1,0.7002652519893898,1.2380952380952381,0.8669950738916257
0022400810,176,32,5,38,6,1,0.8684210526315789,1.0090090090090091,0.8762446657183498
0022400811,170,23,2,25,2,0,0.591304347826087,0.92,0.544
0022400812,168,30,4,35,5,1,0.7999999999999999,1.0588235294117647,0.8470588235294118
0022400813,164,34,6,41,7,1,0.823529411764706,0.9714285714285713,0.8
0022400814,188,33,4,41,8,4,1.1116038433111604,1.337837837837838,1.4871456822676334
0022400815,158,29,6,37,8,2,1.1780055917986954,1.0357142857142858,1.2200772200772203
0022400816,170,31,4,35,4,0,0.6267281105990784,0.8857142857142858,0.5551020408163265
0022400817,164,26,6,33,7,1,1.337995337995338,0.9285714285714285,1.2424242424242424
0022400818,175,29,5,34,5,0,0.8874239350912779,0.8529411764705881,0.7569204152249135
0022400819,158,35,6,45,10,4,1.0031746031746032,1.1951219512195121,1.1989159891598917
0022400820,162,33,4,38,5,1,0.645933014354067,1.0702702702702704,0.6913229018492176
0022400821,164,32,4,37,5,1,0.6925675675675675,1.0666666666666667,0.7387387387387387
0022400822,181,26,3,30,4,1,0.9282051282051282,1.1206896551724137,1.0402298850574712
0022400823,180,25,10,38,13,3,2.463157894736842,0.8791208791208792,2.1654135338345863
0022400824,152,30,8,39,9,1,1.1692307692307693,0.8771929824561404,1.0256410256410255
0022400825,165,24,4,28,4,0,0.9821428571428571,0.8571428571428571,0.8418367346938774
0022400826,185,36,10,46,10,0,1.1171497584541061,0.782608695652174,0.8742911153119092
0022400827,174,31,0,31,0,0,0.0,,0.0
0022400828,166,26,5,33,7,2,1.3543123543123543,1.0783410138248848,1.4604105571847508
0022400829,165,23,4,28,5,1,1.281055900621118,1.0222222222222224,1.3095238095238095
0022400830,160,21,5,26,5,0,1.4652014652014653,0.8076923076923077,1.183431952662722
0022400831,172,23,4,26,4,0,1.1505016722408028,0.851851851851852,0.98005698005698
0022400832,197,34,6,39,6,0,0.8914027149321267,0.85,0.7576923076923078
0022400833,174,27,4,33,6,2,1.1717171717171717,1.161290322580645,1.3607038123167154
0022400834,177,27,3,30,3,0,0.6555555555555556,0.8999999999999999,0.5900000000000001
0022400835,175,21,4,25,4,0,1.3333333333333335,0.84,1.12
0022400836,168,20,5,28,8,3,2.4,1.1,2.64
0022400837,182,22,3,25,3,0,0.9927272727272727,0.8800000000000001,0.8735999999999999
0022400838,167,26,5,32,6,1,1.2043269230769231,0.9784946236559141,1.1784274193548387
0022400839,172,33,9,46,13,4,1.4729907773386033,1.0274725274725276,1.5134575569358177
0022400840,159,33,9,43,10,1,1.120507399577167,0.8642857142857143,0.9684385382059801
0022400841,162,22,3,26,4,1,1.132867132867133,1.1,1.2461538461538464
0022400842,175,17,5,22,5,0,2.339572192513369,0.7727272727272727,1.8078512396694213
0022400843,173,23,1,24,1,0,0.3134057971014493,0.9583333333333334,0.3003472222222222
0022400844,181,24,3,27,3,0,0.8379629629629629,0.8888888888888888,0.7448559670781892
0022400845,156,32,6,39,7,1,0.875,0.9624060150375939,0.8421052631578947
0022400846,189,21,4,27,6,2,2.0,1.1199999999999999,2.24
0022400847,182,23,0,23,0,0,0.0,,0.0
0022400848,170,16,6,24,8,2,3.5416666666666665,0.9090909090909091,3.2196969696969697
0022400849,149,34,7,45,11,4,1.0712418300653594,1.1308203991130823,1.2113821138211383
0022400850,173,34,3,37,3,0,0.41255961844197137,0.918918918918919,0.379108838568298
0022400851,188,26,2,28,2,0,0.5164835164835164,0.9285714285714286,0.47959183673469385
0022400852,160,24,2,27,3,1,0.7407407407407407,1.2307692307692308,0.9116809116809116
0022400853,167,30,5,37,7,2,1.0531531531531533,1.1020408163265305,1.1606177606177608
0022400854,164,19,3,22,3,0,1.1770334928229664,0.8636363636363636,1.0165289256198347
0022400855,189,32,3,35,3,0,0.50625,0.9142857142857143,0.4628571428571429
0022400856,174,26,5,31,5,0,1.0794044665012406,0.8387096774193549,0.9053069719042663
0022400857,166,20,4,25,5,1,1.6600000000000001,1.0,1.66
0022400858,182,24,0,24,0,0,0.0,,0.0
0022400859,162,26,5,31,5,0,1.0049627791563276,0.8387096774193549,0.8428720083246618
0022400860,183,18,2,20,2,0,1.0166666666666668,0.8999999999999999,0.915
0022400861,168,32,11,43,11,0,1.3430232558139537,0.7441860465116279,0.9994591671173608
0022400862,166,27,1,28,1,0,0.21957671957671956,0.9642857142857143,0.21173469387755103
0022400863,175,29,3,32,3,0,0.5657327586206897,0.90625,0.5126953125
0022400864,167,29,3,33,4,1,0.6980146290491118,1.1328125,0.7907196969696969
0022400865,168,28,6,37,9,3,1.4594594594594597,1.0980392156862746,1.602543720190779
0022400866,155,29,4,34,5,1,0.7860040567951319,1.0545454545454545,0.8288770053475937
0022400867,186,34,8,44,10,2,1.2433155080213902,0.9714285714285713,1.2077922077922076
0022400868,174,20,4,26,6,2,2.0076923076923077,1.1111111111111112,2.230769230769231
0022400869,175,21,4,27,6,2,1.8518518518518519,1.1199999999999999,2.074074074074074
0022400870,138,41,9,50,9,0,0.6058536585365853,0.8200000000000001,0.49679999999999996
0022400871,177,27,3,30,3,0,0.6555555555555556,0.8999999999999999,0.5900000000000001
0022400872,181,24,2,26,2,0,0.5801282051282052,0.9230769230769231,0.5355029585798817
0022400873,182,24,2,27,3,1,0.8425925925925926,1.2307692307692308,1.037037037037037
0022400874,152,25,9,34,9,0,1.6094117647058823,0.7352941176470589,1.1833910034602075
0022400875,170,29,9,40,11,2,1.6120689655172415,0.9019138755980862,1.4539473684210527
0022400876,168,22,2,24,2,0,0.6363636363636362,0.9166666666666667,0.5833333333333334
0022400877,161,29,4,35,6,2,0.9517241379310345,1.1717171717171715,1.1151515151515152
0022400878,170,29,6,35,6,0,1.0049261083743841,0.8285714285714286,0.8326530612244898
0022400879,187,30,3,33,3,0,0.5666666666666667,0.9090909090909091,0.5151515151515151
0022400880,163,22,3,25,3,0,0.889090909090909,0.8800000000000001,0.7824
0022400881,175,33,7,42,9,2,1.1363636363636362,1.0083333333333333,1.1458333333333335
0022400882,173,20,3,23,3,0,1.1282608695652174,0.8695652173913044,0.9810964083175804
0022400883,151,35,9,45,10,1,0.9587301587301588,0.8750000000000001,0.8388888888888889
0022400884,188,29,3,32,3,0,0.6077586206896551,0.90625,0.55078125
0022400885,167,22,6,28,6,0,1.6266233766233764,0.7857142857142857,1.278061224489796
0022400886,184,30,2,32,2,0,0.3833333333333333,0.9375,0.359375
0022400887,168,26,4,32,6,2,1.2115384615384615,1.1555555555555557,1.4
0022400888,169,24,4,28,4,0,1.005952380952381,0.8571428571428571,0.8622448979591836
0022400889,149,29,9,38,10,1,1.352087114337568,0.8394736842105264,1.1350415512465373
0022400890,172,25,2,27,2,0,0.5096296296296295,0.9259259259259258,0.47187928669410145
0022400891,167,23,3,26,3,0,0.8377926421404682,0.8846153846153847,0.7411242603550297
0022400892,162,27,5,32,5,0,0.9375,0.84375,0.791015625
0022400893,166,28,4,32,4,0,0.7410714285714286,0.875,0.6484375
0022400894,177,31,1,32,1,0,0.17842741935483872,0.96875,0.1728515625
0022400895,176,31,5,37,6,1,0.9206625980819529,1.0046296296296295,0.924924924924925
0022400896,170,23,6,30,7,1,1.7246376811594204,0.9064039408866994,1.5632183908045976
0022400897,191,18,1,19,1,0,0.5584795321637427,0.9473684210526315,0.5290858725761773
0022400898,160,27,3,32,5,2,0.9259259259259258,1.2599999999999998,1.1666666666666667
0022400899,170,28,2,30,2,0,0.40476190476190477,0.9333333333333333,0.37777777777777777
0022400900,163,20,4,25,5,1,1.6300000000000001,1.0,1.63
0022400901,158,32,6,39,7,1,0.8862179487179488,0.9624060150375939,0.8529014844804318
0022400902,159,29,8,38,9,1,1.2985480943738656,0.8708708708708708,1.1308677098150781
0022400903,170,37,5,43,6,1,0.6411062225015713,1.027777777777778,0.6589147286821706
0022400904,160,36,8,48,12,4,1.1111111111111112,1.0909090909090908,1.212121212121212
0022400905,169,37,4,41,4,0,0.4456163480553724,0.9024390243902439,0.4021415823914337
0022400906,183,26,3,29,3,0,0.7281167108753316,0.896551724137931,0.652794292508918
0022400907,170,20,0,20,0,0,0.0,,0.0
0022400908,180,22,4,26,4,0,1.2587412587412588,0.8461538461538461,1.0650887573964498
0022400909,188,29,4,34,5,1,0.9533468559837729,1.0545454545454545,1.0053475935828877
0022400910,159,27,3,31,4,1,0.7598566308243728,1.125,0.8548387096774193
0022400911,170,24,2,26,2,0,0.5448717948717949,0.9230769230769231,0.5029585798816568
0022400912,150,21,4,26,5,1,1.3736263736263736,1.008,1.3846153846153848
0022400913,179,23,2,26,3,1,0.8979933110367894,1.2266666666666666,1.1015384615384616
0022400914,167,33,3,36,3,0,0.4217171717171717,0.9166666666666667,0.386574074074074
0022400915,173,28,3,32,4,1,0.7723214285714286,1.129032258064516,0.871975806451613
0022400916,184,27,2,29,2,0,0.4699872286079182,0.9310344827586208,0.43757431629013077
0022400917,152,33,6,39,6,0,0.7086247086247086,0.8461538461538461,0.5996055226824457
0022400918,166,23,3,26,3,0,0.8327759197324415,0.8846153846153847,0.7366863905325444
0022400919,159,40,9,53,13,4,0.975,1.0675039246467817,1.0408163265306123
0022400920,164,32,3,35,3,0,0.4392857142857143,0.9142857142857143,0.4016326530612245
0022400921,178,20,1,21,1,0,0.4238095238095238,0.9523809523809523,0.4036281179138322
0022400922,175,24,1,25,1,0,0.2916666666666667,0.96,0.28
0022400923,159,27,8,35,8,0,1.3460317460317461,0.7714285714285715,1.0383673469387755
0022400924,182,31,4,38,7,3,1.0814940577249574,1.2653061224489797,1.3684210526315788
0022400925,171,21,7,29,8,1,2.2463054187192117,0.84375,1.8953201970443352
0022400926,168,35,7,43,8,1,0.8930232558139535,0.9375,0.8372093023255814
0022400927,164,28,5,37,9,4,1.4247104247104247,1.2255892255892256,1.7461097461097461
0022400928,174,27,3,31,4,1,0.8315412186379928,1.125,0.9354838709677419
0022400929,177,22,0,22,0,0,0.0,,0.0
0022400930,155,32,2,34,2,0,0.2849264705882353,0.9411764705882353,0.2681660899653979
0022400931,166,26,0,26,0,0,0.0,,0.0
0022400932,168,29,4,34,5,1,0.8519269776876268,1.0545454545454545,0.8983957219251337
0022400933,186,27,3,30,3,0,0.6888888888888889,0.8999999999999999,0.6200000000000001
0022400934,153,24,8,32,8,0,1.59375,0.75,1.1953125
0022400935,161,34,4,38,4,0,0.49845201238390086,0.8947368421052632,0.445983379501385
0022400936,170,27,3,30,3,0,0.6296296296296297,0.8999999999999999,0.5666666666666667
0022400937,157,33,7,41,8,1,0.9283074648928308,0.928125,0.8615853658536585
0022400938,177,24,1,25,1,0,0.295,0.96,0.2832
0022400939,164,29,7,37,8,1,1.2227399813606712,0.90625,1.1081081081081081
0022400940,165,26,2,29,3,1,0.6564986737400531,1.2380952380952381,0.8128078817733989
0022400941,176,23,5,32,9,4,2.1521739130434785,1.1865079365079365,2.553571428571429
0022400942,163,27,5,35,8,3,1.37989417989418,1.16015625,1.6008928571428571
0022400943,168,28,2,30,2,0,0.4,0.9333333333333333,0.3733333333333333
0022400944,164,36,7,43,7,0,0.7416020671834626,0.8372093023255814,0.6208761492698757
0022400945,175,30,7,39,9,2,1.3461538461538463,0.990990990990991,1.3340263340263339
0022400946,154,30,7,40,10,3,1.2833333333333332,1.054054054054054,1.3527027027027028
0022400947,179,27,4,32,5,1,1.0358796296296295,1.0451612903225806,1.0826612903225805
0022400948,162,21,4,25,4,0,1.2342857142857144,0.84,1.0368000000000002
0022400949,157,29,5,34,5,0,0.7961460446247466,0.8529411764705881,0.6790657439446367
0022400950,182,28,6,34,6,0,1.1470588235294117,0.823529411764706,0.9446366782006921
0022400951,179,26,2,28,2,0,0.4917582417582417,0.9285714285714286,0.45663265306122447
0022400952,163,25,5,30,5,0,1.0866666666666667,0.8333333333333334,0.9055555555555556
0022400953,179,25,4,29,4,0,0.9875862068965517,0.8620689655172414,0.8513674197384067
0022400954,172,32,9,45,13,4,1.5527777777777776,1.020637898686679,1.5848238482384822
0022400955,170,31,6,37,6,0,0.889276373147341,0.8378378378378378,0.7450693937180424
0022400956,161,30,4,36,6,2,0.8944444444444445,1.1764705882352942,1.0522875816993462
0022400957,164,25,6,33,8,2,1.5903030303030303,1.0080645161290323,1.603128054740958
0022400958,158,27,0,27,0,0,0.0,,0.0
0022400959,158,26,4,31,5,1,0.9801488833746899,1.04,1.0193548387096774
0022400960,170,24,6,30,6,0,1.4166666666666667,0.8,1.1333333333333333
0022400961,186,18,2,20,2,0,1.0333333333333334,0.8999999999999999,0.93
0022400962,181,34,3,39,5,2,0.6825037707390649,1.2864864864864864,0.878031878031878
0022400963,163,31,6,38,7,1,0.9685908319185058,0.9575289575289574,0.9274537695590327
0022400964,169,22,6,31,9,3,2.2302052785923756,1.0476190476190477,2.336405529953917
0022400965,168,30,6,38,8,2,1.1789473684210525,1.0416666666666667,1.2280701754385965
0022400966,181,38,7,47,9,2,0.9120940649496081,1.032098765432099,0.941371158392435
0022400967,163,23,5,30,7,2,1.6536231884057973,1.0561224489795917,1.7464285714285712
0022400968,141,24,6,30,6,0,1.175,0.8,0.9400000000000001
0022400969,182,26,3,29,3,0,0.7241379310344828,0.896551724137931,0.6492271105826397
0022400970,170,32,4,37,5,1,0.7179054054054055,1.0666666666666667,0.7657657657657658
0022400971,173,24,2,26,2,0,0.5544871794871796,0.9230769230769231,0.5118343195266272
0022400972,177,23,3,26,3,0,0.8879598662207359,0.8846153846153847,0.7855029585798816
0022400973,174,25,4,29,4,0,0.9600000000000001,0.8620689655172414,0.8275862068965517
0022400974,161,23,5,28,5,0,1.25,0.8214285714285714,1.0267857142857144
0022400975,180,28,3,31,3,0,0.6221198156682027,0.9032258064516129,0.5619146722164412
0022400976,170,35,3,38,3,0,0.38345864661654133,0.9210526315789475,0.353185595567867
0022400977,149,36,6,44,8,2,0.7525252525252525,1.0714285714285714,0.8062770562770563
0022400978,170,27,4,32,5,1,0.9837962962962964,1.0451612903225806,1.028225806451613
0022400979,165,27,9,37,10,1,1.6516516516516517,0.8250000000000001,1.3626126126126128
0022400980,163,30,5,35,5,0,0.7761904761904762,0.8571428571428571,0.6653061224489796
0022400981,175,27,5,32,5,0,1.0127314814814816,0.84375,0.8544921875
0022400982,159,34,5,40,6,1,0.7014705882352941,1.0170940170940173,0.7134615384615384
0022400983,176,26,5,34,8,3,1.592760180995475,1.153225806451613,1.8368121442125238
0022400984,172,21,1,22,1,0,0.37229437229437234,0.9545454545454545,0.35537190082644626
0022400985,179,34,7,42,8,1,1.0028011204481793,0.9329268292682927,0.935540069686411
0022400986,192,36,3,39,3,0,0.4102564102564103,0.9230769230769231,0.37869822485207105
0022400987,170,24,5,31,7,2,1.5994623655913978,1.064039408866995,1.7018909899888766
0022400988,164,22,5,27,5,0,1.3804713804713804,0.8148148148148148,1.1248285322359395
0022400989,182,28,3,31,3,0,0.6290322580645161,0.9032258064516129,0.5681581685744016
0022400990,173,28,5,34,6,1,1.0903361344537816,0.98989898989899,1.0793226381461676
0022400991,160,29,3,32,3,0,0.5172413793103449,0.90625,0.46875
0022400992,171,30,5,37,7,2,1.0783783783783785,1.1020408163265305,1.1884169884169886
0022400993,166,29,2,32,3,1,0.5366379310344828,1.2473118279569892,0.6693548387096775
0022400994,158,26,3,29,3,0,0.6286472148541115,0.896551724137931,0.5636147443519619
0022400995,178,18,4,23,5,1,2.1497584541062804,0.9818181818181817,2.110671936758893
0022400996,163,29,4,33,4,0,0.6812957157784744,0.8787878787878788,0.5987144168962351
0022400997,149,31,9,42,11,2,1.2588325652841783,0.915909090909091,1.1529761904761906
0022400998,168,33,9,45,12,3,1.3575757575757577,0.9821428571428572,1.3333333333333333
0022400999,162,26,5,34,8,3,1.4660633484162897,1.153225806451613,1.6907020872865277
0022401000,172,28,1,29,1,0,0.21182266009852216,0.9655172413793103,0.20451843043995244
0022401001,158,36,3,39,4,1,0.45014245014245013,1.153846153846154,0.5193951347797501
0022401002,173,23,2,26,3,1,0.8678929765886289,1.2266666666666666,1.0646153846153845
0022401003,161,30,2,32,2,0,0.3354166666666667,0.9375,0.314453125
0022401004,179,35,4,40,5,1,0.6392857142857143,1.0769230769230769,0.6884615384615385
0022401005,174,30,4,35,5,1,0.8285714285714285,1.0588235294117647,0.8773109243697479
0022401006,175,26,5,31,5,0,1.08560794044665,0.8387096774193549,0.9105098855359002
0022401007,175,21,6,28,7,1,2.0833333333333335,0.888888888888889,1.8518518518518519
0022401008,175,26,2,28,2,0,0.4807692307692307,0.9285714285714286,0.4464285714285714
0022401009,166,25,4,30,5,1,1.1066666666666665,1.0344827586206897,1.1448275862068966
0022401010,162,27,6,33,6,0,1.090909090909091,0.8181818181818181,0.8925619834710744
0022401011,183,32,5,37,5,0,0.7728040540540541,0.8648648648648649,0.6683710737764792
0022401012,160,30,4,34,4,0,0.6274509803921569,0.8823529411764706,0.5536332179930796
0022401013,161,30,7,37,7,0,1.0153153153153154,0.8108108108108107,0.8232286340394449
0022401014,174,26,1,27,1,0,0.24786324786324784,0.9629629629629629,0.23868312757201643
0022401015,165,24,2,26,2,0,0.5288461538461539,0.9230769230769231,0.48816568047337283
0022401016,166,29,3,33,4,1,0.6938349007314525,1.1328125,0.7859848484848485
0022401017,170,21,4,25,4,0,1.2952380952380953,0.84,1.088
0022401018,179,24,4,28,4,0,1.0654761904761905,0.8571428571428571,0.9132653061224489
0022401019,174,29,3,34,5,2,0.8823529411764707,1.26875,1.119485294117647
0022401020,166,23,5,28,5,0,1.2888198757763976,0.8214285714285714,1.0586734693877553
0022401021,167,23,4,27,4,0,1.075684380032206,0.851851851851852,0.9163237311385459
0022401022,158,32,3,37,5,2,0.6672297297297298,1.28,0.8540540540540541
0022401023,170,24,6,30,6,0,1.4166666666666667,0.8,1.1333333333333333
0022401024,169,32,3,35,3,0,0.45267857142857143,0.9142857142857143,0.4138775510204082
0022401025,170,23,7,32,9,2,2.078804347826087,0.9370370370370371,1.9479166666666665
0022401026,175,32,3,35,3,0,0.46875,0.9142857142857143,0.42857142857142855
0022401027,153,29,2,31,2,0,0.3403781979977753,0.935483870967742,0.3184183142559833
0022401028,182,26,3,29,3,0,0.7241379310344828,0.896551724137931,0.6492271105826397
0022401029,161,33,4,38,5,1,0.6419457735247208,1.0702702702702704,0.6870554765291608
0022401030,165,33,4,37,4,0,0.5405405405405406,0.891891891891892,0.4821037253469686
0022401031,159,34,6,41,7,1,0.7984218077474893,0.9714285714285713,0.775609756097561
0022401032,166,21,4,26,5,1,1.5201465201465203,1.008,1.5323076923076924
0022401033,177,26,4,31,5,1,1.098014888337469,1.04,1.1419354838709677
0022401034,162,22,2,24,2,0,0.6136363636363636,0.9166666666666667,0.5625
0022401035,151,24,7,36,12,5,2.097222222222222,1.096774193548387,2.300179211469534
0022401036,160,30,6,35,6,0,0.9142857142857143,0.8333333333333334,0.7619047619047619
0022401037,187,19,3,22,3,0,1.3421052631578947,0.8636363636363636,1.159090909090909
0022401038,149,29,3,34,5,2,0.7555780933062881,1.26875,0.9586397058823529
0022401039,176,29,7,38,9,2,1.4373865698729582,0.9845679012345679,1.4152046783625731
0022401040,166,22,3,25,3,0,0.9054545454545454,0.8800000000000001,0.7968
0022401041,160,27,4,32,5,1,0.9259259259259258,1.0451612903225806,0.9677419354838709
0022401042,172,26,5,31,5,0,1.066997518610422,0.8387096774193549,0.894901144640999
0022401043,149,30,6,36,6,0,0.8277777777777778,0.8333333333333334,0.6898148148148148
0022401044,168,29,1,30,1,0,0.19310344827586207,0.9666666666666666,0.18666666666666665
0022401045,156,31,3,35,4,1,0.5751152073732719,1.1397058823529413,0.6554621848739496
0022401046,152,26,7,36,10,3,1.623931623931624,1.0242424242424244,1.6632996632996633
0022401047,159,23,2,25,2,0,0.5530434782608696,0.92,0.5088
0022401048,178,24,3,27,3,0,0.8240740740740741,0.8888888888888888,0.7325102880658435
0022401049,169,32,5,37,5,0,0.7136824324324325,0.8648648648648649,0.6172388604821037
0022401050,158,25,8,36,11,3,1.9311111111111112,0.9641873278236914,1.861952861952862
0022401051,164,27,3,30,3,0,0.6074074074074074,0.8999999999999999,0.5466666666666667
0022401052,175,22,5,27,5,0,1.473063973063973,0.8148148148148148,1.2002743484224965
0022401053,169,21,5,26,5,0,1.5476190476190477,0.8076923076923077,1.25
0022401054,170,28,10,39,11,1,1.7124542124542124,0.8038277511961721,1.376518218623482
0022401055,157,27,9,36,9,0,1.4537037037037037,0.75,1.0902777777777777
0022401056,155,28,4,32,4,0,0.6919642857142858,0.875,0.60546875
0022401057,177,21,2,23,2,0,0.732919254658385,0.9130434782608695,0.6691871455576559
0022401058,161,30,3,33,3,0,0.4878787878787879,0.9090909090909091,0.4435261707988981
0022401059,173,27,5,32,5,0,1.0011574074074074,0.84375,0.8447265625
0022401060,164,29,2,31,2,0,0.36484983314794217,0.935483870967742,0.3413111342351717
0022401061,178,25,4,29,4,0,0.9820689655172413,0.8620689655172414,0.8466111771700356
0022401062,177,17,4,21,4,0,1.9831932773109242,0.8095238095238095,1.605442176870748
0022401063,181,24,5,29,5,0,1.3002873563218391,0.8275862068965518,1.0760998810939357
0022401064,175,29,4,35,6,2,1.0344827586206897,1.1717171717171715,1.212121212121212
0022401065,164,27,4,31,4,0,0.7837514934289127,0.8709677419354839,0.6826222684703434
0022401066,159,29,7,36,7,0,1.0660919540229885,0.8055555555555556,0.8587962962962963
0022401067,157,35,10,48,13,3,1.2148809523809523,0.9572649572649574,1.162962962962963
0022401068,165,35,4,39,4,0,0.48351648351648346,0.8974358974358974,0.4339250493096647
0022401069,173,21,4,25,4,0,1.3180952380952382,0.84,1.1072
0022401070,166,25,2,27,2,0,0.49185185185185176,0.9259259259259258,0.45541838134430723
0022401071,164,26,3,28,3,0,0.6758241758241758,0.896551724137931,0.6059113300492611
0022401072,149,32,6,42,10,4,1.1086309523809523,1.1789473684210525,1.307017543859649
0022401073,176,29,2,32,3,1,0.5689655172413793,1.2473118279569892,0.7096774193548386
0022401074,165,27,5,32,5,0,0.9548611111111112,0.84375,0.8056640625
0022401075,162,30,4,34,4,0,0.6352941176470589,0.8823529411764706,0.5605536332179931
0022401076,162,20,4,25,5,1,1.62,1.0,1.62
0022401077,188,27,4,32,5,1,1.0879629629629628,1.0451612903225806,1.1370967741935485
0022401078,168,31,8,40,9,1,1.2193548387096773,0.8831908831908832,1.0769230769230769
0022401079,178,27,4,32,5,1,1.0300925925925926,1.0451612903225806,1.0766129032258065
0022401080,159,25,6,32,7,1,1.39125,0.9216589861751152,1.282258064516129
0022401081,180,26,5,32,6,1,1.2980769230769231,0.9784946236559141,1.2701612903225807
0022401082,165,22,3,25,3,0,0.9,0.8800000000000001,0.7919999999999999
0022401083,164,36,9,47,11,2,1.066193853427896,0.9454545454545455,1.0080378250591016
0022401084,153,33,8,42,9,1,0.9935064935064934,0.8943089430894309,0.8885017421602788
0022401085,177,25,6,32,7,1,1.54875,0.9216589861751152,1.4274193548387097
0022401086,180,27,4,31,4,0,0.8602150537634409,0.8709677419354839,0.7492195629552549
0022401087,194,21,3,24,3,0,1.1547619047619047,0.875,1.0104166666666665
0022401088,175,29,5,35,6,1,1.0344827586206897,0.9950980392156862,1.0294117647058825
0022401089,170,19,4,22,4,0,1.6267942583732058,0.8260869565217391,1.3438735177865615
0022401090,176,23,4,28,5,1,1.3664596273291927,1.0222222222222224,1.3968253968253967
0022401091,157,26,5,32,6,1,1.1322115384615385,0.9784946236559141,1.1078629032258065
0022401092,185,24,6,30,6,0,1.5416666666666667,0.8,1.2333333333333334
0022401093,180,24,2,26,2,0,0.576923076923077,0.9230769230769231,0.5325443786982249
0022401094,202,23,3,26,3,0,1.0133779264214047,0.8846153846153847,0.8964497041420119
0022401095,157,32,4,36,4,0,0.5451388888888888,0.8888888888888888,0.4845679012345679
0022401096,171,26,3,29,3,0,0.6803713527851459,0.896551724137931,0.6099881093935791
0022401097,186,32,5,37,5,0,0.7854729729729729,0.8648648648648649,0.679327976625274
0022401098,162,26,7,34,8,1,1.4660633484162897,0.8863636363636365,1.2994652406417113
0022401099,182,20,5,27,7,2,2.359259259259259,1.0285714285714285,2.4266666666666663
0022401100,176,32,6,39,7,1,0.9871794871794871,0.9624060150375939,0.9500674763832658
0022401101,165,28,2,31,3,1,0.5702764976958525,1.2444444444444445,0.7096774193548386
0022401102,183,38,7,47,10,3,1.024636058230683,1.097777777777778,1.124822695035461
0022401103,160,26,7,34,8,1,1.4479638009049773,0.8863636363636365,1.2834224598930482
0022401104,165,23,3,27,4,1,1.0628019323671496,1.1057692307692308,1.1752136752136753
0022401105,166,26,6,35,9,3,1.6417582417582415,1.0833333333333333,1.7785714285714285
0022401106,147,24,3,28,4,1,0.875,1.1111111111111112,0.9722222222222222
0022401107,177,26,4,30,4,0,0.9076923076923077,0.8666666666666667,0.7866666666666667
0022401108,167,31,6,40,9,3,1.2120967741935484,1.117117117117117,1.354054054054054
0022401109,177,27,4,32,5,1,1.0243055555555556,1.0451612903225806,1.0705645161290323
0022401110,186,24,2,26,2,0,0.5961538461538463,0.9230769230769231,0.5502958579881657
0022401111,169,22,3,25,3,0,0.9218181818181818,0.8800000000000001,0.8111999999999999
0022401112,151,25,4,29,4,0,0.833103448275862,0.8620689655172414,0.7181926278240189
0022401113,159,23,4,27,4,0,1.0241545893719806,0.851851851851852,0.8724279835390947
0022401114,166,27,4,32,5,1,0.9606481481481481,1.0451612903225806,1.0040322580645162
0022401115,163,26,4,31,5,1,1.011166253101737,1.04,1.0516129032258064
0022401116,173,24,5,31,7,2,1.627688172043011,1.064039408866995,1.731924360400445
0022401117,149,27,6,38,11,5,1.5974658869395713,1.1900826446280992,1.9011164274322168
0022401118,156,32,5,39,7,2,0.875,1.111969111969112,0.972972972972973
0022401119,168,31,7,38,7,0,0.9983022071307299,0.8157894736842105,0.814404432132964
0022401120,165,20,4,24,4,0,1.3749999999999998,0.8333333333333334,1.1458333333333333
0022401121,169,27,6,36,9,3,1.5648148148148147,1.0909090909090908,1.707070707070707
0022401122,184,29,4,33,4,0,0.7690700104493208,0.8787878787878788,0.6758494031221305
0022401123,173,28,5,33,5,0,0.9361471861471862,0.8484848484848485,0.7943067033976126
0022401124,181,22,2,24,2,0,0.6856060606060606,0.9166666666666667,0.6284722222222222
0022401125,169,24,3,27,3,0,0.7824074074074073,0.8888888888888888,0.6954732510288065
0022401126,156,25,9,35,10,1,1.7828571428571427,0.8088235294117648,1.442016806722689
0022401127,167,30,4,34,4,0,0.6549019607843137,0.8823529411764706,0.5778546712802768
0022401128,166,25,3,30,5,2,1.1066666666666665,1.2499999999999998,1.3833333333333335
0022401129,174,31,4,35,4,0,0.6414746543778801,0.8857142857142858,0.5681632653061224
0022401130,156,27,8,36,9,1,1.4444444444444444,0.8571428571428572,1.2380952380952381
0022401131,180,30,4,33,4,0,0.7272727272727273,0.8823529411764706,0.6417112299465241
0022401132,167,30,5,38,8,3,1.1719298245614034,1.1785714285714286,1.381203007518797
0022401133,169,34,6,41,7,1,0.8486370157819226,0.9714285714285713,0.8243902439024391
0022401134,190,27,5,33,6,1,1.2794612794612794,0.9843750000000001,1.259469696969697
0022401135,165,25,2,27,2,0,0.4888888888888889,0.9259259259259258,0.45267489711934156
0022401136,171,24,9,34,10,1,2.0955882352941178,0.8,1.6764705882352944
0022401137,165,16,2,18,2,0,1.1458333333333333,0.8888888888888888,1.0185185185185186
0022401138,170,24,3,28,4,1,1.0119047619047619,1.1111111111111112,1.1243386243386244
0022401139,180,25,7,34,9,2,1.9058823529411764,0.9548611111111112,1.8198529411764706
0022401140,156,31,3,34,3,0,0.44402277039848204,0.911764705882353,0.4048442906574395
0022401141,151,25,6,34,9,3,1.5988235294117645,1.075268817204301,1.7191650853889944
0022401142,180,29,3,32,3,0,0.5818965517241379,0.90625,0.52734375
0022401143,176,22,1,23,1,0,0.34782608695652173,0.9565217391304348,0.332703213610586
0022401144,152,25,9,38,13,4,2.08,0.9615384615384617,2.0
0022401145,170,22,3,26,4,1,1.1888111888111887,1.1,1.3076923076923077
0022401146,168,28,3,32,4,1,0.75,1.129032258064516,0.846774193548387
0022401147,178,26,3,29,3,0,0.7082228116710876,0.896551724137931,0.6349583828775267
0022401148,154,33,4,39,6,2,0.7179487179487181,1.1891891891891893,0.8537768537768538
0022401149,154,33,6,42,9,3,1.0,1.1282051282051282,1.1282051282051282
0022401150,167,32,6,39,7,1,0.9366987179487178,0.9624060150375939,0.9014844804318488
0022401151,173,28,6,35,7,1,1.2357142857142858,0.9411764705882353,1.1630252100840335
0022401152,163,24,2,26,2,0,0.5224358974358975,0.9230769230769231,0.4822485207100592
0022401153,164,30,6,37,7,1,1.0342342342342343,0.9523809523809523,0.984984984984985
0022401154,177,23,5,28,5,0,1.374223602484472,0.8214285714285714,1.128826530612245
0022401155,174,24,4,28,4,0,1.0357142857142856,0.8571428571428571,0.8877551020408163
0022401156,168,13,1,14,1,0,0.923076923076923,0.9285714285714286,0.8571428571428571
0022401157,172,33,4,38,5,1,0.6858054226475279,1.0702702702702704,0.7339971550497866
0022401158,182,19,5,24,5,0,1.9956140350877194,0.7916666666666667,1.5798611111111112
0022401159,161,27,2,29,2,0,0.41123882503192843,0.9310344827586208,0.38287752675386444
0022401160,186,17,4,21,4,0,2.084033613445378,0.8095238095238095,1.6870748299319727
0022401161,181,29,4,34,5,1,0.9178498985801217,1.0545454545454545,0.9679144385026738
0022401162,195,34,6,41,7,1,0.9791965566714492,0.9714285714285713,0.951219512195122
0022401163,150,34,6,40,6,0,0.6617647058823529,0.85,0.5625
0022401164,172,28,5,33,5,0,0.9307359307359307,0.8484848484848485,0.7897153351698806
0022401165,155,29,5,34,5,0,0.7860040567951319,0.8529411764705881,0.6704152249134948
0022401166,177,21,2,23,2,0,0.732919254658385,0.9130434782608695,0.6691871455576559
0022401167,154,28,8,37,9,1,1.337837837837838,0.8641975308641977,1.1561561561561562
0022401168,171,26,3,30,4,1,0.8769230769230769,1.1206896551724137,0.9827586206896551
0022401169,177,31,8,40,9,1,1.2846774193548387,0.8831908831908832,1.1346153846153846
0022401170,172,30,4,34,4,0,0.6745098039215686,0.8823529411764706,0.5951557093425606
0022401171,167,27,4,34,7,3,1.2734204793028323,1.2442396313364055,1.5844402277039848
0022401172,174,32,6,39,7,1,0.9759615384615384,0.9624060150375939,0.9392712550607286
0022401173,176,23,3,27,4,1,1.1336553945249597,1.1057692307692308,1.2535612535612535
0022401174,178,20,3,23,3,0,1.1608695652173913,0.8695652173913044,1.0094517958412097
0022401175,157,28,4,32,4,0,0.7008928571428572,0.875,0.61328125
0022401176,180,23,4,27,4,0,1.1594202898550725,0.851851851851852,0.9876543209876543
0022401177,186,23,4,28,5,1,1.4440993788819876,1.0222222222222224,1.476190476190476
0022401178,184,21,5,26,5,0,1.6849816849816852,0.8076923076923077,1.3609467455621305
0022401179,149,29,6,36,7,1,0.9990421455938697,0.946938775510204,0.946031746031746
0022401180,171,33,4,37,4,0,0.5601965601965603,0.891891891891892,0.49963476990504024
0022401181,191,25,1,26,1,0,0.29384615384615387,0.9615384615384615,0.28254437869822485
0022401182,183,14,1,15,1,0,0.8714285714285714,0.9333333333333333,0.8133333333333334
0022401183,173,28,6,34,6,0,1.0903361344537816,0.823529411764706,0.8979238754325259
0022401184,159,21,5,27,6,1,1.6825396825396826,0.9423076923076923,1.5854700854700854
0022401185,181,27,3,31,4,1,0.8649940262843488,1.125,0.9731182795698925
0022401186,181,17,2,19,2,0,1.1207430340557276,0.8947368421052632,1.002770083102493
0022401187,155,25,3,28,3,0,0.6642857142857143,0.8928571428571428,0.5931122448979592
0022401188,159,30,6,38,8,2,1.1157894736842104,1.0416666666666667,1.162280701754386
0022401189,214,35,3,38,3,0,0.48270676691729325,0.9210526315789475,0.4445983379501385
0022401190,180,20,5,25,5,0,1.8000000000000003,0.8,1.44
0022401191,186,26,3,29,3,0,0.740053050397878,0.896551724137931,0.6634958382877527
0022401192,186,28,5,33,5,0,1.0064935064935066,0.8484848484848485,0.8539944903581267
0022401193,164,31,5,36,5,0,0.7347670250896058,0.861111111111111,0.6327160493827161
0022401194,183,24,2,26,2,0,0.5865384615384616,0.9230769230769231,0.5414201183431954
0022401195,170,23,3,26,3,0,0.8528428093645486,0.8846153846153847,0.7544378698224852
0022401196,164,26,12,40,14,2,2.2076923076923074,0.781954887218045,1.7263157894736842
0022401197,177,28,4,33,5,1,0.9577922077922078,1.05,1.0056818181818181
0022401198,165,34,2,36,2,0,0.2696078431372549,0.9444444444444444,0.25462962962962965
0022401199,155,25,4,29,4,0,0.8551724137931035,0.8620689655172414,0.737217598097503
0022401200,167,14,1,15,1,0,0.7952380952380953,0.9333333333333333,0.7422222222222222
0022401201,166,28,4,33,5,1,0.8982683982683983,1.05,0.9431818181818181
0022401202,177,21,4,25,4,0,1.3485714285714285,0.84,1.1328
0022401203,177,22,3,25,3,0,0.9654545454545453,0.8800000000000001,0.8495999999999999
0022401204,162,19,5,24,5,0,1.7763157894736843,0.7916666666666667,1.4062500000000002
0022401205,183,18,2,20,2,0,1.0166666666666668,0.8999999999999999,0.915
0022401206,172,28,3,31,3,0,0.5944700460829493,0.9032258064516129,0.5369406867845994
0022401207,163,29,6,36,8,2,1.2490421455938696,1.0357142857142858,1.2936507936507937
0022401208,164,32,4,36,4,0,0.5694444444444444,0.8888888888888888,0.5061728395061728
0022401209,165,24,7,34,10,3,2.022058823529412,1.0064516129032257,2.0351043643263758
0022401210,171,26,3,29,3,0,0.6803713527851459,0.896551724137931,0.6099881093935791
0022401211,177,30,5,35,5,0,0.8428571428571429,0.8571428571428571,0.7224489795918366
0022401212,174,31,5,36,5,0,0.7795698924731183,0.861111111111111,0.6712962962962964
0022401213,177,32,5,37,5,0,0.7474662162162162,0.8648648648648649,0.6464572680788898
0022401214,163,26,4,29,4,0,0.8647214854111406,0.8666666666666667,0.7494252873563219
0022401215,164,26,5,31,5,0,1.0173697270471465,0.8387096774193549,0.8532778355879292
0022401216,168,31,4,35,4,0,0.6193548387096773,0.8857142857142858,0.5485714285714285
0022401217,176,28,3,31,3,0,0.6082949308755761,0.9032258064516129,0.5494276795005203
0022401218,176,20,5,25,5,0,1.7600000000000002,0.8,1.408
0022401219,168,28,1,29,1,0,0.20689655172413793,0.9655172413793103,0.19976218787158145
0022401220,171,40,7,49,9,2,0.7852040816326531,1.0401891252955082,0.8167607468519323
0022401221,194,33,4,38,5,1,0.7735247208931418,1.0702702702702704,0.8278805120910384
0022401222,169,30,6,38,8,2,1.1859649122807017,1.0416666666666667,1.2353801169590641
0022401223,178,34,6,41,7,1,0.8938307030129126,0.9714285714285713,0.8682926829268294
0022401224,153,35,7,43,8,1,0.8132890365448505,0.9375,0.7624584717607973
0022401225,184,32,5,37,5,0,0.7770270270270271,0.8648648648648649,0.6720233747260774
0022401226,174,28,6,36,8,2,1.380952380952381,1.0294117647058825,1.4215686274509804
0022401227,155,28,5,33,5,0,0.8387445887445888,0.8484848484848485,0.711662075298439
0022401228,175,27,1,28,1,0,0.23148148148148148,0.9642857142857143,0.2232142857142857
0022401229,171,33,7,40,7,0,0.9068181818181819,0.825,0.748125
0022401230,153,36,8,45,9,1,0.8500000000000001,0.9090909090909091,0.7727272727272727
