game_id,player,pf,period,remaining,time_scaled,own_margin,margin,benched,keep,threshold,rim_change,opponent_points_change,net_next5
0022400007,1629655,2,2,320.0,2.470833333333333,6.0,6.0,1,0,0,0.41666666666666663,-0.4,4.0
0022400007,1629655,4,3,162.0,1.2347222222222223,-6.0,6.0,1,0,1,-0.25,-0.19999999999999996,-1.0
0022400011,1627751,2,2,696.0,2.986111111111111,-5.0,5.0,0,1,0,-0.1333333333333333,-0.19999999999999996,1.0
0022400018,1628983,2,1,454.0,3.6555555555555554,4.0,4.0,0,1,0,-0.6,0.39999999999999997,2.0
0022400018,203994,4,3,398.0,1.5680555555555555,-19.0,19.0,1,0,1,-0.8,-0.40000000000000013,2.0
0022400020,1628368,2,2,302.0,2.436111111111111,-7.0,7.0,0,1,0,0.0,-0.8,2.0
0022400023,1628991,2,1,329.0,3.477777777777778,-7.0,7.0,0,1,0,-0.19999999999999996,0.19999999999999996,0.0
0022400029,201572,2,1,354.0,3.498611111111111,9.0,9.0,1,0,0,0.3333333333333333,1.4,4.0
0022400029,201572,3,2,611.0,2.861111111111111,9.0,9.0,0,1,1,0.2,0.19999999999999996,-1.0
0022400033,1641726,3,2,304.0,2.452777777777778,8.0,8.0,1,0,1,-0.4,-0.6000000000000001,4.0
0022400033,1641726,4,3,432.0,1.6166666666666667,17.0,17.0,0,1,1,0.33333333333333337,1.0,-5.0
0022400033,1641726,5,4,433.0,0.6166666666666667,5.0,5.0,1,0,1,-0.2,0.6000000000000001,-3.0
0022400036,1628389,4,3,433.0,1.6319444444444444,-18.0,18.0,1,0,1,0.25,-0.3999999999999999,3.0
0022400037,203497,2,2,273.0,2.3819444444444446,-6.0,6.0,0,1,0,0.0,0.6000000000000001,3.0
0022400038,1631117,2,2,201.0,2.298611111111111,6.0,6.0,0,1,0,0.2,1.2000000000000002,1.0
0022400038,1631117,4,3,436.0,1.6222222222222222,1.0,1.0,0,1,1,-0.2,0.7999999999999999,4.0
0022400038,1631117,5,4,554.0,0.7888888888888889,-5.0,5.0,0,1,1,0.033333333333333354,0.3999999999999999,1.0
0022400041,1628378,2,2,685.0,2.9611111111111112,-2.0,2.0,0,1,0,0.033333333333333354,-0.7999999999999999,2.0
0022400045,1626167,2,2,239.0,2.341666666666667,-13.0,13.0,0,1,0,-0.3,-1.0,2.0
0022400046,1627751,2,2,455.0,2.6430555555555557,3.0,3.0,0,1,0,0.39999999999999997,0.6000000000000001,1.0
0022400046,1627751,4,3,217.0,1.3222222222222222,-1.0,1.0,1,0,1,-0.4,1.7999999999999998,-6.0
0022400046,1627751,5,4,165.0,0.24583333333333332,-7.0,7.0,0,1,1,0.0,1.4,0.0
0022400047,204001,2,1,328.0,3.4694444444444446,11.0,11.0,1,0,0,0.55,0.20000000000000018,-2.0
0022400048,1628983,2,2,211.0,2.3152777777777778,3.0,3.0,0,1,0,0.3,-0.19999999999999996,2.0
0022400049,1628368,5,4,124.0,0.2,-14.0,14.0,0,1,1,-0.25,-0.4,3.0
0022400054,1627751,5,4,193.0,0.28055555555555556,8.0,8.0,0,1,1,0.6666666666666666,0.6,0.0
0022400056,1628991,5,4,143.0,0.2263888888888889,5.0,5.0,0,1,1,0.0,1.4000000000000001,-5.0
0022400067,1630567,2,2,526.0,2.734722222222222,-8.0,8.0,0,1,0,-0.16666666666666669,-0.8,0.0
0022400067,1630567,4,3,612.0,1.8527777777777779,-20.0,20.0,0,1,1,-0.16666666666666669,-1.0000000000000002,3.0
0022400067,1627751,4,3,427.0,1.6097222222222223,-25.0,25.0,0,1,1,-0.08333333333333331,0.19999999999999996,1.0
0022400071,203994,2,1,527.0,3.7472222222222222,0.0,0.0,1,0,0,0.16666666666666669,-0.3999999999999999,1.0
0022400074,1629655,4,3,325.0,1.4652777777777777,7.0,7.0,1,0,1,-0.4,0.8000000000000003,-3.0
0022400074,1629655,5,4,660.0,0.9569444444444445,11.0,11.0,1,0,1,0.16666666666666666,0.2,9.0
0022400075,1628983,2,2,406.0,2.576388888888889,10.0,10.0,0,1,0,0.30000000000000004,1.2000000000000002,0.0
0022400076,203497,2,2,462.0,2.654166666666667,-3.0,3.0,0,1,0,-0.2,-0.7999999999999999,-2.0
0022400078,1627751,2,2,169.0,2.238888888888889,6.0,6.0,0,1,0,0.4444444444444444,-0.3999999999999999,3.0
0022400078,1627751,4,3,613.0,1.8763888888888889,8.0,8.0,1,0,1,-0.06666666666666671,0.6,1.0
0022400081,1626167,2,2,300.0,2.425,-6.0,6.0,0,1,0,0.19999999999999996,0.20000000000000018,2.0
0022400081,1626167,4,3,293.0,1.4305555555555556,-19.0,19.0,1,0,1,0.25,1.4,1.0
0022400082,1627832,2,1,374.0,3.5375,5.0,5.0,0,1,0,-0.3333333333333333,0.6000000000000001,0.0
0022400082,1627832,4,3,534.0,1.7569444444444444,-2.0,2.0,1,0,1,0.04999999999999999,0.7999999999999999,-2.0
0022400083,201572,2,2,122.0,2.1805555555555554,6.0,6.0,0,1,0,-0.16666666666666666,0.6000000000000001,-1.0
0022400091,1627936,2,2,610.0,2.8666666666666667,4.0,4.0,0,1,0,0.0,0.19999999999999996,4.0
0022400092,1628991,2,1,504.0,3.709722222222222,6.0,6.0,1,0,0,-0.15000000000000002,0.9999999999999999,2.0
0022400095,1641726,3,2,269.0,2.4,-12.0,12.0,1,0,1,0.3333333333333333,0.19999999999999996,5.0
0022400099,1630529,5,4,502.0,0.7222222222222222,-20.0,20.0,0,1,1,-0.09999999999999998,-0.7999999999999999,4.0
0022400102,1626167,4,3,379.0,1.5625,0.0,0.0,1,0,1,-0.2,0.4,7.0
0022400102,1626167,5,4,648.0,0.925,6.0,6.0,1,0,1,0.5,0.0,2.0
0022400106,1628378,2,2,610.0,2.8625,4.0,4.0,0,1,0,0.033333333333333354,0.8,0.0
0022400106,1630596,2,2,186.0,2.2736111111111112,-9.0,9.0,0,1,0,0.15000000000000002,-1.0,7.0
0022400109,1641705,2,2,700.0,3.0,-14.0,14.0,0,1,0,-0.16666666666666666,-1.0,1.0
0022400117,1627751,2,2,502.0,2.709722222222222,-19.0,19.0,0,1,0,0.2,0.19999999999999996,1.0
0022400118,1630596,3,2,698.0,2.9833333333333334,19.0,19.0,1,0,1,0.25,0.0,6.0
0022400118,1630596,4,3,624.0,1.8791666666666667,20.0,20.0,1,0,1,-0.6666666666666667,0.4,5.0
0022400118,1630596,5,4,426.0,0.6027777777777777,20.0,20.0,0,1,1,-0.3,-1.2,4.0
0022400122,1628389,2,1,257.0,3.3916666666666666,-1.0,1.0,1,0,0,0.0,-0.6,5.0
0022400122,1628389,3,2,269.0,2.408333333333333,3.0,3.0,1,0,1,0.3333333333333333,0.19999999999999996,1.0
0022400124,1628991,2,2,649.0,2.923611111111111,-1.0,1.0,0,1,0,0.04999999999999999,0.0,4.0
0022400128,1628991,2,2,536.0,2.7597222222222224,12.0,12.0,0,1,0,0.09999999999999998,0.19999999999999996,3.0
0022400128,201572,2,2,153.0,2.2305555555555556,-14.0,14.0,0,1,0,0.3,-0.40000000000000013,0.0
0022400128,201572,4,3,301.0,1.4347222222222222,-20.0,20.0,0,1,1,0.16666666666666669,1.0,-1.0
0022400129,1641726,2,1,345.0,3.5,-5.0,5.0,0,1,0,0.25,0.0,0.0
0022400129,1641726,3,2,313.0,2.459722222222222,-15.0,15.0,1,0,1,0.0,1.2000000000000002,0.0
0022400129,1629655,4,3,561.0,1.8041666666666667,-13.0,13.0,1,0,1,-0.0357142857142857,1.2,3.0
0022400129,1641726,4,3,420.0,1.5944444444444446,-14.0,14.0,1,0,1,-0.4,-0.19999999999999996,2.0
0022400130,1641705,2,2,524.0,2.75,0.0,0.0,0,1,0,-0.25,1.4,-5.0
0022400133,1628378,4,3,397.0,1.5722222222222222,15.0,15.0,1,0,1,-0.2666666666666666,-0.19999999999999996,0.0
0022400133,1628378,5,4,543.0,0.7694444444444445,20.0,20.0,0,1,1,-0.16666666666666666,0.5999999999999999,-1.0
0022400135,1628368,2,2,576.0,2.8194444444444446,14.0,14.0,1,0,0,0.25,2.0,1.0
0022400135,1628368,3,2,183.0,2.2736111111111112,5.0,5.0,0,1,1,-0.09999999999999998,-1.0,2.0
0022400136,1629651,2,2,417.0,2.598611111111111,15.0,15.0,1,0,0,0.08333333333333331,1.2000000000000002,0.0
0022400136,1629651,3,2,167.0,2.2402777777777776,11.0,11.0,0,1,1,-0.5,0.3999999999999999,-1.0
0022400137,1627751,2,2,167.0,2.2555555555555555,-19.0,19.0,0,1,0,0.4666666666666666,-1.0,-2.0
0022400138,1626167,2,1,124.0,3.202777777777778,1.0,1.0,1,0,0,0.0,-0.19999999999999996,-2.0
0022400138,1626167,3,2,127.0,2.186111111111111,2.0,2.0,1,0,1,0.6666666666666666,-1.4000000000000001,-2.0
0022400140,1627936,2,2,468.0,2.6708333333333334,15.0,15.0,0,1,0,0.05714285714285716,0.19999999999999996,-3.0
0022400140,1631096,2,2,187.0,2.2777777777777777,10.0,10.0,0,1,0,0.3333333333333333,1.2000000000000002,-2.0
0022400140,1631096,4,3,630.0,1.8847222222222222,0.0,0.0,1,0,1,-0.2666666666666666,0.6,3.0
0022400140,1627936,4,3,395.0,1.5777777777777777,5.0,5.0,0,1,1,0.16666666666666669,-0.39999999999999997,4.0
0022400142,1628991,2,2,563.0,2.8069444444444445,-5.0,5.0,0,1,0,0.6666666666666666,-1.0,1.0
0022400143,1627751,5,4,218.0,0.3138888888888889,7.0,7.0,0,1,1,-0.6,-0.20000000000000018,-1.0
0022400145,1630596,2,1,392.0,3.5527777777777776,-10.0,10.0,1,0,0,0.0,0.0,1.0
0022400145,201572,2,1,176.0,3.2666666666666666,8.0,8.0,0,1,0,0.16666666666666666,-2.0,1.0
0022400148,1631117,2,2,317.0,2.4805555555555556,-8.0,8.0,0,1,0,0.0,-0.20000000000000018,-2.0
0022400149,203994,2,2,284.0,2.4138888888888888,9.0,9.0,0,1,0,-0.75,0.3999999999999999,-3.0
0022400150,1627936,2,1,200.0,3.279166666666667,-5.0,5.0,0,1,0,-0.16666666666666666,0.8,0.0
0022400150,1627936,3,2,389.0,2.547222222222222,-10.0,10.0,0,1,1,0.3333333333333333,-0.4,3.0
0022400153,1641726,2,2,664.0,2.933333333333333,14.0,14.0,1,0,0,0.08333333333333334,0.4,4.0
0022400160,1631117,2,2,414.0,2.588888888888889,13.0,13.0,0,1,0,0.4666666666666666,-0.19999999999999996,3.0
0022400160,1631117,5,4,338.0,0.4708333333333333,5.0,5.0,0,1,1,-0.33333333333333337,-0.19999999999999996,7.0
0022400163,1628983,2,1,201.0,3.3152777777777778,9.0,9.0,0,1,0,0.0,-0.8,1.0
0022400165,1629655,2,1,232.0,3.3361111111111112,-6.0,6.0,0,1,0,-0.25,0.6,4.0
0022400166,1627751,5,4,256.0,0.36666666666666664,6.0,6.0,0,1,1,-0.13333333333333341,-0.3999999999999999,0.0
0022400168,1641705,2,2,632.0,2.886111111111111,22.0,22.0,0,1,0,-0.25,1.2,-2.0
0022400170,1626167,2,2,540.0,2.775,15.0,15.0,0,1,0,0.6,-0.8,0.0
0022400174,1628991,2,2,537.0,2.75,4.0,4.0,0,1,0,0.08571428571428569,-0.5999999999999999,2.0
0022400175,1630596,2,2,135.0,2.2083333333333335,1.0,1.0,0,1,0,-0.25,0.5999999999999999,1.0
0022400175,1630596,4,3,385.0,1.551388888888889,9.0,9.0,1,0,1,-0.15000000000000002,0.0,5.0
0022400175,1630596,5,4,685.0,0.975,13.0,13.0,1,0,1,0.08333333333333331,0.20000000000000018,0.0
0022400177,1631096,2,1,357.0,3.5055555555555555,4.0,4.0,0,1,0,-0.4,0.19999999999999996,3.0
0022400178,1628389,2,2,223.0,2.327777777777778,4.0,4.0,0,1,0,0.2,-0.19999999999999996,0.0
0022400181,203497,2,2,425.0,2.591666666666667,-8.0,8.0,0,1,0,-0.75,1.6,0.0
0022400182,203507,3,2,330.0,2.477777777777778,0.0,0.0,0,1,1,0.0,1.4,1.0
0022400182,203507,5,4,205.0,0.3055555555555556,24.0,24.0,1,0,1,-0.25,0.3999999999999999,2.0
0022400187,1628401,2,2,536.0,2.7555555555555555,-4.0,4.0,0,1,0,-0.1333333333333333,0.3999999999999999,0.0
0022400187,1628401,3,2,181.0,2.2680555555555557,-5.0,5.0,1,0,1,-0.3333333333333333,-0.4,3.0
0022400190,1629655,2,2,557.0,2.8041666666666667,-9.0,9.0,0,1,0,-0.25,0.19999999999999996,3.0
0022400190,1629655,3,2,172.0,2.2402777777777776,-13.0,13.0,1,0,1,0.2,-0.6000000000000001,1.0
0022400190,1629655,4,3,299.0,1.426388888888889,0.0,0.0,1,0,1,-0.75,0.5999999999999999,-1.0
0022400190,1629655,5,4,681.0,0.9708333333333333,-2.0,2.0,1,0,1,0.3333333333333333,0.4,4.0
0022400192,1628983,2,2,212.0,2.3125,23.0,23.0,0,1,0,0.2857142857142857,2.2,0.0
0022400193,203497,2,2,311.0,2.4347222222222222,14.0,14.0,0,1,0,0.4166666666666667,-1.0,6.0
0022400193,203497,3,2,234.0,2.3513888888888888,18.0,18.0,1,0,1,-0.4,0.8,-4.0
0022400193,203497,4,3,378.0,1.5263888888888888,19.0,19.0,1,0,1,0.6666666666666667,0.4,5.0
0022400195,203076,2,2,225.0,2.3222222222222224,1.0,1.0,0,1,0,-0.2142857142857143,-0.20000000000000018,0.0
0022400196,1628368,2,1,509.0,3.725,0.0,0.0,0,1,0,-0.4,-0.19999999999999996,-4.0
0022400202,201572,2,2,308.0,2.448611111111111,9.0,9.0,0,1,0,0.2,-1.8000000000000003,5.0
0022400208,1629655,5,4,177.0,0.2611111111111111,1.0,1.0,0,1,1,0.0,-0.19999999999999996,2.0
0022400211,1627751,2,1,228.0,3.3291666666666666,5.0,5.0,1,0,0,-0.04999999999999999,-0.40000000000000013,1.0
0022400215,1628983,2,1,374.0,3.5555555555555554,8.0,8.0,0,1,0,-0.06666666666666671,0.5999999999999999,-3.0
0022400215,1627936,5,4,346.0,0.4875,8.0,8.0,1,0,1,0.033333333333333354,1.4000000000000001,2.0
0022400223,201572,2,2,356.0,2.5097222222222224,-8.0,8.0,0,1,0,0.08333333333333331,0.19999999999999996,-1.0
0022400225,1628991,2,2,527.0,2.7472222222222222,-11.0,11.0,0,1,0,-0.25,0.0,1.0
0022400225,203076,4,3,509.0,1.7236111111111112,-6.0,6.0,0,1,1,0.0,0.3999999999999999,1.0
0022400225,203076,5,3,231.0,1.3402777777777777,-6.0,6.0,1,0,1,0.16666666666666666,-0.40000000000000013,2.0
0022400228,1641726,2,1,375.0,3.5375,6.0,6.0,1,0,0,-0.4642857142857143,0.6,1.0
0022400228,1641726,3,2,673.0,2.9611111111111112,3.0,3.0,1,0,1,0.2,0.8,-4.0
0022400228,1641726,4,3,645.0,1.9069444444444446,2.0,2.0,0,1,1,0.2,0.0,5.0
0022400228,1641726,5,3,532.0,1.7638888888888888,4.0,4.0,1,0,1,-0.2,1.0000000000000002,-3.0
0022400229,201572,2,2,218.0,2.352777777777778,5.0,5.0,0,1,0,-0.25,0.8,-2.0
0022400229,201572,3,2,198.0,2.2888888888888888,5.0,5.0,1,0,1,0.0,0.8,0.0
0022400234,203994,3,2,359.0,2.525,3.0,3.0,0,1,1,0.0,-1.0,2.0
0022400242,1641726,2,1,514.0,3.725,9.0,9.0,1,0,0,0.0,1.2000000000000002,-4.0
0022400254,1626167,2,2,130.0,2.201388888888889,-2.0,2.0,0,1,0,-0.16666666666666669,0.3999999999999999,-1.0
0022400255,1628991,5,4,195.0,0.2972222222222222,15.0,15.0,0,1,1,0.2142857142857143,0.19999999999999996,-2.0
0022400261,1627751,2,1,219.0,3.327777777777778,-2.0,2.0,1,0,0,-0.2,-0.6,4.0
0022400261,1627751,3,2,305.0,2.4430555555555555,3.0,3.0,1,0,1,0.0,-0.4,0.0
0022400267,1627832,2,1,423.0,3.6069444444444443,-5.0,5.0,1,0,0,-0.08333333333333331,0.19999999999999996,5.0
0022400267,1627832,3,2,617.0,2.8569444444444443,-3.0,3.0,1,0,1,0.2857142857142857,2.0,1.0
0022400268,201572,2,2,557.0,2.7888888888888888,7.0,7.0,0,1,0,0.0,0.19999999999999996,0.0
0022400273,1628389,2,2,495.0,2.6972222222222224,6.0,6.0,0,1,0,0.0,0.0,-1.0
0022400273,1629655,2,2,204.0,2.3069444444444445,-4.0,4.0,0,1,0,-0.6666666666666667,-0.19999999999999996,3.0
0022400275,1630596,2,2,455.0,2.6333333333333333,11.0,11.0,0,1,0,0.25,-0.19999999999999996,-1.0
0022400276,1629651,3,2,237.0,2.341666666666667,14.0,14.0,0,1,1,-0.25,1.0,1.0
0022400276,1629651,4,3,706.0,2.0,8.0,8.0,0,1,1,0.3333333333333333,-1.0,3.0
0022400276,1629651,5,4,205.0,0.30277777777777776,7.0,7.0,0,1,1,0.14285714285714285,-0.20000000000000007,0.0
0022400279,1626167,2,1,138.0,3.1944444444444446,7.0,7.0,1,0,0,-0.1333333333333333,-1.6,2.0
0022400279,1626167,3,2,453.0,2.6555555555555554,8.0,8.0,1,0,1,-0.75,0.4,3.0
0022400279,1626167,5,4,408.0,0.5888888888888889,1.0,1.0,0,1,1,-0.19999999999999996,-0.40000000000000013,6.0
0022400280,1641726,2,2,348.0,2.5055555555555555,3.0,3.0,0,1,0,-0.16666666666666669,0.0,1.0
0022400281,1628401,2,2,307.0,2.45,17.0,17.0,0,1,0,-0.4,-0.8,4.0
0022400282,1628991,2,2,133.0,2.209722222222222,9.0,9.0,0,1,0,-0.0714285714285714,0.19999999999999996,1.0
0022400285,1628392,5,4,280.0,0.40694444444444444,19.0,19.0,0,1,1,0.0,-0.19999999999999996,2.0
0022400292,1641726,2,1,245.0,3.3625,12.0,12.0,0,1,0,0.0,0.4,5.0
0022400294,203497,2,2,392.0,2.561111111111111,-8.0,8.0,0,1,0,0.0,-1.2,0.0
0022400297,203994,2,1,518.0,3.7291666666666665,1.0,1.0,0,1,0,-0.22857142857142854,-0.19999999999999996,3.0
0022400298,1631117,2,2,172.0,2.2569444444444446,-4.0,4.0,0,1,0,0.028571428571428525,0.8,2.0
0022400299,1628392,2,1,236.0,3.3430555555555554,10.0,10.0,1,0,0,0.4,0.9999999999999999,2.0
0022400299,1628983,2,2,292.0,2.4125,19.0,19.0,0,1,0,0.0,1.4,-1.0
0022400299,1628983,3,2,271.0,2.3833333333333333,17.0,17.0,0,1,1,0.0,1.2000000000000002,0.0
0022400299,1628392,4,3,506.0,1.7138888888888888,10.0,10.0,1,0,1,-0.2,0.40000000000000013,2.0
0022400302,201572,2,2,219.0,2.3555555555555556,8.0,8.0,0,1,0,0.3,1.0,-4.0
0022400302,201572,3,2,150.0,2.234722222222222,4.0,4.0,1,0,1,0.5,-0.19999999999999996,1.0
0022400304,1629655,2,2,190.0,2.286111111111111,9.0,9.0,0,1,0,-0.08333333333333331,0.0,-1.0
0022400306,1626167,2,2,490.0,2.6902777777777778,18.0,18.0,0,1,0,0.4666666666666666,0.6000000000000001,-1.0
0022400310,1627832,2,2,354.0,2.5069444444444446,5.0,5.0,0,1,0,0.25,0.3999999999999999,5.0
0022400310,1627832,3,2,301.0,2.436111111111111,11.0,11.0,0,1,1,0.3333333333333333,0.8,-3.0
0022400310,1628392,2,2,192.0,2.2847222222222223,-4.0,4.0,0,1,0,0.4666666666666666,-1.0,2.0
0022400310,1628392,4,3,428.0,1.6236111111111111,-2.0,2.0,1,0,1,-1.0,-1.6,0.0
0022400310,1628392,5,4,426.0,0.5916666666666667,0.0,0.0,1,0,1,0.1777777777777778,-1.4,2.0
0022400311,1631117,2,2,362.0,2.5208333333333335,2.0,2.0,0,1,0,-0.15000000000000002,-0.6000000000000001,4.0
0022400313,1641705,2,2,345.0,2.498611111111111,-7.0,7.0,0,1,0,0.42857142857142855,-0.6,3.0
0022400316,1628401,2,2,424.0,2.6152777777777776,11.0,11.0,0,1,0,0.25,0.19999999999999996,3.0
0022400316,1628401,3,2,154.0,2.2333333333333334,16.0,16.0,1,0,1,0.16666666666666666,0.4,3.0
0022400321,203076,2,1,140.0,3.213888888888889,-7.0,7.0,0,1,0,-0.6,1.2000000000000002,3.0
0022400326,1641726,2,2,177.0,2.254166666666667,15.0,15.0,1,0,0,0.25,-0.6000000000000001,1.0
0022400328,1628392,2,1,317.0,3.45,9.0,9.0,1,0,0,0.0,0.4,4.0
0022400335,201572,2,2,584.0,2.8319444444444444,-4.0,4.0,0,1,0,0.2857142857142857,0.0,5.0
0022400341,203999,4,3,151.0,1.2333333333333334,-5.0,5.0,0,1,1,0.2,0.20000000000000018,-1.0
0022400342,1630529,2,2,361.0,2.515277777777778,-21.0,21.0,0,1,0,-0.5,0.0,-2.0
0022400342,1630529,5,4,285.0,0.4166666666666667,-11.0,11.0,0,1,1,0.6,0.0,4.0
0022400342,1628983,5,4,268.0,0.3958333333333333,13.0,13.0,0,1,1,0.16666666666666669,-2.0,-2.0
0022400345,1628991,2,2,598.0,2.852777777777778,8.0,8.0,0,1,0,0.0,1.2000000000000002,0.0
0022400345,204001,2,2,466.0,2.6708333333333334,-5.0,5.0,0,1,0,0.09999999999999998,-0.8,0.0
0022400349,1626167,2,1,251.0,3.388888888888889,1.0,1.0,1,0,0,-0.25,0.19999999999999996,3.0
0022400353,1628991,2,2,648.0,2.911111111111111,9.0,9.0,0,1,0,-0.25,-0.7999999999999999,6.0
0022400353,1628991,3,2,358.0,2.5236111111111112,19.0,19.0,1,0,1,0.04999999999999999,0.6,1.0
0022400360,1631117,2,2,391.0,2.5527777777777776,16.0,16.0,0,1,0,-0.5,-0.19999999999999996,-3.0
0022400365,1630529,2,2,158.0,2.254166666666667,-15.0,15.0,0,1,0,-0.25,-0.3999999999999999,2.0
0022400367,203497,2,2,223.0,2.323611111111111,-26.0,26.0,1,0,0,0.5,-1.0,4.0
0022400372,1628368,2,2,324.0,2.4625,2.0,2.0,0,1,0,-0.16666666666666666,0.3999999999999999,1.0
0022400372,1628368,4,3,504.0,1.7194444444444446,0.0,0.0,0,1,1,-0.25,-0.4,2.0
0022400372,1628368,5,3,407.0,1.5680555555555555,0.0,0.0,1,0,1,0.0,1.2000000000000002,2.0
0022400375,1628392,2,2,221.0,2.3194444444444446,5.0,5.0,0,1,0,0.0,0.7999999999999999,2.0
0022400375,1628392,4,3,257.0,1.3597222222222223,8.0,8.0,1,0,1,0.42857142857142855,0.4,0.0
0022400378,1628991,2,2,540.0,2.7569444444444446,21.0,21.0,0,1,0,0.10714285714285715,1.0,-2.0
0022400378,1628991,4,3,660.0,1.9361111111111111,26.0,26.0,0,1,1,0.16666666666666663,0.19999999999999996,0.0
0022400378,1628991,5,3,530.0,1.7555555555555555,23.0,23.0,1,0,1,0.1333333333333333,-0.4,4.0
0022400379,1631117,2,1,380.0,3.5388888888888888,2.0,2.0,0,1,0,0.0,0.7999999999999999,-1.0
0022400379,1631117,3,1,341.0,3.484722222222222,0.0,0.0,1,0,1,0.25,0.0,3.0
0022400381,204001,2,2,679.0,2.948611111111111,-2.0,2.0,0,1,0,0.0,-0.6,5.0
0022400384,1630529,2,2,228.0,2.326388888888889,5.0,5.0,0,1,0,0.0,-2.0,0.0
0022400384,1630529,5,4,608.0,0.8638888888888889,-6.0,6.0,1,0,1,-0.033333333333333354,0.3999999999999999,-1.0
0022400385,1629655,2,2,266.0,2.3958333333333335,11.0,11.0,0,1,0,0.25,0.8,1.0
0022400385,1629655,3,2,202.0,2.3069444444444445,9.0,9.0,0,1,1,0.8,0.0,1.0
0022400385,1629655,5,4,281.0,0.40694444444444444,8.0,8.0,0,1,1,0.3333333333333333,-2.4,4.0
0022400388,1627832,2,2,468.0,2.6694444444444443,-9.0,9.0,0,1,0,0.06666666666666671,0.9999999999999999,8.0
0022400397,1630567,4,3,446.0,1.6347222222222222,-17.0,17.0,0,1,1,0.25,0.20000000000000018,0.0
0022400399,1628991,4,3,327.0,1.4847222222222223,-1.0,1.0,0,1,1,-0.3333333333333333,-0.20000000000000018,2.0
0022400402,203994,2,1,398.0,3.5694444444444446,3.0,3.0,1,0,0,0.2,0.8,0.0
0022400402,203994,3,2,301.0,2.441666666666667,-8.0,8.0,0,1,1,-0.1333333333333333,-1.4,4.0
0022400406,203497,2,2,441.0,2.654166666666667,6.0,6.0,0,1,0,0.16666666666666666,0.4,1.0
0022400406,1629655,2,2,333.0,2.4819444444444443,-7.0,7.0,0,1,0,0.0,-1.0000000000000002,-2.0
0022400409,203994,2,1,283.0,3.397222222222222,4.0,4.0,1,0,0,-0.08333333333333331,0.40000000000000013,2.0
0022400422,203497,2,2,138.0,2.209722222222222,8.0,8.0,0,1,0,0.15000000000000002,0.19999999999999996,2.0
0022400423,1630529,2,1,414.0,3.5805555555555557,-6.0,6.0,1,0,0,0.75,0.6,1.0
0022400423,1630529,3,2,697.0,2.977777777777778,-4.0,4.0,1,0,1,-0.3333333333333333,1.6,-2.0
0022400423,1630529,5,4,345.0,0.5041666666666667,-11.0,11.0,0,1,1,0.0,1.4,1.0
0022400428,1628392,2,1,421.0,3.6083333333333334,10.0,10.0,0,1,0,0.16666666666666669,0.0,4.0
0022400428,1628392,3,1,316.0,3.4555555555555557,10.0,10.0,1,0,1,-0.26666666666666666,0.0,0.0
0022400428,1628392,4,3,358.0,1.5166666666666666,17.0,17.0,1,0,1,0.0,0.7999999999999999,2.0
0022400432,203999,2,2,194.0,2.2847222222222223,2.0,2.0,0,1,0,-0.3333333333333333,0.0,1.0
0022400433,1631117,2,1,443.0,3.6347222222222224,9.0,9.0,0,1,0,0.2,0.6,4.0
0022400433,1631117,3,2,377.0,2.558333333333333,9.0,9.0,0,1,1,0.09999999999999998,-0.19999999999999996,-5.0
0022400433,1631117,5,4,301.0,0.4444444444444444,4.0,4.0,0,1,1,0.0,0.0,0.0
0022400434,1629655,2,2,401.0,2.5902777777777777,-9.0,9.0,0,1,0,-0.06666666666666671,0.40000000000000013,0.0
0022400435,203076,2,2,342.0,2.5,2.0,2.0,0,1,0,0.033333333333333354,0.5999999999999999,1.0
0022400436,1629651,2,2,581.0,2.8319444444444444,10.0,10.0,0,1,0,0.5,0.4,-1.0
0022400438,1627751,3,2,261.0,2.3722222222222222,-7.0,7.0,1,0,1,0.3333333333333333,1.2,-1.0
0022400439,1627832,2,2,180.0,2.2666666666666666,-2.0,2.0,0,1,0,0.0,0.19999999999999996,-3.0
0022400439,1628389,5,4,247.0,0.39861111111111114,0.0,0.0,0,1,1,0.275,0.4,-1.0
0022400440,1628991,4,3,353.0,1.5069444444444444,-23.0,23.0,0,1,1,0.11428571428571432,1.2000000000000002,-2.0
0022400444,1630529,2,1,240.0,3.348611111111111,1.0,1.0,1,0,0,-0.33333333333333337,-1.0,3.0
0022400446,1630596,4,3,463.0,1.6791666666666667,23.0,23.0,0,1,1,0.0,0.9999999999999999,-1.0
0022400446,1630596,5,4,245.0,0.36527777777777776,22.0,22.0,1,0,1,0.14285714285714285,-0.3999999999999999,2.0
0022400448,1628368,4,3,464.0,1.6694444444444445,-3.0,3.0,0,1,1,0.16666666666666669,0.0,-3.0
0022400448,1628368,5,4,419.0,0.5861111111111111,12.0,12.0,1,0,1,-0.1333333333333333,-0.9999999999999999,4.0
0022400448,1629655,5,4,214.0,0.3347222222222222,-11.0,11.0,1,0,1,0.4,0.3999999999999999,1.0
0022400449,1627751,2,2,227.0,2.3291666666666666,-8.0,8.0,0,1,0,0.0,-0.9999999999999999,-2.0
0022400450,203507,2,2,176.0,2.25,-8.0,8.0,0,1,0,-0.06666666666666671,-0.3999999999999999,-2.0
0022400450,203507,4,3,629.0,1.8875,-7.0,7.0,0,1,1,0.6666666666666666,1.4,-4.0
0022400457,1630529,2,2,266.0,2.3930555555555557,-10.0,10.0,0,1,0,-0.25,-1.0,5.0
0022400457,1630529,5,4,189.0,0.2847222222222222,-8.0,8.0,0,1,1,-0.35,0.8,4.0
0022400460,1629655,2,1,220.0,3.3069444444444445,0.0,0.0,1,0,0,0.4,-1.2000000000000002,4.0
0022400460,1641726,2,2,461.0,2.683333333333333,10.0,10.0,0,1,0,0.0,1.4000000000000001,-2.0
0022400460,1641726,3,2,436.0,2.6222222222222222,8.0,8.0,1,0,1,-0.26666666666666666,1.0000000000000002,-2.0
0022400466,1628392,2,1,559.0,3.776388888888889,0.0,0.0,0,1,0,0.0,0.6000000000000001,3.0
0022400470,1627751,2,2,168.0,2.2597222222222224,-15.0,15.0,0,1,0,-0.4,0.0,6.0
0022400471,204001,2,1,502.0,3.7152777777777777,-1.0,1.0,0,1,0,0.0,-1.0,5.0
0022400472,1630529,2,2,422.0,2.6069444444444443,4.0,4.0,0,1,0,-0.16666666666666669,0.0,-2.0
0022400472,1630529,4,3,592.0,1.8291666666666666,0.0,0.0,0,1,1,0.15000000000000002,0.8,7.0
0022400472,1630529,5,4,266.0,0.3902777777777778,15.0,15.0,0,1,1,0.16666666666666669,0.3999999999999999,2.0
0022400475,203999,2,1,460.0,3.661111111111111,-6.0,6.0,0,1,0,-0.4642857142857143,-0.40000000000000013,1.0
0022400475,1641705,2,2,402.0,2.5819444444444444,11.0,11.0,0,1,0,0.39999999999999997,-0.19999999999999996,3.0
0022400475,1641705,4,3,315.0,1.4569444444444444,-1.0,1.0,1,0,1,-0.15000000000000002,-1.2,2.0
0022400475,1641705,5,4,526.0,0.7375,1.0,1.0,0,1,1,-0.16666666666666666,1.0,6.0
0022400476,1628991,5,4,169.0,0.25833333333333336,-6.0,6.0,0,1,1,0.0,-0.40000000000000013,1.0
0022400478,1629651,2,2,212.0,2.3208333333333333,-11.0,11.0,0,1,0,0.5,-0.19999999999999996,2.0
0022400484,1641705,2,1,504.0,3.701388888888889,0.0,0.0,1,0,0,-0.4,-0.3999999999999999,2.0
0022400487,1628983,2,1,227.0,3.3291666666666666,-2.0,2.0,0,1,0,-0.3333333333333333,-1.0,4.0
0022400499,1628991,2,2,537.0,2.7625,-9.0,9.0,0,1,0,0.0,-0.19999999999999996,4.0
0022400499,1629655,2,2,506.0,2.7041666666666666,9.0,9.0,1,0,0,0.15000000000000002,-0.3999999999999999,0.0
0022400499,1641726,2,2,357.0,2.5069444444444446,9.0,9.0,0,1,0,-0.3333333333333333,0.4,3.0
0022400502,203994,5,4,629.0,0.8958333333333334,-10.0,10.0,1,0,1,0.15000000000000002,-0.19999999999999996,2.0
0022400503,1627832,2,2,708.0,3.0,-10.0,10.0,0,1,0,-0.3333333333333333,-1.4,4.0
0022400504,1641726,2,2,282.0,2.4,0.0,0.0,1,0,0,0.16666666666666669,0.19999999999999996,-2.0
0022400504,1641726,3,2,277.0,2.4,0.0,0.0,1,0,1,0.16666666666666669,0.19999999999999996,-2.0
0022400504,1641726,4,3,516.0,1.726388888888889,7.0,7.0,1,0,1,0.25,0.19999999999999996,4.0
0022400504,1641726,5,4,416.0,0.5958333333333333,10.0,10.0,1,0,1,0.5,-0.8,4.0
0022400505,203497,2,1,237.0,3.3305555555555557,7.0,7.0,0,1,0,0.16666666666666669,-0.20000000000000018,1.0
0022400505,1630529,2,1,156.0,3.2305555555555556,-5.0,5.0,1,0,0,0.19047619047619047,0.4,4.0
0022400505,1630529,4,3,492.0,1.7097222222222221,8.0,8.0,1,0,1,0.16666666666666669,2.2,-5.0
0022400509,1628392,2,2,570.0,2.7916666666666665,4.0,4.0,0,1,0,0.33333333333333337,-0.20000000000000018,2.0
0022400509,1628983,2,2,196.0,2.2888888888888888,1.0,1.0,0,1,0,-0.09999999999999998,-1.0,2.0
0022400509,1628983,4,3,540.0,1.7694444444444444,3.0,3.0,0,1,1,-0.5,0.6000000000000001,2.0
0022400509,1628392,4,3,442.0,1.6319444444444444,1.0,1.0,0,1,1,0.4,-0.5999999999999999,-2.0
0022400509,1628392,5,4,337.0,0.5083333333333333,-2.0,2.0,0,1,1,0.16666666666666663,0.5999999999999999,-1.0
0022400513,1629651,2,2,318.0,2.463888888888889,-2.0,2.0,0,1,0,0.19047619047619047,0.40000000000000013,-3.0
0022400520,1627832,2,2,240.0,2.3333333333333335,14.0,14.0,0,1,0,0.0,0.5999999999999999,-1.0
0022400525,1626167,2,1,427.0,3.611111111111111,7.0,7.0,1,0,0,0.06666666666666671,1.2,-1.0
0022400526,203507,2,1,190.0,3.3097222222222222,-1.0,1.0,0,1,0,-0.4,-0.3999999999999999,2.0
0022400531,1629651,2,2,572.0,2.808333333333333,5.0,5.0,0,1,0,-0.16666666666666669,-0.19999999999999996,0.0
0022400535,203497,2,2,469.0,2.673611111111111,0.0,0.0,0,1,0,-0.16666666666666669,0.4,0.0
0022400539,203507,2,2,216.0,2.325,-11.0,11.0,0,1,0,-0.04999999999999999,-0.8,0.0
0022400540,1641726,2,2,603.0,2.852777777777778,16.0,16.0,0,1,0,-0.15000000000000002,0.6000000000000001,-3.0
0022400540,1629655,2,2,417.0,2.595833333333333,10.0,10.0,0,1,0,-0.2142857142857143,-0.20000000000000018,1.0
0022400540,1641726,5,4,278.0,0.4236111111111111,-1.0,1.0,0,1,1,0.3,0.6000000000000001,1.0
0022400543,1628378,2,2,503.0,2.7111111111111112,1.0,1.0,0,1,0,-0.0357142857142857,0.5999999999999999,-2.0
0022400547,201142,2,2,223.0,2.334722222222222,-3.0,3.0,0,1,0,0.2,-1.4,4.0
0022400547,201142,3,2,154.0,2.2194444444444446,-3.0,3.0,0,1,1,0.25,-0.4,4.0
0022400547,201142,4,3,665.0,1.9416666666666667,-2.0,2.0,0,1,1,-0.5,0.0,1.0
0022400547,201142,5,4,339.0,0.4847222222222222,-5.0,5.0,0,1,1,0.6,0.0,4.0
0022400551,1627832,2,2,216.0,2.3180555555555555,-3.0,3.0,0,1,0,0.25,1.2000000000000002,3.0
0022400551,1627832,3,2,161.0,2.2416666666666667,-2.0,2.0,1,0,1,-0.25,0.40000000000000013,5.0
0022400551,1628991,4,3,461.0,1.6527777777777777,1.0,1.0,1,0,1,0.2,-0.6,3.0
0022400552,203076,2,1,181.0,3.2680555555555557,-3.0,3.0,0,1,0,0.3,-0.9999999999999999,4.0
0022400552,203076,3,2,259.0,2.361111111111111,8.0,8.0,1,0,1,0.05714285714285716,0.0,0.0
0022400554,1626167,2,2,388.0,2.5652777777777778,-5.0,5.0,0,1,0,-0.25,0.19999999999999996,-4.0
0022400555,1627936,2,2,376.0,2.561111111111111,11.0,11.0,0,1,0,0.08333333333333331,-1.0,-1.0
0022400558,201572,2,2,215.0,2.325,19.0,19.0,0,1,0,0.1333333333333333,-0.40000000000000013,0.0
0022400559,203999,2,1,172.0,3.2569444444444446,15.0,15.0,0,1,0,0.3333333333333333,0.3999999999999999,5.0
0022400564,201572,2,2,229.0,2.326388888888889,16.0,16.0,0,1,0,-0.16666666666666669,0.19999999999999996,2.0
0022400564,201572,5,4,330.0,0.4708333333333333,29.0,29.0,1,0,1,-0.5,-0.7999999999999999,-1.0
0022400565,203497,2,2,386.0,2.5375,-16.0,16.0,0,1,0,-0.26666666666666666,-1.2,5.0
0022400567,1628991,2,2,426.0,2.6152777777777776,-4.0,4.0,0,1,0,0.0,0.19999999999999996,1.0
0022400567,1628991,4,3,551.0,1.775,-5.0,5.0,1,0,1,0.2,0.4,1.0
0022400577,204001,4,3,396.0,1.5694444444444444,18.0,18.0,1,0,1,-0.2,1.0,-1.0
0022400577,204001,5,4,655.0,0.925,18.0,18.0,1,0,1,-0.08333333333333331,-0.19999999999999996,2.0
0022400580,1627751,2,1,275.0,3.390277777777778,-7.0,7.0,1,0,0,0.1333333333333333,1.0,-2.0
0022400580,1627751,3,2,367.0,2.5208333333333335,-16.0,16.0,0,1,1,0.0,0.0,3.0
0022400580,1630567,2,2,205.0,2.2888888888888888,-15.0,15.0,0,1,0,0.5,0.19999999999999996,1.0
0022400580,1627751,4,3,637.0,1.9055555555555554,-15.0,15.0,0,1,1,0.6666666666666666,0.3999999999999999,1.0
0022400580,1630567,5,4,523.0,0.7513888888888889,-13.0,13.0,1,0,1,0.0,0.4,2.0
0022400582,1628991,4,3,491.0,1.6888888888888889,3.0,3.0,1,0,1,-0.16666666666666669,0.4,4.0
0022400587,1628401,2,2,239.0,2.3375,0.0,0.0,0,1,0,-0.42857142857142855,-0.19999999999999996,0.0
0022400600,1627832,2,2,438.0,2.626388888888889,-3.0,3.0,0,1,0,0.02857142857142858,0.8,2.0
0022400601,1628991,2,1,142.0,3.2194444444444446,6.0,6.0,1,0,0,0.0,1.8000000000000003,-5.0
0022400601,1628991,3,2,502.0,2.6972222222222224,-6.0,6.0,1,0,1,-0.1333333333333333,0.6,-2.0
0022400608,1627751,2,2,289.0,2.4138888888888888,-9.0,9.0,1,0,0,-0.25,-1.4,3.0
0022400608,1627751,4,3,437.0,1.625,-1.0,1.0,1,0,1,0.2,-0.19999999999999996,7.0
0022400608,1627751,5,4,348.0,0.49583333333333335,17.0,17.0,1,0,1,0.15000000000000002,-0.3999999999999999,-2.0
0022400615,1627832,2,2,189.0,2.2777777777777777,12.0,12.0,0,1,0,0.16666666666666666,1.6,-3.0
0022400618,1627936,2,2,677.0,2.9694444444444446,2.0,2.0,0,1,0,0.04999999999999999,-0.19999999999999996,0.0
0022400623,1627751,2,2,336.0,2.495833333333333,14.0,14.0,0,1,0,0.33333333333333337,-0.6000000000000001,-1.0
0022400623,1627751,4,3,369.0,1.5222222222222221,9.0,9.0,1,0,1,-0.4,0.40000000000000013,1.0
0022400624,203507,2,1,253.0,3.3652777777777776,-8.0,8.0,0,1,0,0.0,0.3999999999999999,5.0
0022400625,1629655,2,2,591.0,2.8222222222222224,-5.0,5.0,1,0,0,0.3333333333333333,-0.6000000000000001,2.0
0022400625,1629655,5,4,420.0,0.6069444444444444,5.0,5.0,1,0,1,-0.55,-0.19999999999999996,1.0
0022400626,203999,2,2,181.0,2.2597222222222224,18.0,18.0,0,1,0,0.09999999999999998,-0.3999999999999999,4.0
0022400627,1631117,2,2,320.0,2.45,-2.0,2.0,1,0,0,-0.04999999999999999,0.19999999999999996,-2.0
0022400632,1628991,2,2,400.0,2.577777777777778,1.0,1.0,1,0,0,0.3,-0.20000000000000018,-1.0
0022400635,1628401,2,1,551.0,3.779166666666667,-6.0,6.0,0,1,0,-0.09999999999999998,0.20000000000000018,-1.0
0022400635,204001,2,1,302.0,3.463888888888889,-3.0,3.0,0,1,0,0.2,0.6,0.0
0022400635,204001,4,3,484.0,1.6916666666666667,9.0,9.0,1,0,1,-0.19999999999999996,0.0,4.0
0022400643,1631117,2,1,373.0,3.5305555555555554,-5.0,5.0,0,1,0,0.25,-1.0,2.0
0022400643,1631117,3,2,271.0,2.3833333333333333,-7.0,7.0,0,1,1,-0.14285714285714285,0.6,-3.0
0022400643,1631117,4,3,358.0,1.5305555555555554,-14.0,14.0,0,1,1,0.16666666666666669,0.40000000000000013,-2.0
0022400647,1627936,2,2,405.0,2.5819444444444444,13.0,13.0,0,1,0,0.0,-0.5999999999999999,5.0
0022400650,204001,2,1,462.0,3.6555555555555554,9.0,9.0,0,1,0,0.19047619047619047,1.4,0.0
0022400650,1627832,2,1,304.0,3.4402777777777778,-4.0,4.0,1,0,0,0.04999999999999999,-1.6,5.0
0022400650,204001,3,2,465.0,2.6597222222222223,-1.0,1.0,0,1,1,0.14285714285714285,1.0,-2.0
0022400650,204001,4,3,362.0,1.511111111111111,-6.0,6.0,0,1,1,0.04999999999999999,-0.19999999999999996,3.0
0022400650,204001,5,3,294.0,1.4291666666666667,-4.0,4.0,1,0,1,-0.5,0.6000000000000001,4.0
0022400651,1629651,2,2,283.0,2.4069444444444446,1.0,1.0,0,1,0,-0.16666666666666663,-0.8,4.0
0022400651,1629651,4,3,633.0,1.8916666666666666,6.0,6.0,0,1,1,-0.2666666666666666,1.5999999999999999,-2.0
0022400652,1628389,2,2,206.0,2.3069444444444445,-4.0,4.0,0,1,0,0.6666666666666667,-0.19999999999999996,3.0
0022400652,1628389,4,3,360.0,1.523611111111111,-1.0,1.0,1,0,1,0.22857142857142854,0.6000000000000001,2.0
0022400654,1627751,3,2,146.0,2.2083333333333335,11.0,11.0,1,0,1,0.41666666666666663,0.4,3.0
0022400658,201572,2,2,354.0,2.498611111111111,13.0,13.0,1,0,0,0.0,0.6000000000000001,-4.0
0022400658,203507,2,2,159.0,2.2291666666666665,6.0,6.0,0,1,0,-0.2,-0.3999999999999999,2.0
0022400665,1630567,2,2,262.0,2.3777777777777778,14.0,14.0,0,1,0,0.0,-0.7999999999999999,2.0
0022400665,1630567,4,3,439.0,1.6388888888888888,23.0,23.0,1,0,1,0.2,0.19999999999999996,3.0
0022400670,1629655,5,4,215.0,0.31666666666666665,5.0,5.0,0,1,1,0.0,-1.2,4.0
0022400671,1641705,2,2,601.0,2.8444444444444446,4.0,4.0,0,1,0,0.15000000000000002,0.8,-3.0
0022400671,1641705,5,4,239.0,0.3388888888888889,-3.0,3.0,0,1,1,0.0,0.6000000000000001,-5.0
0022400672,203497,2,2,596.0,2.8513888888888888,-9.0,9.0,0,1,0,-0.23809523809523808,-1.2,2.0
0022400676,1628991,5,4,644.0,0.9069444444444444,-1.0,1.0,1,0,1,0.16666666666666666,0.6000000000000001,4.0
0022400677,1631117,2,2,155.0,2.2375,-5.0,5.0,0,1,0,0.5,-0.20000000000000007,0.0
0022400679,202695,2,2,213.0,2.311111111111111,6.0,6.0,1,0,0,0.07142857142857145,0.19999999999999996,-1.0
0022400684,201572,2,2,338.0,2.4875,1.0,1.0,0,1,0,-0.23333333333333336,-1.0,3.0
0022400686,1626167,2,2,428.0,2.6319444444444446,12.0,12.0,0,1,0,-0.2142857142857143,-0.6000000000000001,2.0
0022400687,1631117,4,3,303.0,1.4305555555555556,19.0,19.0,1,0,1,-0.08333333333333334,0.0,3.0
0022400696,1628378,2,2,162.0,2.2375,39.0,39.0,0,1,0,0.42857142857142855,-0.6,3.0
0022400698,204001,2,2,201.0,2.3027777777777776,-8.0,8.0,0,1,0,-0.35,0.8,0.0
0022400698,204001,4,3,521.0,1.7305555555555556,-19.0,19.0,0,1,1,0.0,0.6000000000000001,3.0
0022400699,1628991,2,2,317.0,2.4569444444444444,6.0,6.0,1,0,0,0.08333333333333331,0.6000000000000001,-3.0
0022400699,203507,2,2,144.0,2.209722222222222,0.0,0.0,0,1,0,0.20833333333333331,0.3999999999999999,3.0
0022400699,201572,5,4,262.0,0.3861111111111111,-5.0,5.0,0,1,1,-0.25,0.0,0.0
0022400703,1641705,2,2,669.0,2.95,-3.0,3.0,0,1,0,0.0,-0.7999999999999999,2.0
0022400703,1628991,5,4,175.0,0.25972222222222224,20.0,20.0,1,0,1,-0.26666666666666666,0.0,0.0
0022400710,1628378,2,2,151.0,2.213888888888889,-12.0,12.0,0,1,0,0.04999999999999999,-0.6,4.0
0022400712,1629655,2,2,366.0,2.525,7.0,7.0,0,1,0,-0.08333333333333331,1.8,-1.0
0022400712,1629655,3,2,206.0,2.301388888888889,6.0,6.0,1,0,1,0.17857142857142855,-0.40000000000000013,0.0
0022400719,1641705,3,2,150.0,2.227777777777778,11.0,11.0,0,1,1,-0.5714285714285714,-2.1999999999999997,3.0
0022400721,1628389,2,1,423.0,3.6083333333333334,5.0,5.0,1,0,0,0.15000000000000002,0.6,1.0
0022400728,204001,2,2,374.0,2.5430555555555556,-15.0,15.0,0,1,0,0.3,-0.8,2.0
0022400728,1629655,4,3,320.0,1.4708333333333334,20.0,20.0,1,0,1,-0.16666666666666669,-0.20000000000000007,1.0
0022400728,204001,4,3,225.0,1.3138888888888889,-18.0,18.0,1,0,1,0.0,0.0,-1.0
0022400730,203999,2,2,212.0,2.3361111111111112,8.0,8.0,0,1,0,0.2,1.2000000000000002,3.0
0022400739,1627936,2,2,188.0,2.265277777777778,14.0,14.0,0,1,0,-0.3,0.7999999999999999,-1.0
0022400741,1629655,2,2,563.0,2.790277777777778,16.0,16.0,0,1,0,0.04999999999999999,0.6,-2.0
0022400741,1629655,3,2,550.0,2.763888888888889,14.0,14.0,1,0,1,0.1333333333333333,0.19999999999999996,-2.0
0022400743,1628368,2,1,131.0,3.1902777777777778,5.0,5.0,1,0,0,-0.125,0.40000000000000013,-3.0
0022400746,1628392,2,1,320.0,3.4541666666666666,8.0,8.0,1,0,0,0.0,0.6,5.0
0022400746,1628392,5,4,189.0,0.2833333333333333,15.0,15.0,0,1,1,-0.09999999999999998,-0.3999999999999999,1.0
0022400755,1630596,2,2,539.0,2.7625,24.0,24.0,0,1,0,0.2,1.2000000000000002,-2.0
0022400760,201572,2,2,382.0,2.5430555555555556,-4.0,4.0,0,1,0,-0.4666666666666666,0.5999999999999999,-1.0
0022400761,1627936,2,2,709.0,3.0,13.0,13.0,0,1,0,0.8,0.20000000000000007,3.0
0022400769,204001,2,1,338.0,3.4902777777777776,4.0,4.0,0,1,0,-0.1333333333333333,-1.2,6.0
0022400774,1630596,2,2,684.0,2.975,26.0,26.0,0,1,0,0.0,0.5999999999999999,2.0
0022400774,1630596,4,3,704.0,2.0,25.0,25.0,0,1,1,0.0,0.9999999999999999,2.0
0022400778,1628983,2,1,198.0,3.297222222222222,-11.0,11.0,0,1,0,0.19999999999999996,-0.19999999999999996,3.0
0022400778,1628392,2,2,604.0,2.8666666666666667,-13.0,13.0,0,1,0,0.2,0.40000000000000013,4.0
0022400778,1628983,4,3,622.0,1.8902777777777777,-14.0,14.0,0,1,1,-0.8,0.4,2.0
0022400783,1628991,2,2,657.0,2.9430555555555555,12.0,12.0,0,1,0,0.2,0.3999999999999999,-1.0
0022400783,1628991,3,2,397.0,2.5541666666666667,7.0,7.0,0,1,1,-0.16666666666666666,0.19999999999999996,0.0
0022400783,1628991,5,4,583.0,0.8347222222222223,-21.0,21.0,0,1,1,0.3333333333333333,-0.19999999999999996,2.0
0022400787,1631096,2,1,398.0,3.5625,-1.0,1.0,0,1,0,0.25,0.19999999999999996,2.0
0022400788,1628991,4,3,153.0,1.226388888888889,-6.0,6.0,1,0,1,-0.5,0.9999999999999999,-1.0
0022400788,1628991,5,4,677.0,0.9736111111111111,-11.0,11.0,1,0,1,0.0,-0.4,3.0
0022400789,204001,2,2,269.0,2.3958333333333335,13.0,13.0,0,1,0,-0.3714285714285714,0.0,2.0
0022400789,204001,5,4,440.0,0.625,23.0,23.0,1,0,1,-0.2142857142857143,0.19999999999999996,7.0
0022400793,202695,2,2,669.0,2.938888888888889,3.0,3.0,0,1,0,0.4,0.19999999999999996,2.0
0022400794,203994,2,1,400.0,3.563888888888889,0.0,0.0,1,0,0,0.33333333333333337,0.0,-1.0
0022400798,1628991,2,2,127.0,2.1958333333333333,1.0,1.0,0,1,0,0.06666666666666671,0.0,3.0
0022400798,1628991,4,3,618.0,1.8666666666666667,-6.0,6.0,1,0,1,0.35,-0.3999999999999999,0.0
0022400799,203507,3,2,421.0,2.595833333333333,-11.0,11.0,0,1,1,0.0,-0.8,5.0
0022400799,203507,5,3,341.0,1.4972222222222222,7.0,7.0,1,0,1,0.3333333333333333,-0.6,3.0
0022400800,1628389,4,3,380.0,1.5458333333333334,6.0,6.0,1,0,1,0.5,-0.6000000000000001,-2.0
0022400809,1631117,3,2,162.0,2.2416666666666667,-2.0,2.0,0,1,1,-0.3333333333333333,0.0,5.0
0022400809,1631117,4,3,503.0,1.711111111111111,-5.0,5.0,0,1,1,0.23333333333333336,0.0,6.0
0022400817,1628389,4,3,299.0,1.4361111111111111,11.0,11.0,1,0,1,0.3,0.19999999999999996,-4.0
0022400819,1628378,2,2,661.0,2.9277777777777776,1.0,1.0,0,1,0,0.6666666666666666,-1.0,0.0
0022400819,1628991,4,3,603.0,1.8694444444444445,1.0,1.0,1,0,1,-0.14285714285714285,1.8,-1.0
0022400819,1628991,5,4,568.0,0.8041666666666667,-6.0,6.0,0,1,1,0.0,0.3999999999999999,0.0
0022400820,1628392,2,2,436.0,2.620833333333333,19.0,19.0,0,1,0,0.16666666666666666,0.6000000000000001,-2.0
0022400824,1629651,2,2,458.0,2.65,-4.0,4.0,1,0,0,-0.08333333333333331,1.8,1.0
0022400826,1627936,2,2,522.0,2.7416666666666667,9.0,9.0,0,1,0,0.25,0.4,5.0
0022400826,1628392,2,2,152.0,2.2222222222222223,12.0,12.0,0,1,0,0.25,-0.19999999999999996,5.0
0022400829,1628401,2,2,481.0,2.688888888888889,3.0,3.0,0,1,0,-0.35,0.5999999999999999,3.0
0022400832,1628991,5,4,384.0,0.5402777777777777,-4.0,4.0,1,0,1,0.125,-0.9999999999999999,5.0
0022400836,204001,2,1,268.0,3.375,-3.0,3.0,1,0,0,-0.08333333333333331,1.2000000000000002,6.0
0022400840,1628983,2,2,209.0,2.3208333333333333,-6.0,6.0,0,1,0,0.06666666666666671,0.40000000000000013,-3.0
0022400844,1628368,2,2,489.0,2.713888888888889,-14.0,14.0,0,1,0,-0.1333333333333333,0.0,0.0
0022400850,203999,2,2,381.0,2.558333333333333,4.0,4.0,0,1,0,-0.2,-0.40000000000000013,2.0
0022400851,1628392,5,4,387.0,0.5458333333333333,15.0,15.0,1,0,1,-0.09999999999999998,0.0,0.0
0022400852,1630596,4,3,603.0,1.8416666666666666,-12.0,12.0,1,0,1,0.0,-0.6000000000000001,-3.0
0022400863,1628991,2,2,576.0,2.8152777777777778,-9.0,9.0,0,1,0,0.06666666666666665,0.20000000000000018,-3.0
0022400867,1630596,2,1,412.0,3.5861111111111112,-3.0,3.0,1,0,0,-0.4,0.3999999999999999,0.0
0022400867,1630596,5,4,284.0,0.4097222222222222,1.0,1.0,0,1,1,-0.25,-0.8,3.0
0022400870,1627751,2,2,463.0,2.654166666666667,8.0,8.0,1,0,0,-0.4,0.19999999999999996,2.0
0022400870,1630567,2,2,201.0,2.2930555555555556,4.0,4.0,0,1,0,0.6666666666666666,0.40000000000000013,1.0
0022400870,1630567,4,3,551.0,1.7833333333333334,2.0,2.0,1,0,1,-0.25,-1.0,4.0
0022400870,1627751,4,3,542.0,1.7833333333333334,2.0,2.0,0,1,1,-0.25,-1.0,4.0
0022400870,1627751,5,3,427.0,1.601388888888889,4.0,4.0,1,0,1,0.75,0.5999999999999999,2.0
0022400870,1630567,5,3,149.0,1.225,0.0,0.0,1,0,1,-0.6,-1.0,3.0
0022400871,1628392,2,2,703.0,2.9791666666666665,3.0,3.0,0,1,0,0.2,-0.3999999999999999,0.0
0022400874,202695,2,2,522.0,2.7416666666666667,0.0,0.0,0,1,0,0.0,0.19999999999999996,1.0
0022400881,1631117,2,1,475.0,3.676388888888889,1.0,1.0,0,1,0,0.2,0.6000000000000001,1.0
0022400882,1626167,2,1,544.0,3.7666666666666666,-1.0,1.0,1,0,0,0.0,0.40000000000000013,0.0
0022400883,1627751,2,2,678.0,2.9444444444444446,0.0,0.0,0,1,0,0.25,0.7999999999999999,-2.0
0022400883,1627751,3,2,590.0,2.8333333333333335,-2.0,2.0,1,0,1,0.3333333333333333,1.8000000000000003,0.0
0022400883,1627751,4,3,554.0,1.7930555555555556,2.0,2.0,1,0,1,0.33333333333333337,1.0,-3.0
0022400883,1627751,5,3,292.0,1.4208333333333334,6.0,6.0,1,0,1,0.3333333333333333,1.0,1.0
0022400895,1628983,5,4,261.0,0.3680555555555556,16.0,16.0,0,1,1,0.2,0.19999999999999996,3.0
0022400915,1627751,2,2,568.0,2.8097222222222222,8.0,8.0,0,1,0,0.5,1.2,4.0
0022400915,1627751,4,3,496.0,1.6972222222222222,-11.0,11.0,1,0,1,-0.4,-2.0,5.0
0022400917,201572,2,2,233.0,2.3333333333333335,-10.0,10.0,0,1,0,1.0,-0.19999999999999996,0.0
0022400920,1631096,2,1,505.0,3.7319444444444443,-7.0,7.0,0,1,0,-0.3,-0.5999999999999999,1.0
0022400920,1631096,3,2,633.0,2.8916666666666666,1.0,1.0,1,0,1,0.6666666666666666,0.7999999999999999,2.0
0022400920,1628983,2,2,138.0,2.198611111111111,5.0,5.0,0,1,0,-0.09999999999999998,0.0,-4.0
0022400920,1631096,4,3,284.0,1.3944444444444444,11.0,11.0,1,0,1,0.0,0.3999999999999999,-1.0
0022400920,1631096,5,4,632.0,0.8902777777777777,4.0,4.0,1,0,1,-0.05714285714285716,0.19999999999999996,2.0
0022400935,201142,3,2,143.0,2.209722222222222,2.0,2.0,0,1,1,-0.20833333333333334,-0.3999999999999999,3.0
0022400936,203999,2,2,310.0,2.448611111111111,-4.0,4.0,0,1,0,0.2,0.3999999999999999,3.0
0022400936,1628392,2,2,224.0,2.327777777777778,7.0,7.0,0,1,0,0.3,0.6000000000000001,7.0
0022400936,203999,3,2,164.0,2.2430555555555554,-8.0,8.0,0,1,1,-0.05714285714285716,-1.4,4.0
0022400942,1626167,2,2,397.0,2.5694444444444446,8.0,8.0,0,1,0,0.26666666666666666,0.3999999999999999,-3.0
0022400946,1628401,2,2,381.0,2.5430555555555556,-8.0,8.0,0,1,0,-0.25,-0.6,6.0
0022400946,1631096,2,2,262.0,2.3680555555555554,4.0,4.0,0,1,0,0.2,-0.20000000000000018,-5.0
0022400946,1628401,5,4,360.0,0.5013888888888889,-5.0,5.0,0,1,1,0.0,-0.8,0.0
0022400948,1628389,2,2,561.0,2.798611111111111,-8.0,8.0,0,1,0,0.0,-0.20000000000000018,3.0
0022400951,1628368,5,4,300.0,0.42777777777777776,12.0,12.0,0,1,1,0.0,1.2000000000000002,3.0
0022400962,1628991,5,4,376.0,0.5388888888888889,-17.0,17.0,0,1,1,-0.3333333333333333,-0.8,0.0
0022400964,203994,2,2,132.0,2.201388888888889,24.0,24.0,0,1,0,-0.25,-0.19999999999999996,4.0
0022400965,203999,5,4,140.0,0.20972222222222223,5.0,5.0,0,1,1,0.5,0.7999999999999999,-3.0
0022400969,1628392,2,1,349.0,3.495833333333333,9.0,9.0,1,0,0,-0.2,0.0,5.0
0022400972,203507,5,4,201.0,0.2972222222222222,13.0,13.0,0,1,1,0.0,-0.19999999999999996,-3.0
0022400975,203999,2,2,146.0,2.2222222222222223,10.0,10.0,0,1,0,0.4,1.4,0.0
0022400984,1628389,2,2,187.0,2.261111111111111,1.0,1.0,0,1,0,0.0,-0.3999999999999999,2.0
0022400989,1631117,2,2,375.0,2.5388888888888888,1.0,1.0,0,1,0,0.5,-0.19999999999999996,3.0
0022400989,1631117,3,2,203.0,2.297222222222222,1.0,1.0,0,1,1,-0.16666666666666669,-0.4,0.0
0022400989,1631117,4,2,136.0,2.188888888888889,-2.0,2.0,1,0,1,-0.4,1.0,6.0
0022400992,1628991,2,2,613.0,2.8819444444444446,-8.0,8.0,0,1,0,0.0,0.6,2.0
0022400992,1628991,3,2,442.0,2.640277777777778,-7.0,7.0,1,0,1,0.25,-0.6,0.0
0022400992,1628991,5,4,653.0,0.9069444444444444,-14.0,14.0,0,1,1,-0.2,0.40000000000000013,1.0
0022400994,1628401,2,2,122.0,2.176388888888889,-6.0,6.0,0,1,0,0.1333333333333333,-0.6000000000000001,1.0
0022400997,202695,2,2,195.0,2.2847222222222223,-4.0,4.0,1,0,0,-0.15000000000000002,0.19999999999999996,3.0
0022400999,1627832,2,2,553.0,2.7805555555555554,1.0,1.0,0,1,0,-0.6666666666666667,0.19999999999999996,-5.0
0022401000,1628389,2,2,514.0,2.75,7.0,7.0,0,1,0,0.6666666666666667,0.3999999999999999,2.0
0022401001,203497,2,1,488.0,3.691666666666667,3.0,3.0,1,0,0,0.4,0.3999999999999999,0.0
0022401005,1627751,2,1,461.0,3.654166666666667,-6.0,6.0,1,0,0,0.0,-1.4,2.0
0022401008,1628991,4,3,474.0,1.6930555555555555,-16.0,16.0,1,0,1,0.0,-0.3999999999999999,3.0
0022401017,1628392,2,2,665.0,2.9458333333333333,24.0,24.0,0,1,0,0.0,0.6,1.0
0022401017,203994,2,2,504.0,2.7041666666666666,-24.0,24.0,0,1,0,0.0,-1.4,6.0
0022401020,1628401,2,2,530.0,2.7416666666666667,8.0,8.0,0,1,0,-0.2,-0.6000000000000001,8.0
0022401020,204001,4,3,408.0,1.5694444444444444,5.0,5.0,1,0,1,0.0,-1.2,5.0
0022401023,1628991,2,2,577.0,2.8208333333333333,3.0,3.0,0,1,0,-0.16666666666666669,0.5999999999999999,7.0
0022401035,1627832,2,2,210.0,2.3097222222222222,2.0,2.0,0,1,0,-0.43333333333333335,0.6000000000000001,0.0
0022401039,1630567,2,2,615.0,2.870833333333333,-5.0,5.0,0,1,0,0.25,-0.19999999999999996,3.0
0022401044,1628401,2,1,508.0,3.7083333333333335,-5.0,5.0,0,1,0,0.0,-0.6000000000000001,0.0
0022401044,204001,2,2,595.0,2.848611111111111,4.0,4.0,0,1,0,0.3333333333333333,1.2,-2.0
0022401044,204001,3,2,438.0,2.6194444444444445,1.0,1.0,1,0,1,-0.16666666666666666,0.40000000000000013,3.0
0022401044,1628401,3,2,362.0,2.529166666666667,1.0,1.0,1,0,1,-0.16666666666666666,-0.5999999999999999,1.0
0022401052,1631096,2,2,350.0,2.4972222222222222,17.0,17.0,0,1,0,0.0,1.2000000000000002,5.0
0022401064,1628392,2,2,484.0,2.6847222222222222,-1.0,1.0,0,1,0,0.2,0.0,4.0
0022401064,1628991,2,2,445.0,2.638888888888889,3.0,3.0,0,1,0,-0.4666666666666666,0.19999999999999996,-2.0
0022401067,1628378,2,1,163.0,3.2472222222222222,-4.0,4.0,0,1,0,0.0,-1.8,0.0
0022401067,1628378,5,4,198.0,0.29305555555555557,-2.0,2.0,0,1,1,0.04999999999999999,1.2000000000000002,-3.0
0022401070,203507,4,3,229.0,1.3375,-7.0,7.0,1,0,1,-0.08571428571428569,-0.20000000000000018,-2.0
0022401071,203497,5,4,245.0,0.3625,19.0,19.0,0,1,1,0.047619047619047616,-0.8000000000000003,4.0
0022401078,1628991,2,1,136.0,3.209722222222222,-6.0,6.0,1,0,0,0.08333333333333334,0.0,0.0
0022401078,1628991,3,2,675.0,2.9611111111111112,-9.0,9.0,1,0,1,0.15000000000000002,1.2000000000000002,-5.0
0022401079,1628392,2,2,140.0,2.2055555555555557,9.0,9.0,0,1,0,0.75,0.7999999999999999,3.0
0022401080,204001,2,2,295.0,2.4097222222222223,8.0,8.0,0,1,0,-0.1333333333333333,-0.8,0.0
0022401080,204001,3,2,263.0,2.375,7.0,7.0,1,0,1,-0.3333333333333333,-1.0,5.0
0022401080,204001,4,3,549.0,1.7708333333333333,7.0,7.0,1,0,1,0.16666666666666666,-0.4,4.0
0022401080,204001,5,4,598.0,0.8486111111111111,13.0,13.0,0,1,1,-0.6666666666666666,0.40000000000000013,-2.0
0022401084,203497,2,2,148.0,2.2069444444444444,-7.0,7.0,0,1,0,-0.25,-0.20000000000000007,0.0
0022401094,1631096,2,2,437.0,2.6277777777777778,19.0,19.0,1,0,0,0.1333333333333333,0.0,4.0
0022401095,203076,2,1,468.0,3.6527777777777777,-2.0,2.0,1,0,0,0.25,-0.19999999999999996,1.0
0022401100,1628991,2,1,520.0,3.7555555555555555,1.0,1.0,1,0,0,0.0,0.6000000000000001,-2.0
0022401100,1628991,5,4,606.0,0.8444444444444444,-2.0,2.0,0,1,1,-0.15000000000000002,-0.4,2.0
0022401102,203497,2,1,208.0,3.311111111111111,-12.0,12.0,1,0,0,-0.3333333333333333,-0.3999999999999999,4.0
0022401102,203497,5,4,164.0,0.2569444444444444,-2.0,2.0,0,1,1,-0.25,-0.5999999999999999,5.0
0022401104,1626167,2,2,236.0,2.345833333333333,5.0,5.0,0,1,0,0.7142857142857143,-0.3999999999999999,2.0
0022401106,1628389,2,1,337.0,3.501388888888889,1.0,1.0,1,0,0,-0.15000000000000002,-1.4,7.0
0022401107,1631117,2,2,670.0,2.9472222222222224,-8.0,8.0,0,1,0,0.16666666666666669,-0.40000000000000013,0.0
0022401108,1631096,2,1,301.0,3.4347222222222222,14.0,14.0,1,0,0,-0.09999999999999998,1.2,0.0
0022401108,1628392,3,2,500.0,2.720833333333333,14.0,14.0,0,1,1,0.1333333333333333,-0.19999999999999996,2.0
0022401109,1629655,2,2,145.0,2.2125,-4.0,4.0,1,0,0,0.0,0.40000000000000013,5.0
0022401109,1629655,5,4,393.0,0.5708333333333333,2.0,2.0,0,1,1,0.2571428571428572,-2.6,2.0
0022401111,202695,2,2,682.0,2.9555555555555557,8.0,8.0,0,1,0,-0.5714285714285714,0.7999999999999999,3.0
0022401114,1628991,5,4,327.0,0.4625,3.0,3.0,0,1,1,-0.2,-0.4,3.0
0022401115,201572,2,2,397.0,2.577777777777778,5.0,5.0,0,1,0,-0.5,0.7999999999999999,-1.0
0022401115,201572,3,2,371.0,2.5319444444444446,4.0,4.0,1,0,1,0.0,0.0,1.0
0022401118,203994,2,2,562.0,2.801388888888889,-10.0,10.0,0,1,0,0.16666666666666669,0.40000000000000013,1.0
0022401118,203994,3,2,441.0,2.6222222222222222,-13.0,13.0,1,0,1,-0.45833333333333337,0.6000000000000001,-1.0
0022401120,204001,2,2,172.0,2.2666666666666666,16.0,16.0,0,1,0,0.0,-0.20000000000000018,-1.0
0022401121,1627751,2,2,441.0,2.636111111111111,-6.0,6.0,0,1,0,0.23333333333333336,-0.3999999999999999,1.0
0022401121,1627751,3,2,148.0,2.220833333333333,-3.0,3.0,0,1,1,0.0,0.19999999999999996,-1.0
0022401121,1627751,4,3,569.0,1.8097222222222222,-19.0,19.0,0,1,1,-0.46666666666666673,-0.8,-1.0
0022401124,1630596,2,2,587.0,2.8333333333333335,14.0,14.0,0,1,0,-0.6666666666666666,0.6,1.0
0022401131,201572,2,1,352.0,3.5069444444444446,1.0,1.0,1,0,0,0.16666666666666666,-0.40000000000000013,-1.0
0022401131,201572,3,2,197.0,2.286111111111111,5.0,5.0,1,0,1,0.25,-0.19999999999999996,-2.0
0022401132,203076,2,2,238.0,2.348611111111111,-8.0,8.0,0,1,0,-0.3333333333333333,-0.40000000000000013,0.0
0022401135,1631096,2,2,138.0,2.2083333333333335,-26.0,26.0,0,1,0,-0.2,-0.7999999999999999,5.0
0022401135,1631096,4,3,639.0,1.9083333333333334,-21.0,21.0,0,1,1,0.25,0.20000000000000007,3.0
0022401139,1629680,2,2,469.0,2.6777777777777776,16.0,16.0,0,1,0,0.15000000000000002,0.9999999999999999,-2.0
0022401139,1629680,3,2,463.0,2.6777777777777776,16.0,16.0,0,1,1,0.15000000000000002,0.9999999999999999,-2.0
0022401146,1628991,3,2,303.0,2.4347222222222222,14.0,14.0,1,0,1,0.0,-0.5999999999999999,0.0
0022401152,201572,2,2,227.0,2.3319444444444444,-10.0,10.0,0,1,0,-0.43333333333333335,0.3999999999999999,0.0
0022401153,1631096,3,2,513.0,2.7555555555555555,1.0,1.0,0,1,1,0.3333333333333333,-1.6,4.0
0022401153,1627936,2,2,373.0,2.5388888888888888,10.0,10.0,0,1,0,-0.16666666666666666,1.2,-1.0
0022401153,1628392,2,2,155.0,2.2569444444444446,9.0,9.0,0,1,0,-0.3333333333333333,0.6000000000000001,3.0
0022401153,1628983,5,4,157.0,0.23333333333333334,14.0,14.0,0,1,1,0.25,0.20000000000000007,7.0
0022401158,203994,5,4,525.0,0.7430555555555556,-25.0,25.0,0,1,1,0.0,-0.5999999999999999,0.0
0022401164,1627936,2,1,389.0,3.548611111111111,-2.0,2.0,0,1,0,-0.5,-0.19999999999999996,2.0
0022401169,1629651,2,2,641.0,2.9069444444444446,-18.0,18.0,0,1,0,-0.2,0.6000000000000001,-3.0
0022401170,1628991,4,3,571.0,1.8125,-1.0,1.0,1,0,1,0.35,0.8,-4.0
0022401170,1628991,5,4,695.0,0.9805555555555555,-20.0,20.0,0,1,1,0.25,-1.8000000000000003,2.0
0022401206,1627751,2,2,471.0,2.665277777777778,14.0,14.0,0,1,0,0.6666666666666667,0.5999999999999999,-1.0
0022401207,1630529,2,1,154.0,3.2194444444444446,-3.0,3.0,1,0,0,0.16666666666666666,0.6,0.0
0022401209,1626167,2,2,378.0,2.5416666666666665,5.0,5.0,0,1,0,-0.55,-0.7999999999999999,4.0
0022401209,1626167,3,2,289.0,2.426388888888889,7.0,7.0,1,0,1,-0.25,-0.4,3.0
0022401209,1626167,4,3,567.0,1.8069444444444445,12.0,12.0,1,0,1,-0.04999999999999999,0.0,2.0
0022401209,1626167,5,4,309.0,0.45416666666666666,10.0,10.0,0,1,1,-0.25,-0.4,3.0
0022401217,1628401,2,2,366.0,2.529166666666667,21.0,21.0,0,1,0,-0.375,0.7999999999999999,0.0
0022401218,1641705,2,2,332.0,2.4763888888888888,-10.0,10.0,1,0,0,-0.25,-0.3999999999999999,-2.0
0022401220,203076,2,2,364.0,2.522222222222222,15.0,15.0,0,1,0,0.25,-0.19999999999999996,4.0
0022401220,203076,4,3,367.0,1.5305555555555554,23.0,23.0,0,1,1,-0.2,-0.3999999999999999,-3.0
0022401224,1630596,3,2,676.0,2.9555555555555557,20.0,20.0,1,0,1,0.08333333333333331,0.6,3.0
0022401224,1628378,2,2,614.0,2.8680555555555554,22.0,22.0,0,1,0,0.0,-0.4,2.0
0022401228,1641726,2,2,125.0,2.202777777777778,9.0,9.0,0,1,0,-0.16666666666666666,-0.40000000000000013,1.0
