personId,prior_blocks_plus_steals_per_appearance
1641705,4.802816901408451
203076,3.539473684210526
1631096,2.9634146341463414
1629655,2.945945945945946
201572,2.9240506329113924
1628983,2.8933333333333335
1631117,2.875
1628991,2.8181818181818183
203497,2.8157894736842106
1630567,2.716666666666667
1629651,2.6901408450704225
204001,2.6842105263157894
1627936,2.6619718309859155
202695,2.5
1629680,2.4923076923076923
1628368,2.445945945945946
1628378,2.381818181818182
1626167,2.3766233766233764
1630596,2.34
1628392,2.32
203507,2.26027397260274
1627751,2.22
203999,2.2151898734177213
1628401,2.2054794520547945
1630529,2.1973684210526314
1627832,2.191780821917808
201142,2.1333333333333333
203994,2.1052631578947367
1628389,2.0704225352112675
1641726,2.0545454545454547
