game_id,event,success,change,control_change,difference_in_differences,period,margin,remaining
0022400001,614,0,-0.1,-0.1,0.0,4,0.0,174.0
0022400002,151,1,0.0,0.4,-0.4,1,11.0,60.0
0022400004,215,1,0.0,-0.1,0.1,2,4.0,459.0
0022400004,284,0,0.0,-0.1,0.1,2,5.0,254.0
0022400004,557,1,-0.1,0.30000000000000004,-0.4,4,8.0,587.0
0022400005,502,1,-0.1,0.2,-0.30000000000000004,3,13.0,60.0
0022400006,162,1,-0.2,0.0,-0.2,2,5.0,595.0
0022400006,502,0,0.1,0.1,0.0,4,11.0,503.0
0022400007,581,0,-0.19999999999999998,0.0,-0.19999999999999998,4,0.0,609.0
0022400010,257,1,-0.1,-0.2,0.1,2,3.0,269.0
0022400011,505,1,0.0,0.19999999999999998,-0.19999999999999998,3,5.0,153.0
0022400012,256,1,-0.1,0.3,-0.4,2,1.0,441.0
0022400013,514,1,-0.19999999999999998,-0.1,-0.09999999999999998,3,8.0,59.0
0022400015,96,0,-0.19999999999999998,-0.2,2.7755575615628914e-17,1,9.0,286.0
0022400018,155,0,-0.19999999999999998,0.0,-0.19999999999999998,1,15.0,13.0
0022400019,358,1,0.09999999999999998,0.0,0.09999999999999998,2,9.0,77.0
0022400019,684,1,0.30000000000000004,0.1,0.20000000000000004,4,24.0,476.0
0022400020,226,0,-0.19999999999999998,0.1,-0.3,2,7.0,289.0
0022400021,199,1,-0.3,0.0,-0.3,2,6.0,479.0
0022400022,423,0,-0.1,0.0,-0.1,3,8.0,379.0
0022400024,204,1,-0.19999999999999998,0.0,-0.19999999999999998,2,18.0,528.0
0022400024,356,1,0.19999999999999998,0.1,0.09999999999999998,3,14.0,593.0
0022400026,229,0,-0.1,0.0,-0.1,2,8.0,417.0
0022400027,341,1,-0.3,0.2,-0.5,3,0.0,644.0
0022400027,542,1,0.0,0.0,0.0,4,2.0,471.0
0022400028,291,0,0.2,0.0,0.2,2,2.0,196.0
0022400030,401,1,0.1,-0.30000000000000004,0.4,3,13.0,414.0
0022400032,546,1,-0.19999999999999998,-0.1,-0.09999999999999998,4,6.0,613.0
0022400033,93,1,-0.1,-0.1,0.0,1,7.0,267.0
0022400033,161,0,0.0,0.1,-0.1,2,2.0,720.0
0022400033,655,1,0.1,0.0,0.1,4,5.0,185.0
0022400035,480,1,0.19999999999999998,0.30000000000000004,-0.10000000000000006,3,14.0,112.0
0022400037,232,1,0.1,0.1,0.0,2,4.0,293.0
0022400038,429,1,0.3,-0.1,0.4,3,5.0,337.0
0022400039,266,1,-0.09999999999999998,0.0,-0.09999999999999998,2,6.0,255.0
0022400040,354,1,0.2,-0.09999999999999998,0.3,3,4.0,432.0
0022400043,290,1,0.1,0.1,0.0,2,15.0,53.40000000000009
0022400043,573,0,0.0,-0.19999999999999998,0.19999999999999998,4,22.0,412.0
0022400045,122,1,0.19999999999999998,0.3,-0.1,1,9.0,130.0
0022400045,522,0,0.0,0.0,0.0,4,15.0,411.0
0022400046,52,0,0.2,0.0,0.2,1,2.0,425.0
0022400047,596,0,0.30000000000000004,0.1,0.20000000000000004,4,8.0,94.0
0022400049,313,1,-0.09999999999999998,0.0,-0.09999999999999998,2,6.0,146.0
0022400050,52,1,-0.2,-0.1,-0.1,1,3.0,442.0
0022400050,372,1,0.2,-0.1,0.30000000000000004,3,7.0,497.0
0022400052,35,1,-0.1,-0.2,0.1,1,4.0,536.0
0022400052,458,0,0.19999999999999998,-0.1,0.3,3,21.0,195.0
0022400052,658,1,0.1,0.1,0.0,4,16.0,110.0
0022400053,541,1,0.1,0.1,0.0,4,28.0,502.0
0022400054,311,0,-0.3,-0.1,-0.19999999999999998,2,21.0,101.0
0022400055,311,0,0.1,0.5,-0.4,2,9.0,120.0
0022400056,547,1,0.0,0.0,0.0,3,13.0,123.0
0022400056,762,1,0.0,0.10000000000000003,-0.10000000000000003,4,3.0,127.0
0022400057,203,0,0.19999999999999998,-0.19999999999999998,0.39999999999999997,2,10.0,399.0
0022400057,644,0,0.09999999999999998,-0.2,0.3,4,13.0,124.0
0022400059,437,0,-0.19999999999999998,-0.19999999999999998,0.0,3,11.0,246.0
0022400059,607,1,-0.19999999999999998,0.0,-0.19999999999999998,4,9.0,300.0
0022400060,566,1,0.1,-0.30000000000000004,0.4,4,24.0,209.0
0022400063,625,1,-0.2,0.5,-0.7,4,1.0,370.0
0022400064,450,1,0.2,-0.09999999999999998,0.3,3,4.0,217.0
0022400066,372,0,-0.2,0.0,-0.2,3,10.0,665.0
0022400067,528,0,-0.1,-0.2,0.1,3,23.0,18.300000000000182
0022400068,524,0,0.09999999999999998,-0.3,0.39999999999999997,3,4.0,2.199999999999818
0022400069,100,1,0.1,-0.2,0.30000000000000004,1,3.0,207.0
0022400070,62,1,-0.4,0.0,-0.4,1,3.0,469.0
0022400071,414,1,-0.09999999999999998,-0.4,0.30000000000000004,3,3.0,373.0
0022400071,688,1,0.0,-0.1,0.1,4,2.0,99.0
0022400073,382,1,0.0,0.30000000000000004,-0.30000000000000004,3,15.0,503.0
0022400075,450,1,-0.1,0.2,-0.30000000000000004,3,9.0,311.0
0022400075,658,1,0.0,-0.1,0.1,4,18.0,256.0
0022400076,441,1,0.1,-0.09999999999999998,0.19999999999999998,3,10.0,230.0
0022400077,247,1,0.0,-0.1,0.1,2,6.0,420.0
0022400077,384,1,-0.09999999999999998,0.0,-0.09999999999999998,3,1.0,622.0
0022400077,624,0,-0.2,0.4,-0.6000000000000001,4,17.0,302.0
0022400078,416,0,0.0,0.10000000000000003,-0.10000000000000003,3,6.0,720.0
0022400079,276,1,0.0,-0.2,0.2,2,9.0,403.0
0022400079,455,1,0.0,0.30000000000000004,-0.30000000000000004,3,6.0,439.0
0022400082,699,1,-0.19999999999999996,-0.19999999999999998,2.7755575615628914e-17,4,17.0,422.0
0022400083,198,1,0.0,0.2,-0.2,2,1.0,482.0
0022400083,398,0,0.0,0.0,0.0,3,5.0,342.0
0022400084,413,1,0.0,-0.2,0.2,3,19.0,581.0
0022400085,529,0,-0.2,0.3,-0.5,4,10.0,555.0
0022400087,434,1,0.19999999999999998,0.1,0.09999999999999998,3,0.0,176.0
0022400088,571,1,-0.1,0.1,-0.2,4,8.0,622.0
0022400089,501,1,-0.1,-0.3,0.19999999999999998,4,3.0,693.0
0022400090,513,1,0.10000000000000003,-0.3,0.4,3,17.0,77.0
0022400091,44,1,0.2,0.09999999999999998,0.10000000000000003,1,0.0,516.0
0022400091,313,0,0.0,-0.2,0.2,2,10.0,255.0
0022400092,52,0,-0.30000000000000004,0.0,-0.30000000000000004,1,8.0,493.0
0022400093,294,0,-0.1,0.1,-0.2,2,12.0,162.0
0022400094,320,1,0.09999999999999998,0.1,-2.7755575615628914e-17,1,10.0,21.100000000000023
0022400095,34,1,-0.19999999999999998,0.09999999999999998,-0.29999999999999993,1,5.0,558.0
0022400096,180,1,0.2,-0.09999999999999998,0.3,2,10.0,639.0
0022400096,397,1,0.0,0.3,-0.3,3,1.0,520.0
0022400098,331,0,0.0,0.2,-0.2,3,1.0,680.0
0022400101,476,1,0.1,0.1,0.0,3,2.0,259.0
0022400102,120,1,0.0,-0.1,0.1,1,2.0,109.0
0022400102,396,1,-0.1,-0.10000000000000003,2.7755575615628914e-17,3,4.0,437.0
0022400103,291,1,0.0,-0.09999999999999998,0.09999999999999998,2,10.0,220.0
0022400104,34,1,0.3,0.0,0.3,1,2.0,584.0
0022400104,350,1,0.2,0.0,0.2,3,0.0,631.0
0022400105,216,1,0.0,0.1,-0.1,2,5.0,425.0
0022400106,315,0,-0.09999999999999998,0.0,-0.09999999999999998,2,7.0,6.2999999999999545
0022400109,599,1,-0.19999999999999998,0.19999999999999998,-0.39999999999999997,4,8.0,347.0
0022400110,324,0,-0.1,-0.1,0.0,2,8.0,171.0
0022400110,672,0,0.19999999999999998,0.2,-2.7755575615628914e-17,4,6.0,185.0
0022400113,476,0,-0.30000000000000004,-0.2,-0.10000000000000003,3,1.0,170.0
0022400113,623,0,-0.3,0.1,-0.4,4,2.0,236.0
0022400114,172,1,0.1,0.3,-0.19999999999999998,2,6.0,671.0
0022400114,527,1,0.09999999999999998,0.0,0.09999999999999998,4,10.0,551.0
0022400116,542,1,-0.09999999999999998,-0.09999999999999998,0.0,4,13.0,475.0
0022400117,189,1,0.0,-0.19999999999999998,0.19999999999999998,2,19.0,664.0
0022400117,632,1,-0.19999999999999998,0.6,-0.7999999999999999,4,7.0,410.0
0022400118,242,0,-0.3,0.0,-0.3,2,19.0,302.0
0022400121,294,1,-0.1,0.1,-0.2,2,8.0,239.0
0022400121,410,1,0.0,0.0,0.0,3,4.0,642.0
0022400122,118,0,-0.3,-0.2,-0.09999999999999998,1,3.0,177.0
0022400125,284,1,-0.1,0.1,-0.2,2,16.0,151.0
0022400126,308,1,0.1,-0.2,0.30000000000000004,2,4.0,41.799999999999955
0022400126,610,0,0.0,-0.2,0.2,4,19.0,333.0
0022400127,282,1,0.09999999999999998,0.0,0.09999999999999998,2,5.0,157.0
0022400127,472,0,-0.19999999999999998,0.1,-0.3,3,6.0,61.0
0022400129,230,1,-0.3,0.30000000000000004,-0.6000000000000001,2,19.0,524.0
0022400130,42,1,0.0,0.2,-0.2,1,1.0,459.0
0022400130,436,0,0.0,0.0,0.0,3,7.0,295.0
0022400130,531,1,0.0,0.0,0.0,4,12.0,694.0
0022400132,372,1,0.0,0.0,0.0,3,4.0,480.0
0022400134,493,1,-0.1,0.2,-0.30000000000000004,4,35.0,510.0
0022400135,316,0,-0.09999999999999998,0.0,-0.09999999999999998,2,5.0,151.0
0022400135,617,1,0.19999999999999998,0.1,0.09999999999999998,4,6.0,255.0
0022400136,321,1,0.2,0.0,0.2,3,8.0,623.0
0022400137,540,1,-0.09999999999999998,0.1,-0.19999999999999998,3,11.0,8.099999999999909
0022400138,346,1,0.19999999999999998,-0.19999999999999998,0.39999999999999997,3,4.0,540.0
0022400139,469,0,0.1,-0.1,0.2,3,8.0,42.40000000000009
0022400140,59,0,-0.19999999999999998,0.19999999999999998,-0.39999999999999997,1,6.0,396.0
0022400140,350,1,0.3,-0.1,0.4,3,0.0,637.0
0022400141,420,1,0.1,-0.3,0.4,3,6.0,365.0
0022400141,562,1,0.0,0.0,0.0,4,9.0,432.0
0022400144,386,0,-0.09999999999999998,-0.3,0.2,3,28.0,550.0
0022400144,664,0,-0.10000000000000003,0.0,-0.10000000000000003,4,6.0,95.0
0022400147,486,0,-0.2,0.10000000000000003,-0.30000000000000004,3,20.0,260.0
0022400148,305,1,0.09999999999999998,-0.3,0.39999999999999997,2,10.0,310.0
0022400149,626,1,0.0,0.2,-0.2,4,13.0,243.0
0022400150,373,1,0.19999999999999998,0.1,0.09999999999999998,3,1.0,562.0
0022400150,599,0,0.0,0.0,0.0,4,13.0,290.0
0022400151,605,1,-0.1,-0.2,0.1,4,9.0,334.0
0022400153,144,0,0.09999999999999998,-0.1,0.19999999999999998,1,3.0,54.39999999999998
0022400153,254,1,0.0,0.09999999999999998,-0.09999999999999998,2,16.0,358.0
0022400154,289,0,0.0,-0.09999999999999998,0.09999999999999998,2,16.0,73.0
0022400156,487,1,-0.3,0.19999999999999998,-0.5,3,10.0,69.0
0022400158,217,0,-0.2,0.3,-0.5,2,2.0,471.0
0022400158,402,1,0.0,0.0,0.0,3,1.0,433.0
0022400159,562,0,0.30000000000000004,-0.09999999999999998,0.4,4,1.0,497.0
0022400160,304,0,-0.1,0.0,-0.1,2,9.0,196.0
0022400161,161,1,-0.30000000000000004,0.09999999999999998,-0.4,2,10.0,662.0
0022400162,286,0,0.3,0.0,0.3,2,12.0,136.0
0022400162,527,1,-0.09999999999999998,-0.30000000000000004,0.20000000000000007,4,20.0,654.0
0022400163,494,1,0.19999999999999998,0.19999999999999998,0.0,3,26.0,26.800000000000182
0022400163,621,0,-0.19999999999999998,-0.1,-0.09999999999999998,4,17.0,178.0
0022400164,577,0,-0.1,0.19999999999999998,-0.3,4,11.0,257.0
0022400165,53,0,0.0,0.0,0.0,1,11.0,452.0
0022400165,200,1,0.1,0.19999999999999998,-0.09999999999999998,2,3.0,545.0
0022400167,264,1,-0.19999999999999998,0.0,-0.19999999999999998,2,1.0,284.0
0022400167,614,1,-0.1,0.3,-0.4,4,7.0,262.0
0022400171,132,1,0.0,0.2,-0.2,1,1.0,102.0
0022400171,591,1,-0.10000000000000003,0.5,-0.6000000000000001,4,5.0,146.0
0022400172,556,0,-0.1,0.4,-0.5,4,4.0,307.0
0022400173,474,1,-0.1,0.09999999999999998,-0.19999999999999998,4,26.0,675.0
0022400174,243,1,-0.09999999999999998,-0.1,2.7755575615628914e-17,2,4.0,423.0
0022400175,256,1,0.0,-0.09999999999999998,0.09999999999999998,2,4.0,311.0
0022400175,493,1,0.1,0.1,0.0,3,11.0,34.30000000000018
0022400175,589,0,-0.2,0.1,-0.30000000000000004,4,6.0,451.0
0022400178,364,1,0.0,0.1,-0.1,3,4.0,500.0
0022400178,573,0,-0.19999999999999998,0.0,-0.19999999999999998,4,0.0,320.0
0022400179,428,0,-0.19999999999999998,-0.3,0.1,3,10.0,116.0
0022400181,346,1,0.0,-0.19999999999999998,0.19999999999999998,3,6.0,458.0
0022400181,515,1,0.0,0.0,0.0,4,3.0,482.0
0022400183,552,0,-0.09999999999999998,-0.1,2.7755575615628914e-17,4,9.0,383.0
0022400185,214,1,0.09999999999999998,0.0,0.09999999999999998,2,20.0,639.0
0022400185,382,0,0.1,-0.3,0.4,2,15.0,12.0
0022400186,313,1,0.1,0.19999999999999998,-0.09999999999999998,3,10.0,720.0
0022400187,372,1,0.0,-0.2,0.2,3,2.0,398.0
0022400188,489,0,-0.3,0.1,-0.4,3,36.0,131.0
0022400189,30,1,0.1,-0.09999999999999998,0.19999999999999998,1,5.0,541.0
0022400189,376,0,0.0,-0.2,0.2,3,17.0,455.0
0022400190,450,0,-0.5,0.1,-0.6,3,4.0,141.0
0022400190,514,0,-0.1,0.0,-0.1,4,2.0,546.0
0022400191,535,0,0.30000000000000004,0.2,0.10000000000000003,3,23.0,109.0
0022400191,718,1,-0.2,-0.09999999999999998,-0.10000000000000003,4,22.0,253.0
0022400192,324,1,0.1,0.0,0.1,3,26.0,678.0
0022400193,283,0,0.0,0.0,0.0,2,17.0,213.0
0022400193,574,0,0.2,0.0,0.2,4,24.0,401.0
0022400194,568,1,0.1,0.19999999999999998,-0.09999999999999998,4,10.0,294.0
0022400195,30,1,0.1,0.1,0.0,1,5.0,591.0
0022400195,539,1,0.0,0.3,-0.3,4,17.0,500.0
0022400196,192,1,0.3,-0.1,0.4,2,6.0,644.0
0022400196,324,0,0.09999999999999998,-0.1,0.19999999999999998,3,7.0,678.0
0022400198,314,1,-0.19999999999999998,0.0,-0.19999999999999998,2,9.0,176.0
0022400199,140,1,-0.1,-0.19999999999999998,0.09999999999999998,1,6.0,32.39999999999998
0022400199,248,0,0.0,0.1,-0.1,2,10.0,281.0
0022400199,433,0,0.1,-0.1,0.2,3,9.0,175.0
0022400200,333,1,0.1,-0.2,0.30000000000000004,3,6.0,625.0
0022400201,320,1,-0.09999999999999998,-0.4,0.30000000000000004,3,2.0,720.0
0022400202,504,1,0.09999999999999998,0.0,0.09999999999999998,4,1.0,532.0
0022400204,395,0,-0.09999999999999998,0.09999999999999998,-0.19999999999999996,3,14.0,265.0
0022400205,355,0,-0.2,0.1,-0.30000000000000004,3,1.0,623.0
0022400206,157,1,0.0,0.0,0.0,2,7.0,720.0
0022400206,614,0,0.1,0.0,0.1,4,3.0,196.0
0022400207,362,1,0.10000000000000003,-0.09999999999999998,0.2,3,13.0,640.0
0022400207,717,0,0.1,-0.09999999999999998,0.19999999999999998,4,8.0,288.0
0022400208,282,1,0.0,0.0,0.0,2,2.0,277.0
0022400211,485,1,-0.09999999999999998,0.19999999999999998,-0.29999999999999993,3,2.0,58.19999999999982
0022400212,421,1,0.1,-0.09999999999999998,0.19999999999999998,3,6.0,318.0
0022400213,188,1,-0.1,0.0,-0.1,2,9.0,551.0
0022400213,427,1,0.3,-0.4,0.7,3,12.0,177.0
0022400214,577,1,0.0,0.0,0.0,4,1.0,278.0
0022400215,297,1,0.0,0.1,-0.1,2,11.0,161.0
0022400215,417,0,0.0,0.10000000000000003,-0.10000000000000003,3,16.0,418.0
0022400216,347,1,0.0,-0.1,0.1,3,12.0,476.0
0022400217,460,1,0.2,-0.09999999999999998,0.3,3,2.0,136.0
0022400218,371,1,0.1,0.0,0.1,3,15.0,437.0
0022400218,513,0,0.0,-0.2,0.2,4,15.0,522.0
0022400219,135,0,0.0,-0.2,0.2,1,7.0,93.0
0022400221,303,1,-0.3,0.1,-0.4,2,7.0,190.0
0022400221,474,1,-0.30000000000000004,0.1,-0.4,3,16.0,156.0
0022400222,526,1,0.1,-0.1,0.2,4,16.0,604.0
0022400223,274,1,-0.1,0.0,-0.1,2,11.0,169.0
0022400223,607,0,-0.1,0.19999999999999998,-0.3,4,0.0,91.0
0022400224,647,0,0.3,0.0,0.3,4,6.0,100.0
0022400226,446,1,-0.30000000000000004,-0.19999999999999998,-0.10000000000000006,3,6.0,140.0
0022400226,570,0,-0.1,0.09999999999999998,-0.19999999999999998,4,9.0,383.0
0022400229,137,0,-0.1,0.0,-0.1,1,5.0,71.0
0022400231,349,0,0.3,0.0,0.3,3,8.0,585.0
0022400233,151,0,0.1,-0.1,0.2,1,3.0,30.100000000000023
0022400234,608,0,-0.1,0.1,-0.2,4,7.0,220.0
0022400235,115,1,-0.3,-0.1,-0.19999999999999998,1,6.0,168.0
0022400235,523,1,0.0,-0.19999999999999998,0.19999999999999998,4,5.0,382.0
0022400236,514,0,0.19999999999999998,0.1,0.09999999999999998,3,3.0,33.80000000000018
0022400237,89,1,-0.1,0.0,-0.1,1,6.0,308.0
0022400238,408,1,0.2,0.4,-0.2,3,19.0,373.0
0022400238,623,1,-0.2,0.1,-0.30000000000000004,4,11.0,245.0
0022400240,286,1,-0.19999999999999998,0.09999999999999998,-0.29999999999999993,2,9.0,143.0
0022400240,518,1,0.4,-0.10000000000000003,0.5,4,11.0,560.0
0022400242,635,0,-0.1,-0.09999999999999998,-2.7755575615628914e-17,4,11.0,253.0
0022400245,527,1,-0.1,0.2,-0.30000000000000004,4,14.0,521.0
0022400246,370,0,0.0,0.19999999999999998,-0.19999999999999998,3,29.0,351.0
0022400248,159,0,0.0,0.0,0.0,2,1.0,720.0
0022400248,451,0,-0.09999999999999998,-0.1,2.7755575615628914e-17,3,10.0,164.0
0022400249,613,0,0.3,0.1,0.19999999999999998,4,10.0,237.0
0022400250,381,1,0.0,0.1,-0.1,3,2.0,537.0
0022400251,84,1,0.0,-0.1,0.1,1,7.0,275.0
0022400254,69,1,0.0,0.0,0.0,1,0.0,404.0
0022400254,341,1,0.19999999999999998,-0.09999999999999998,0.29999999999999993,2,3.0,190.0
0022400255,464,0,0.0,0.3,-0.3,3,10.0,185.0
0022400257,180,1,0.1,0.19999999999999998,-0.09999999999999998,2,16.0,452.0
0022400258,622,1,-0.19999999999999998,-0.2,2.7755575615628914e-17,4,16.0,547.0
0022400262,505,1,0.0,0.09999999999999998,-0.09999999999999998,3,8.0,159.0
0022400262,643,0,-0.3,0.0,-0.3,4,3.0,484.0
0022400263,438,1,0.0,-0.3,0.3,3,3.0,228.0
0022400264,251,0,-0.09999999999999998,0.0,-0.09999999999999998,2,6.0,384.0
0022400265,600,0,-0.5,0.5,-1.0,4,19.0,286.0
0022400266,205,1,0.0,-0.10000000000000003,0.10000000000000003,2,4.0,556.0
0022400267,169,1,-0.10000000000000003,0.1,-0.20000000000000004,1,5.0,33.700000000000045
0022400267,288,1,0.09999999999999998,-0.10000000000000003,0.2,2,6.0,398.0
0022400268,621,0,0.0,-0.3,0.3,4,13.0,166.0
0022400270,531,0,-0.30000000000000004,0.19999999999999998,-0.5,4,19.0,459.0
0022400274,51,0,-0.1,0.09999999999999998,-0.19999999999999998,1,10.0,413.0
0022400274,315,1,0.4,0.1,0.30000000000000004,2,15.0,96.0
0022400275,429,1,0.4,0.1,0.30000000000000004,3,15.0,382.0
0022400276,88,1,0.30000000000000004,0.2,0.10000000000000003,1,5.0,219.0
0022400278,594,0,-0.2,0.0,-0.2,4,4.0,528.0
0022400279,221,0,-0.3,0.0,-0.3,2,8.0,435.0
0022400280,97,0,0.1,0.0,0.1,1,9.0,281.0
0022400281,358,1,0.2,-0.1,0.30000000000000004,3,21.0,478.0
0022400282,350,0,0.19999999999999998,0.0,0.19999999999999998,2,9.0,116.0
0022400282,620,1,-0.1,-0.1,0.0,4,22.0,606.0
0022400284,608,0,0.09999999999999998,-0.39999999999999997,0.49999999999999994,4,3.0,363.0
0022400285,562,1,-0.09999999999999998,0.0,-0.09999999999999998,4,13.0,430.0
0022400287,154,0,-0.09999999999999998,-0.19999999999999998,0.1,1,12.0,162.0
0022400290,257,0,-0.2,0.19999999999999998,-0.4,2,9.0,454.0
0022400290,628,0,0.1,0.0,0.1,4,6.0,166.0
0022400291,207,1,-0.1,0.09999999999999998,-0.19999999999999998,2,3.0,412.0
0022400291,492,0,-0.2,-0.4,0.2,3,21.0,19.0
0022400292,407,0,-0.2,0.0,-0.2,3,15.0,351.0
0022400293,384,1,0.3,0.1,0.19999999999999998,3,17.0,620.0
0022400294,521,1,0.0,-0.3,0.3,3,7.0,1.0
0022400295,467,1,-0.1,0.09999999999999998,-0.19999999999999998,3,24.0,167.0
0022400298,275,1,-0.1,-0.1,0.0,2,4.0,185.0
0022400300,474,1,0.0,0.0,0.0,3,5.0,148.0
0022400301,415,0,-0.1,0.09999999999999998,-0.19999999999999998,3,16.0,274.0
0022400303,529,1,0.0,0.0,0.0,4,10.0,558.0
0022400306,33,1,0.0,0.0,0.0,1,2.0,543.0
0022400306,343,0,0.1,-0.1,0.2,2,6.0,38.5
0022400307,408,1,0.0,0.1,-0.1,3,9.0,278.0
0022400307,535,0,0.0,-0.09999999999999998,0.09999999999999998,4,6.0,403.0
0022400308,369,1,0.0,0.0,0.0,3,30.0,604.0
0022400309,143,1,0.0,0.1,-0.1,1,10.0,90.0
0022400310,272,0,-0.3,0.0,-0.3,2,10.0,292.0
0022400310,583,0,0.10000000000000003,-0.2,0.30000000000000004,4,3.0,524.0
0022400312,563,0,-0.19999999999999998,0.0,-0.19999999999999998,4,4.0,402.0
0022400313,187,1,0.0,-0.1,0.1,2,12.0,581.0
0022400313,637,1,-0.1,-0.2,0.1,4,2.0,277.0
0022400314,593,0,-0.10000000000000003,-0.4,0.3,4,6.0,117.0
0022400315,443,1,-0.19999999999999998,0.3,-0.5,3,2.0,372.0
0022400318,270,1,0.0,0.1,-0.1,2,12.0,173.0
0022400320,273,1,-0.1,-0.3,0.19999999999999998,2,15.0,152.0
0022400320,602,1,0.19999999999999998,0.09999999999999998,0.1,4,12.0,196.0
0022400321,277,0,-0.2,0.1,-0.30000000000000004,2,17.0,227.0
0022400322,230,0,0.30000000000000004,-0.19999999999999998,0.5,2,4.0,362.0
0022400322,575,0,0.0,0.0,0.0,4,5.0,124.0
0022400323,532,1,-0.09999999999999998,0.0,-0.09999999999999998,4,10.0,659.0
0022400324,433,0,0.0,-0.2,0.2,3,36.0,29.59999999999991
0022400324,492,1,-0.1,-0.09999999999999998,-2.7755575615628914e-17,4,31.0,560.0
0022400325,88,1,0.0,0.0,0.0,1,1.0,345.0
0022400326,414,1,0.1,-0.1,0.2,3,17.0,357.0
0022400328,471,0,-0.30000000000000004,0.0,-0.30000000000000004,3,30.0,217.0
0022400329,366,1,0.0,-0.19999999999999998,0.19999999999999998,3,4.0,598.0
0022400329,660,1,0.09999999999999998,0.0,0.09999999999999998,4,2.0,284.0
0022400331,447,1,0.0,0.09999999999999998,-0.09999999999999998,3,15.0,397.0
0022400333,398,1,0.0,-0.19999999999999998,0.19999999999999998,3,7.0,472.0
0022400333,562,0,0.19999999999999998,0.0,0.19999999999999998,4,11.0,407.0
0022400334,269,1,0.3,0.1,0.19999999999999998,2,6.0,197.0
0022400334,362,0,-0.1,0.1,-0.2,3,4.0,657.0
0022400335,504,1,0.0,-0.1,0.1,4,3.0,321.0
0022400337,398,0,0.0,-0.1,0.1,3,7.0,564.0
0022400338,498,1,0.1,0.0,0.1,3,9.0,63.0
0022400340,216,1,-0.19999999999999998,0.1,-0.3,2,13.0,463.0
0022400340,382,1,0.1,0.10000000000000003,-2.7755575615628914e-17,3,15.0,429.0
0022400341,692,1,0.0,0.2,-0.2,4,7.0,114.0
0022400342,271,0,-0.09999999999999998,0.19999999999999998,-0.29999999999999993,2,29.0,255.0
0022400342,345,0,-0.1,0.19999999999999998,-0.3,3,29.0,689.0
0022400345,657,0,0.0,0.0,0.0,4,6.0,307.0
0022400346,590,0,0.0,-0.4,0.4,4,7.0,205.0
0022400347,490,1,-0.19999999999999998,0.1,-0.3,3,12.0,27.199999999999818
0022400348,566,1,0.0,0.30000000000000004,-0.30000000000000004,4,2.0,320.0
0022400349,294,1,0.2,0.1,0.1,2,0.0,139.0
0022400350,554,1,0.0,-0.1,0.1,3,18.0,79.0
0022400351,340,1,0.1,-0.2,0.30000000000000004,3,11.0,504.0
0022400352,204,0,0.0,-0.1,0.1,2,0.0,552.0
0022400354,394,1,0.1,0.10000000000000003,-2.7755575615628914e-17,3,2.0,514.0
0022400355,303,0,-0.1,-0.19999999999999998,0.09999999999999998,2,6.0,169.0
0022400355,352,0,-0.1,0.1,-0.2,3,12.0,696.0
0022400356,81,1,-0.1,0.1,-0.2,1,5.0,251.0
0022400356,587,0,-0.19999999999999998,-0.19999999999999998,0.0,4,8.0,160.0
0022400357,299,1,0.0,0.19999999999999998,-0.19999999999999998,2,16.0,121.0
0022400358,576,0,-0.19999999999999998,0.0,-0.19999999999999998,4,20.0,247.0
0022400359,346,1,-0.30000000000000004,0.0,-0.30000000000000004,3,1.0,720.0
0022400359,537,0,0.0,0.2,-0.2,4,0.0,555.0
0022400360,626,0,0.0,-0.1,0.1,4,13.0,340.0
0022400361,284,1,0.0,-0.19999999999999998,0.19999999999999998,2,13.0,302.0
0022400361,424,1,0.0,-0.19999999999999998,0.19999999999999998,3,10.0,371.0
0022400362,681,1,0.2,0.3,-0.09999999999999998,4,8.0,183.0
0022400363,342,1,0.0,-0.1,0.1,3,4.0,515.0
0022400364,319,1,0.0,0.0,0.0,2,2.0,174.0
0022400364,494,0,0.0,-0.4,0.4,3,3.0,199.0
0022400365,297,1,-0.10000000000000003,0.3,-0.4,2,15.0,63.0
0022400365,598,0,-0.19999999999999998,0.10000000000000003,-0.30000000000000004,4,17.0,336.0
0022400366,429,1,0.1,-0.1,0.2,3,38.0,537.0
0022400367,386,0,0.0,0.1,-0.1,3,27.0,387.0
0022400368,546,0,-0.19999999999999998,0.0,-0.19999999999999998,4,9.0,446.0
0022400369,382,1,0.3,0.2,0.09999999999999998,3,5.0,548.0
0022400370,409,1,0.2,0.0,0.2,3,3.0,609.0
0022400370,726,1,-0.19999999999999998,0.3,-0.5,4,0.0,2.099999999999909
0022400371,409,1,0.0,-0.3,0.3,3,8.0,301.0
0022400372,270,1,-0.09999999999999998,0.0,-0.09999999999999998,2,3.0,413.0
0022400373,307,1,-0.3,-0.1,-0.19999999999999998,2,12.0,29.5
0022400373,549,1,0.1,0.09999999999999998,2.7755575615628914e-17,4,6.0,442.0
0022400375,405,0,-0.1,-0.1,0.0,3,5.0,244.0
0022400376,153,1,-0.1,0.1,-0.2,1,5.0,80.0
0022400376,512,1,0.19999999999999998,-0.3,0.5,4,6.0,614.0
0022400377,239,0,-0.2,0.4,-0.6000000000000001,2,20.0,391.0
0022400377,610,0,0.19999999999999998,0.0,0.19999999999999998,4,3.0,239.0
0022400378,582,1,0.0,-0.1,0.1,4,26.0,516.0
0022400379,293,1,0.3,0.0,0.3,2,3.0,120.0
0022400379,360,1,0.2,-0.2,0.4,3,3.0,554.0
0022400381,366,1,-0.2,0.1,-0.30000000000000004,3,5.0,557.0
0022400383,291,0,0.2,0.2,0.0,2,16.0,223.0
0022400385,191,0,-0.1,0.09999999999999998,-0.19999999999999998,2,7.0,497.0
0022400385,595,1,-0.4,0.0,-0.4,4,10.0,193.0
0022400386,474,1,0.09999999999999998,0.0,0.09999999999999998,3,19.0,5.099999999999909
0022400387,72,1,0.0,0.3,-0.3,1,11.0,352.0
0022400387,477,1,0.0,-0.1,0.1,3,9.0,1.599999999999909
0022400388,307,0,-0.30000000000000004,0.2,-0.5,2,6.0,151.0
0022400389,366,1,0.0,0.0,0.0,3,7.0,384.0
0022400390,461,0,-0.1,-0.1,0.0,3,13.0,293.0
0022400395,38,1,0.1,-0.2,0.30000000000000004,1,7.0,500.0
0022400395,314,1,-0.1,0.1,-0.2,2,3.0,1.5
0022400399,95,1,0.0,-0.19999999999999998,0.19999999999999998,1,1.0,283.0
0022400399,274,1,-0.2,-0.1,-0.1,2,4.0,410.0
0022400399,544,0,-0.2,0.4,-0.6000000000000001,3,7.0,119.0
0022400399,635,1,0.2,-0.1,0.30000000000000004,4,3.0,524.0
0022400400,308,1,-0.19999999999999998,0.0,-0.19999999999999998,2,7.0,174.0
0022400400,529,1,0.09999999999999998,-0.30000000000000004,0.4,3,4.0,48.59999999999991
0022400402,255,1,0.19999999999999998,-0.19999999999999998,0.39999999999999997,2,10.0,256.0
0022400402,428,1,-0.1,0.1,-0.2,3,18.0,348.0
0022400403,239,1,0.0,0.1,-0.1,2,7.0,438.0
0022400403,579,1,0.09999999999999998,-0.2,0.3,4,2.0,345.0
0022400405,133,1,0.09999999999999998,0.1,-2.7755575615628914e-17,1,3.0,113.0
0022400405,414,1,-0.09999999999999998,0.09999999999999998,-0.19999999999999996,3,4.0,201.0
0022400406,133,1,0.0,-0.2,0.2,1,2.0,82.0
0022400406,574,1,-0.09999999999999998,0.0,-0.09999999999999998,4,3.0,115.0
0022400407,41,1,0.0,0.0,0.0,1,1.0,498.0
0022400408,506,1,0.0,0.0,0.0,4,9.0,484.0
0022400409,554,0,-0.1,0.0,-0.1,4,13.0,300.0
0022400411,519,0,0.2,-0.19999999999999998,0.4,4,4.0,429.0
0022400413,523,0,0.0,-0.1,0.1,4,14.0,564.0
0022400418,244,1,0.1,0.1,0.0,2,14.0,404.0
0022400419,240,1,0.30000000000000004,-0.3,0.6000000000000001,2,1.0,367.0
0022400419,391,1,0.10000000000000003,-0.30000000000000004,0.4000000000000001,3,1.0,515.0
0022400422,137,0,-0.19999999999999998,0.0,-0.19999999999999998,1,1.0,30.200000000000045
0022400422,450,1,0.0,0.3,-0.3,3,5.0,121.0
0022400422,600,0,0.09999999999999998,-0.2,0.3,4,10.0,162.0
0022400423,520,1,-0.09999999999999998,-0.2,0.10000000000000003,3,18.0,246.0
0022400424,181,1,0.1,-0.1,0.2,2,6.0,663.0
0022400424,656,0,-0.2,0.0,-0.2,4,16.0,172.0
0022400425,534,1,-0.2,0.0,-0.2,3,8.0,31.59999999999991
0022400425,643,0,-0.10000000000000003,0.2,-0.30000000000000004,4,13.0,219.0
0022400427,565,0,-0.30000000000000004,0.09999999999999998,-0.4,4,6.0,400.0
0022400428,300,1,0.0,0.19999999999999998,-0.19999999999999998,2,11.0,100.0
0022400431,120,0,0.1,0.1,0.0,1,7.0,166.0
0022400432,79,1,-0.1,0.0,-0.1,1,2.0,324.0
0022400435,107,1,0.1,0.0,0.1,1,4.0,169.0
0022400436,267,1,0.0,0.10000000000000003,-0.10000000000000003,2,15.0,201.0
0022400438,343,1,-0.3,0.3,-0.6,2,13.0,74.0
0022400439,160,1,0.0,0.1,-0.1,1,2.0,19.100000000000023
0022400440,241,1,0.1,0.0,0.1,2,11.0,450.0
0022400440,458,1,0.2,0.10000000000000003,0.09999999999999998,3,25.0,438.0
0022400441,618,1,-0.1,-0.2,0.1,4,0.0,265.0
0022400442,216,0,-0.1,-0.1,0.0,2,2.0,520.0
0022400442,610,0,-0.19999999999999998,0.19999999999999998,-0.39999999999999997,4,5.0,343.0
0022400444,305,1,-0.3,-0.1,-0.19999999999999998,2,6.0,29.5
0022400444,338,1,0.1,0.0,0.1,3,10.0,584.0
0022400446,227,1,-0.1,-0.2,0.1,2,2.0,529.0
0022400447,477,0,0.1,0.1,0.0,3,16.0,65.0
0022400448,420,1,0.3,-0.09999999999999998,0.39999999999999997,3,4.0,547.0
0022400448,611,0,0.0,-0.2,0.2,4,11.0,469.0
0022400449,199,1,0.2,0.19999999999999998,2.7755575615628914e-17,2,16.0,521.0
0022400452,324,1,-0.1,0.3,-0.4,3,6.0,620.0
0022400453,132,1,0.09999999999999998,-0.30000000000000004,0.4,1,9.0,184.0
0022400453,681,0,-0.4,0.30000000000000004,-0.7000000000000001,4,4.0,302.0
0022400455,40,0,0.1,0.1,0.0,1,10.0,495.0
0022400455,505,0,0.0,-0.09999999999999998,0.09999999999999998,4,7.0,598.0
0022400456,180,0,-0.1,0.0,-0.1,2,2.0,720.0
0022400457,119,1,0.2,-0.19999999999999998,0.4,1,8.0,127.0
0022400458,347,1,0.19999999999999998,0.2,-2.7755575615628914e-17,3,9.0,539.0
0022400459,102,1,0.0,0.2,-0.2,1,0.0,218.0
0022400459,533,0,-0.2,0.2,-0.4,4,5.0,571.0
0022400460,612,0,-0.09999999999999998,0.0,-0.09999999999999998,4,14.0,240.0
0022400465,272,1,0.1,0.0,0.1,2,12.0,224.0
0022400466,421,1,0.09999999999999998,0.2,-0.10000000000000003,3,17.0,160.0
0022400468,48,0,0.1,-0.1,0.2,1,1.0,485.0
0022400468,280,0,0.0,-0.1,0.1,2,1.0,224.0
0022400469,351,1,-0.1,-0.4,0.30000000000000004,2,13.0,0.0
0022400469,620,0,0.2,0.2,0.0,4,3.0,360.0
0022400470,309,0,-0.1,0.1,-0.2,3,12.0,720.0
0022400471,273,1,0.0,0.1,-0.1,2,4.0,127.0
0022400472,51,1,-0.1,-0.1,0.0,1,9.0,475.0
0022400472,643,1,0.1,0.09999999999999998,2.7755575615628914e-17,4,13.0,302.0
0022400473,173,1,0.0,0.3,-0.3,2,4.0,543.0
0022400473,420,0,-0.09999999999999998,-0.30000000000000004,0.20000000000000007,3,9.0,196.0
0022400475,519,0,0.0,0.0,0.0,4,1.0,637.0
0022400476,118,0,0.1,0.1,0.0,1,7.0,217.0
0022400476,475,0,-0.1,0.0,-0.1,3,5.0,344.0
0022400477,110,1,-0.09999999999999998,0.1,-0.19999999999999998,1,7.0,252.0
0022400479,200,0,0.1,0.2,-0.1,2,16.0,494.0
0022400480,563,0,0.0,0.3,-0.3,4,11.0,429.0
0022400482,125,1,0.0,-0.1,0.1,1,6.0,182.0
0022400482,531,1,0.0,-0.30000000000000004,0.30000000000000004,4,12.0,496.0
0022400484,43,0,0.0,0.0,0.0,1,2.0,544.0
0022400485,550,1,0.09999999999999998,0.0,0.09999999999999998,4,6.0,580.0
0022400487,419,0,0.0,-0.1,0.1,3,6.0,257.0
0022400488,291,1,-0.09999999999999998,0.0,-0.09999999999999998,2,24.0,208.0
0022400488,391,1,-0.2,0.1,-0.30000000000000004,3,17.0,500.0
0022400490,508,0,0.09999999999999998,0.09999999999999998,0.0,4,17.0,507.0
0022400491,379,0,0.30000000000000004,0.0,0.30000000000000004,3,7.0,229.0
0022400493,332,0,0.0,0.0,0.0,3,1.0,522.0
0022400494,610,0,-0.6,0.4,-1.0,4,13.0,168.0
0022400495,240,1,-0.1,0.1,-0.2,2,7.0,253.0
0022400496,508,1,0.3,-0.30000000000000004,0.6000000000000001,4,6.0,296.0
0022400498,473,1,0.0,0.3,-0.3,3,13.0,69.0
0022400499,146,1,-0.4,-0.2,-0.2,1,7.0,147.0
0022400500,389,0,0.0,-0.19999999999999998,0.19999999999999998,3,10.0,373.0
0022400501,556,1,-0.4,0.1,-0.5,4,17.0,487.0
0022400502,528,1,-0.2,0.0,-0.2,3,5.0,49.19999999999982
0022400503,310,1,0.2,0.1,0.1,2,1.0,133.0
0022400504,195,0,0.2,-0.19999999999999998,0.4,2,3.0,531.0
0022400505,363,1,-0.2,-0.1,-0.1,2,0.0,0.900000000000091
0022400505,665,1,0.1,-0.4,0.5,4,9.0,206.0
0022400506,286,1,-0.2,0.1,-0.30000000000000004,2,12.0,237.0
0022400506,568,1,-0.1,0.19999999999999998,-0.3,4,1.0,635.0
0022400507,425,1,0.2,-0.19999999999999998,0.4,3,6.0,145.0
0022400507,475,1,-0.1,-0.2,0.1,4,5.0,702.0
0022400509,560,1,-0.19999999999999998,0.0,-0.19999999999999998,4,1.0,562.0
0022400511,258,1,0.1,0.2,-0.1,2,10.0,222.0
0022400511,295,0,-0.1,0.0,-0.1,3,4.0,720.0
0022400511,470,1,-0.1,-0.1,0.0,4,10.0,720.0
0022400512,155,1,-0.09999999999999998,0.19999999999999998,-0.29999999999999993,1,7.0,32.5
0022400516,161,1,0.1,0.1,0.0,2,1.0,658.0
0022400518,447,1,-0.09999999999999998,-0.1,2.7755575615628914e-17,3,7.0,237.0
0022400518,521,1,0.09999999999999998,0.10000000000000003,-5.551115123125783e-17,4,6.0,664.0
0022400519,474,1,0.10000000000000003,0.1,2.7755575615628914e-17,3,12.0,39.90000000000009
0022400520,685,1,-0.10000000000000003,0.0,-0.10000000000000003,4,8.0,493.0
0022400521,114,1,-0.2,0.0,-0.2,1,5.0,226.0
0022400522,144,0,-0.30000000000000004,0.2,-0.5,1,8.0,59.60000000000002
0022400523,482,1,0.1,0.1,0.0,4,0.0,690.0
0022400525,170,1,-0.1,0.19999999999999998,-0.3,2,2.0,656.0
0022400526,421,1,-0.19999999999999998,0.0,-0.19999999999999998,3,0.0,239.0
0022400527,274,1,-0.09999999999999998,-0.10000000000000003,5.551115123125783e-17,2,1.0,209.0
0022400527,373,1,0.0,0.2,-0.2,3,5.0,537.0
0022400531,558,1,0.0,0.0,0.0,3,15.0,24.800000000000182
0022400532,193,1,-0.1,0.0,-0.1,2,2.0,531.0
0022400532,494,1,-0.19999999999999998,0.10000000000000003,-0.30000000000000004,3,9.0,0.0
0022400533,180,1,0.1,0.2,-0.1,2,5.0,604.0
0022400533,361,1,0.1,-0.09999999999999998,0.19999999999999998,3,5.0,587.0
0022400533,634,1,0.0,-0.1,0.1,4,10.0,173.0
0022400534,402,0,0.0,-0.2,0.2,3,2.0,435.0
0022400535,292,1,0.0,-0.1,0.1,2,1.0,307.0
0022400539,387,1,-0.19999999999999998,-0.1,-0.09999999999999998,3,23.0,411.0
0022400540,413,1,-0.3,0.1,-0.4,3,9.0,420.0
0022400541,274,1,0.0,-0.19999999999999998,0.19999999999999998,2,2.0,248.0
0022400541,618,0,-0.3,0.1,-0.4,4,3.0,162.0
0022400542,186,1,0.0,0.2,-0.2,2,2.0,594.0
0022400542,458,1,-0.09999999999999998,-0.1,2.7755575615628914e-17,3,2.0,139.0
0022400542,548,0,0.30000000000000004,-0.3,0.6000000000000001,4,1.0,522.0
0022400543,307,0,0.1,-0.09999999999999998,0.19999999999999998,2,10.0,75.0
0022400543,554,0,0.3,-0.09999999999999998,0.39999999999999997,4,8.0,527.0
0022400544,365,0,0.19999999999999998,-0.09999999999999998,0.29999999999999993,3,3.0,559.0
0022400544,605,1,0.0,0.1,-0.1,4,2.0,225.0
0022400545,399,1,-0.1,0.09999999999999998,-0.19999999999999998,3,33.0,620.0
0022400546,197,1,0.19999999999999998,-0.19999999999999998,0.39999999999999997,2,8.0,562.0
0022400547,348,1,-0.09999999999999998,0.0,-0.09999999999999998,3,0.0,720.0
0022400548,371,1,0.1,0.4,-0.30000000000000004,3,5.0,451.0
0022400549,135,1,0.0,0.1,-0.1,1,4.0,103.0
0022400551,526,0,-0.19999999999999998,-0.30000000000000004,0.10000000000000006,4,7.0,686.0
0022400552,59,1,0.0,0.1,-0.1,1,1.0,419.0
0022400554,600,1,-0.09999999999999998,-0.1,2.7755575615628914e-17,4,7.0,391.0
0022400556,276,0,-0.2,0.4,-0.6000000000000001,2,6.0,248.0
0022400556,397,1,0.10000000000000003,-0.3,0.4,3,6.0,427.0
0022400557,487,1,-0.19999999999999998,0.1,-0.3,3,2.0,148.0
0022400557,675,1,-0.09999999999999998,0.2,-0.3,4,10.0,98.0
0022400558,596,0,0.30000000000000004,0.0,0.30000000000000004,4,19.0,179.0
0022400560,258,1,-0.1,-0.19999999999999998,0.09999999999999998,2,6.0,285.0
0022400561,37,0,0.0,0.0,0.0,1,5.0,529.0
0022400562,249,1,-0.2,0.2,-0.4,2,2.0,317.0
0022400563,285,1,0.09999999999999998,0.09999999999999998,0.0,2,6.0,228.0
0022400564,285,0,-0.3,-0.19999999999999998,-0.1,2,16.0,216.0
0022400569,282,1,0.09999999999999998,-0.1,0.19999999999999998,2,7.0,231.0
0022400569,435,1,0.2,-0.1,0.30000000000000004,3,9.0,266.0
0022400572,505,1,-0.2,0.19999999999999998,-0.4,3,11.0,40.5
0022400573,86,1,-0.1,0.2,-0.30000000000000004,1,12.0,324.0
0022400574,219,0,-0.4,-0.19999999999999998,-0.20000000000000004,2,21.0,428.0
0022400575,190,1,0.2,-0.2,0.4,2,14.0,445.0
0022400577,521,1,-0.3,0.2,-0.5,4,16.0,529.0
0022400578,338,1,0.1,-0.1,0.2,3,4.0,322.0
0022400578,538,1,-0.30000000000000004,-0.2,-0.10000000000000003,4,12.0,188.0
0022400580,364,0,-0.19999999999999998,-0.30000000000000004,0.10000000000000006,2,15.0,0.2999999999999545
0022400581,67,1,-0.3,0.2,-0.5,1,7.0,452.0
0022400581,295,1,0.10000000000000003,0.0,0.10000000000000003,2,15.0,354.0
0022400585,206,0,0.0,0.1,-0.1,2,1.0,374.0
0022400585,563,1,-0.1,0.1,-0.2,4,7.0,272.0
0022400586,145,0,-0.1,0.1,-0.2,1,2.0,76.0
0022400587,627,0,0.30000000000000004,-0.4,0.7000000000000001,4,0.0,36.19999999999982
0022400589,262,1,0.1,-0.3,0.4,2,1.0,368.0
0022400590,390,1,-0.1,0.1,-0.2,3,1.0,320.0
0022400590,565,0,-0.09999999999999998,0.2,-0.3,4,18.0,341.0
0022400591,511,1,-0.19999999999999998,0.09999999999999998,-0.29999999999999993,3,12.0,98.0
0022400597,52,1,0.0,-0.1,0.1,1,5.0,464.0
0022400597,506,1,0.09999999999999998,0.0,0.09999999999999998,4,10.0,645.0
0022400598,489,1,0.0,-0.09999999999999998,0.09999999999999998,3,11.0,158.0
0022400599,147,1,0.1,0.0,0.1,1,5.0,23.600000000000023
0022400601,467,0,0.3,0.09999999999999998,0.2,3,7.0,434.0
0022400602,165,1,0.09999999999999998,0.30000000000000004,-0.20000000000000007,1,1.0,37.200000000000045
0022400602,362,1,-0.1,0.2,-0.30000000000000004,2,6.0,6.599999999999909
0022400602,410,1,-0.2,-0.1,-0.1,3,2.0,520.0
0022400603,426,1,0.1,0.09999999999999998,2.7755575615628914e-17,3,20.0,302.0
0022400604,223,1,-0.2,-0.1,-0.1,2,11.0,475.0
0022400604,347,1,-0.09999999999999998,0.1,-0.19999999999999998,3,13.0,694.0
0022400605,49,1,0.1,-0.19999999999999998,0.3,1,17.0,435.0
0022400606,586,1,-0.1,0.2,-0.30000000000000004,4,7.0,409.0
0022400607,523,0,0.4,-0.1,0.5,4,12.0,229.0
0022400609,219,0,0.0,-0.19999999999999998,0.19999999999999998,2,8.0,437.0
0022400610,257,0,0.09999999999999998,-0.1,0.19999999999999998,2,9.0,341.0
0022400611,225,0,-0.19999999999999998,-0.1,-0.09999999999999998,2,2.0,322.0
0022400611,530,1,0.4,0.3,0.10000000000000003,4,14.0,509.0
0022400613,472,1,0.1,0.0,0.1,4,14.0,649.0
0022400614,610,0,0.10000000000000003,0.1,2.7755575615628914e-17,4,9.0,182.0
0022400616,203,0,0.19999999999999998,0.0,0.19999999999999998,2,21.0,656.0
0022400618,251,1,-0.1,0.2,-0.30000000000000004,2,9.0,398.0
0022400620,397,1,0.0,0.0,0.0,3,3.0,244.0
0022400621,458,1,-0.19999999999999998,0.0,-0.19999999999999998,3,16.0,127.0
0022400622,378,0,-0.1,0.1,-0.2,3,5.0,651.0
0022400622,577,1,0.0,0.1,-0.1,4,18.0,609.0
0022400623,570,1,-0.4,0.0,-0.4,4,4.0,512.0
0022400624,109,0,0.0,-0.1,0.1,1,7.0,240.0
0022400625,327,1,-0.2,0.2,-0.4,2,4.0,138.0
0022400626,77,1,0.0,-0.3,0.3,1,2.0,362.0
0022400626,340,0,-0.2,0.09999999999999998,-0.3,2,22.0,92.0
0022400627,482,1,-0.09999999999999998,0.0,-0.09999999999999998,3,9.0,7.199999999999818
0022400628,57,1,0.0,-0.1,0.1,1,11.0,489.0
0022400629,113,1,0.0,0.1,-0.1,1,6.0,178.0
0022400630,362,0,0.0,0.09999999999999998,-0.09999999999999998,3,4.0,603.0
0022400632,591,1,-0.09999999999999998,-0.1,2.7755575615628914e-17,4,14.0,292.0
0022400634,412,1,-0.2,-0.1,-0.1,3,19.0,217.0
0022400634,496,1,0.0,0.1,-0.1,4,21.0,535.0
0022400635,165,1,-0.1,0.0,-0.1,1,2.0,34.39999999999998
0022400635,425,1,-0.1,0.0,-0.1,3,13.0,408.0
0022400636,333,1,-0.1,-0.2,0.1,3,5.0,697.0
0022400637,124,1,0.0,0.1,-0.1,1,1.0,183.0
0022400637,314,1,0.0,0.0,0.0,2,15.0,39.90000000000009
0022400638,332,1,-0.5,0.0,-0.5,2,4.0,196.0
0022400638,647,0,0.0,-0.19999999999999998,0.19999999999999998,4,12.0,453.0
0022400639,594,1,-0.4,-0.09999999999999998,-0.30000000000000004,4,14.0,515.0
0022400640,614,1,0.0,0.4,-0.4,4,7.0,393.0
0022400641,349,1,0.0,-0.1,0.1,2,5.0,4.7000000000000455
0022400641,608,1,0.0,0.2,-0.2,4,16.0,403.0
0022400642,609,1,-0.1,-0.19999999999999998,0.09999999999999998,4,10.0,125.0
0022400643,117,1,0.1,0.09999999999999998,2.7755575615628914e-17,1,4.0,215.0
0022400643,326,1,0.30000000000000004,0.1,0.20000000000000004,2,10.0,136.0
0022400643,624,1,-0.1,-0.1,0.0,4,25.0,362.0
0022400644,602,0,0.0,-0.1,0.1,4,13.0,112.0
0022400645,44,1,-0.1,0.1,-0.2,1,1.0,540.0
0022400646,93,0,0.2,-0.1,0.30000000000000004,1,11.0,254.0
0022400646,327,0,-0.09999999999999998,0.0,-0.09999999999999998,2,3.0,2.099999999999909
0022400647,502,1,0.0,0.0,0.0,3,15.0,1.300000000000182
0022400648,325,1,0.0,0.2,-0.2,1,17.0,341.0
0022400648,393,1,-0.19999999999999998,-0.09999999999999998,-0.1,3,12.0,348.0
0022400649,94,0,-0.09999999999999998,0.2,-0.3,1,5.0,229.0
0022400649,228,1,0.1,-0.4,0.5,2,7.0,396.0
0022400650,597,0,-0.2,-0.1,-0.1,4,0.0,236.0
0022400651,122,1,0.2,0.0,0.2,1,1.0,123.0
0022400652,214,1,-0.1,0.3,-0.4,2,8.0,470.0
0022400653,76,1,-0.4,0.0,-0.4,1,5.0,413.0
0022400653,311,1,-0.2,0.0,-0.2,2,3.0,130.0
0022400654,94,0,-0.1,-0.1,0.0,1,7.0,322.0
0022400658,584,1,0.0,0.1,-0.1,4,14.0,271.0
0022400659,507,1,-0.19999999999999998,0.1,-0.3,4,7.0,423.0
0022400660,127,1,-0.19999999999999998,0.0,-0.19999999999999998,1,1.0,117.0
0022400661,205,1,0.1,0.2,-0.1,2,7.0,485.0
0022400662,337,1,0.3,0.1,0.19999999999999998,3,7.0,595.0
0022400663,438,0,-0.3,0.0,-0.3,3,14.0,259.0
0022400664,527,1,0.1,0.0,0.1,4,8.0,670.0
0022400666,209,1,0.1,0.0,0.1,2,10.0,464.0
0022400666,419,1,-0.09999999999999998,-0.4,0.30000000000000004,3,21.0,241.0
0022400667,346,0,-0.1,-0.1,0.0,3,12.0,445.0
0022400668,117,1,0.0,0.19999999999999998,-0.19999999999999998,1,8.0,199.0
0022400668,195,1,0.0,-0.1,0.1,2,2.0,588.0
0022400669,90,0,-0.1,-0.09999999999999998,-2.7755575615628914e-17,1,5.0,255.0
0022400670,609,1,-0.4,0.09999999999999998,-0.5,4,6.0,196.0
0022400672,207,0,-0.3,0.0,-0.3,2,10.0,442.0
0022400672,384,1,-0.1,-0.1,0.0,3,4.0,365.0
0022400672,636,0,-0.2,0.19999999999999998,-0.4,4,12.0,152.0
0022400673,200,1,0.1,0.2,-0.1,2,14.0,660.0
0022400677,589,1,0.2,0.1,0.1,4,26.0,186.0
0022400678,351,1,0.19999999999999998,-0.1,0.3,3,11.0,602.0
0022400678,552,1,-0.2,0.3,-0.5,4,19.0,470.0
0022400679,261,0,-0.19999999999999998,0.1,-0.3,2,3.0,202.0
0022400681,402,1,0.0,-0.2,0.2,3,4.0,274.0
0022400682,625,0,0.0,0.5,-0.5,4,17.0,141.0
0022400684,431,1,0.2,0.0,0.2,3,7.0,296.0
0022400685,245,1,0.0,0.19999999999999998,-0.19999999999999998,2,13.0,423.0
0022400685,585,1,-0.10000000000000003,0.0,-0.10000000000000003,4,22.0,457.0
0022400687,480,0,0.1,0.0,0.1,3,18.0,144.0
0022400687,605,0,-0.19999999999999998,0.0,-0.19999999999999998,4,17.0,388.0
0022400689,307,1,-0.19999999999999998,-0.1,-0.09999999999999998,2,12.0,32.799999999999955
0022400692,62,1,0.2,-0.4,0.6000000000000001,1,3.0,391.0
0022400692,406,0,-0.09999999999999998,-0.19999999999999998,0.1,3,6.0,405.0
0022400694,375,1,-0.1,0.0,-0.1,3,13.0,363.0
0022400695,103,1,0.0,-0.09999999999999998,0.09999999999999998,1,3.0,232.0
0022400695,392,0,0.09999999999999998,0.2,-0.10000000000000003,3,4.0,446.0
0022400695,535,1,0.0,0.0,0.0,4,14.0,610.0
0022400698,187,0,0.09999999999999998,-0.1,0.19999999999999998,2,11.0,624.0
0022400701,499,0,0.0,-0.4,0.4,3,7.0,94.0
0022400702,613,0,0.0,0.19999999999999998,-0.19999999999999998,4,4.0,293.0
0022400703,633,0,-0.1,0.09999999999999998,-0.19999999999999998,4,18.0,314.0
0022400704,407,1,0.0,0.2,-0.2,3,7.0,380.0
0022400707,146,1,0.2,0.0,0.2,1,10.0,81.0
0022400708,614,1,-0.19999999999999998,0.0,-0.19999999999999998,4,4.0,508.0
0022400709,542,0,-0.1,0.0,-0.1,4,0.0,294.0
0022400710,197,0,-0.19999999999999998,0.09999999999999998,-0.29999999999999993,2,17.0,635.0
0022400710,420,1,0.0,0.0,0.0,3,10.0,410.0
0022400711,287,1,0.0,0.2,-0.2,2,1.0,176.0
0022400712,555,1,0.0,0.1,-0.1,4,3.0,538.0
0022400713,219,0,-0.3,0.0,-0.3,2,3.0,488.0
0022400715,68,1,-0.1,0.3,-0.4,1,0.0,389.0
0022400715,362,0,0.2,0.0,0.2,3,16.0,492.0
0022400716,234,1,0.0,0.0,0.0,2,6.0,381.0
0022400716,391,1,0.0,-0.1,0.1,3,2.0,479.0
0022400718,484,1,0.0,0.0,0.0,3,3.0,217.0
0022400721,545,1,-0.1,0.1,-0.2,4,5.0,356.0
0022400722,438,1,0.10000000000000003,0.0,0.10000000000000003,3,9.0,317.0
0022400723,118,1,0.0,-0.1,0.1,1,13.0,185.0
0022400723,614,1,-0.2,0.0,-0.2,4,15.0,253.0
0022400724,261,1,0.09999999999999998,0.0,0.09999999999999998,2,10.0,153.0
0022400724,441,0,-0.2,0.2,-0.4,3,18.0,105.0
0022400724,492,0,-0.19999999999999998,0.1,-0.3,4,26.0,687.0
0022400725,459,1,0.09999999999999998,0.0,0.09999999999999998,3,2.0,235.0
0022400727,155,1,0.30000000000000004,0.0,0.30000000000000004,2,3.0,596.0
0022400729,426,1,-0.1,0.19999999999999998,-0.3,3,2.0,439.0
0022400729,603,0,0.2,0.0,0.2,4,3.0,429.0
0022400733,555,1,0.1,0.1,0.0,4,2.0,376.0
0022400734,258,0,0.1,0.1,0.0,2,7.0,327.0
0022400735,186,1,-0.1,0.3,-0.4,2,0.0,678.0
0022400735,646,0,0.0,0.0,0.0,4,11.0,199.0
0022400736,305,1,-0.2,0.3,-0.5,2,18.0,5.900000000000091
0022400736,487,1,0.1,-0.1,0.2,4,2.0,661.0
0022400738,175,1,-0.19999999999999998,0.2,-0.4,1,15.0,0.5
0022400738,622,1,-0.19999999999999998,0.2,-0.4,4,15.0,331.0
0022400739,355,1,0.5,0.0,0.5,3,6.0,658.0
0022400739,584,0,0.2,0.1,0.1,4,13.0,467.0
0022400740,254,1,0.0,0.0,0.0,2,9.0,374.0
0022400740,362,1,0.2,0.19999999999999998,2.7755575615628914e-17,3,1.0,652.0
0022400741,455,1,0.19999999999999998,-0.3,0.5,3,7.0,155.0
0022400742,390,1,-0.3,0.0,-0.3,3,11.0,573.0
0022400742,633,1,0.0,0.0,0.0,4,10.0,248.0
0022400745,356,0,0.3,0.3,0.0,3,19.0,625.0
0022400746,542,0,0.0,0.09999999999999998,-0.09999999999999998,3,25.0,56.0
0022400747,307,1,-0.19999999999999998,0.0,-0.19999999999999998,2,13.0,124.0
0022400748,97,1,-0.09999999999999998,-0.2,0.10000000000000003,1,15.0,230.0
0022400750,666,0,0.1,-0.2,0.30000000000000004,4,3.0,180.0
0022400751,107,1,0.3,-0.1,0.4,1,4.0,129.0
0022400751,349,1,0.0,-0.2,0.2,3,5.0,633.0
0022400751,539,1,0.0,0.0,0.0,4,8.0,538.0
0022400752,428,0,-0.4,0.2,-0.6000000000000001,3,23.0,308.0
0022400752,555,1,0.1,0.0,0.1,4,2.0,428.0
0022400753,611,1,0.09999999999999998,0.0,0.09999999999999998,4,10.0,231.0
0022400754,56,1,0.2,0.1,0.1,1,2.0,427.0
0022400754,362,0,-0.19999999999999998,-0.09999999999999998,-0.1,3,4.0,649.0
0022400756,579,1,-0.2,0.2,-0.4,4,3.0,387.0
0022400758,189,1,0.0,-0.19999999999999998,0.19999999999999998,1,2.0,191.0
0022400760,526,1,0.09999999999999998,-0.1,0.19999999999999998,4,7.0,675.0
0022400761,259,1,0.0,0.0,0.0,2,21.0,293.0
0022400761,373,0,0.19999999999999998,0.2,-2.7755575615628914e-17,3,24.0,514.0
0022400762,546,1,-0.19999999999999998,0.19999999999999998,-0.39999999999999997,4,11.0,532.0
0022400763,376,1,-0.09999999999999998,-0.09999999999999998,0.0,3,11.0,438.0
0022400765,204,1,0.1,0.1,0.0,2,1.0,556.0
0022400767,351,1,-0.2,0.1,-0.30000000000000004,2,12.0,17.40000000000009
0022400767,470,0,-0.19999999999999998,0.1,-0.3,3,13.0,265.0
0022400768,236,1,0.0,-0.30000000000000004,0.30000000000000004,2,19.0,379.0
0022400772,59,0,0.2,0.09999999999999998,0.10000000000000003,1,1.0,363.0
0022400773,292,1,0.10000000000000003,0.1,2.7755575615628914e-17,2,14.0,341.0
0022400773,678,0,0.09999999999999998,-0.1,0.19999999999999998,4,2.0,228.0
0022400774,414,1,0.1,0.2,-0.1,3,34.0,416.0
0022400775,266,0,-0.3,0.09999999999999998,-0.39999999999999997,2,4.0,400.0
0022400776,426,0,0.3,0.1,0.19999999999999998,3,7.0,183.0
0022400777,544,1,-0.5,0.2,-0.7,4,8.0,536.0
0022400779,135,1,0.1,0.2,-0.1,1,1.0,136.0
0022400779,546,0,-0.2,0.1,-0.30000000000000004,4,1.0,518.0
0022400780,593,1,0.1,0.1,0.0,4,12.0,470.0
0022400781,138,1,-0.09999999999999998,0.3,-0.39999999999999997,1,1.0,165.0
0022400781,259,1,0.1,-0.2,0.30000000000000004,2,2.0,398.0
0022400781,416,0,-0.1,0.3,-0.4,3,8.0,456.0
0022400781,579,0,-0.2,0.30000000000000004,-0.5,4,19.0,573.0
0022400782,50,1,0.2,0.0,0.2,1,8.0,423.0
0022400782,324,1,0.0,0.1,-0.1,2,1.0,1.0
0022400782,374,1,-0.1,0.3,-0.4,3,8.0,492.0
0022400783,219,1,-0.1,-0.1,0.0,2,9.0,487.0
0022400783,549,1,0.1,-0.1,0.2,4,21.0,612.0
0022400784,661,1,-0.1,0.3,-0.4,4,4.0,250.0
0022400785,411,1,0.0,-0.19999999999999998,0.19999999999999998,3,3.0,239.0
0022400785,582,0,-0.30000000000000004,0.3,-0.6000000000000001,4,3.0,367.0
0022400786,391,0,0.2,-0.1,0.30000000000000004,3,3.0,408.0
0022400790,207,0,0.3,-0.19999999999999998,0.5,2,15.0,543.0
0022400790,595,0,-0.19999999999999998,-0.19999999999999998,0.0,4,7.0,535.0
0022400791,457,0,0.0,0.1,-0.1,3,5.0,439.0
0022400793,533,0,0.09999999999999998,0.0,0.09999999999999998,4,4.0,408.0
0022400795,617,0,-0.09999999999999998,0.09999999999999998,-0.19999999999999996,4,7.0,329.0
0022400796,445,1,-0.1,-0.19999999999999998,0.09999999999999998,3,2.0,249.0
0022400799,203,0,0.0,-0.09999999999999998,0.09999999999999998,2,12.0,539.0
0022400799,410,0,0.0,-0.3,0.3,3,0.0,477.0
0022400800,224,1,-0.1,0.0,-0.1,2,7.0,362.0
0022400802,629,1,-0.1,0.19999999999999998,-0.3,4,20.0,248.0
0022400803,211,1,-0.09999999999999998,-0.1,2.7755575615628914e-17,2,7.0,555.0
0022400803,458,0,-0.19999999999999998,-0.10000000000000003,-0.09999999999999995,3,1.0,377.0
0022400807,448,1,0.0,0.0,0.0,3,9.0,247.0
0022400808,254,1,-0.10000000000000003,0.0,-0.10000000000000003,2,8.0,515.0
0022400808,531,1,0.10000000000000003,0.0,0.10000000000000003,4,9.0,720.0
0022400809,252,0,0.2,-0.3,0.5,2,5.0,360.0
0022400810,62,1,-0.19999999999999998,0.0,-0.19999999999999998,1,12.0,407.0
0022400810,557,0,-0.09999999999999998,0.1,-0.19999999999999998,4,43.0,685.0
0022400811,431,0,0.0,-0.1,0.1,3,7.0,20.90000000000009
0022400812,440,1,-0.2,0.09999999999999998,-0.3,3,22.0,413.0
0022400814,424,0,0.0,0.0,0.0,3,7.0,478.0
0022400815,322,1,0.0,0.4,-0.4,2,1.0,185.0
0022400816,483,1,-0.3,-0.1,-0.19999999999999998,3,10.0,72.0
0022400816,531,1,0.3,0.0,0.3,4,7.0,647.0
0022400817,483,0,-0.1,-0.19999999999999998,0.09999999999999998,3,8.0,76.0
0022400819,464,1,0.1,0.1,0.0,3,6.0,383.0
0022400819,680,0,0.1,0.19999999999999996,-0.09999999999999995,4,11.0,354.0
0022400821,478,0,0.39999999999999997,0.2,0.19999999999999996,3,3.0,223.0
0022400821,557,1,0.2,-0.1,0.30000000000000004,4,12.0,663.0
0022400823,409,1,-0.1,-0.4,0.30000000000000004,3,26.0,537.0
0022400824,484,1,0.0,0.1,-0.1,3,3.0,188.0
0022400825,593,1,-0.30000000000000004,0.0,-0.30000000000000004,4,9.0,186.0
0022400826,640,0,-0.09999999999999998,0.0,-0.09999999999999998,4,12.0,149.0
0022400827,156,1,0.0,0.1,-0.1,1,1.0,43.10000000000002
0022400827,516,1,-0.1,-0.19999999999999998,0.09999999999999998,3,6.0,21.800000000000182
0022400828,442,0,0.0,0.19999999999999998,-0.19999999999999998,3,13.0,263.0
0022400830,192,0,-0.1,-0.1,0.0,2,16.0,580.0
0022400833,235,0,-0.19999999999999998,0.2,-0.4,2,17.0,525.0
0022400834,426,1,0.0,0.19999999999999998,-0.19999999999999998,3,27.0,367.0
0022400835,324,1,-0.2,0.0,-0.2,2,15.0,102.0
0022400835,486,0,0.1,0.3,-0.19999999999999998,3,3.0,133.0
0022400837,579,0,-0.1,0.0,-0.1,4,14.0,284.0
0022400839,98,1,-0.09999999999999998,0.0,-0.09999999999999998,1,2.0,372.0
0022400840,289,1,-0.4,0.0,-0.4,2,7.0,209.0
0022400840,500,1,-0.3,-0.2,-0.09999999999999998,3,8.0,49.5
0022400841,94,1,0.2,-0.2,0.4,1,1.0,181.0
0022400843,44,1,-0.2,0.2,-0.4,1,2.0,494.0
0022400844,91,0,-0.1,-0.1,0.0,1,15.0,272.0
0022400844,642,0,0.0,0.0,0.0,4,15.0,159.0
0022400845,367,1,0.09999999999999998,0.0,0.09999999999999998,3,2.0,501.0
0022400845,595,1,-0.30000000000000004,-0.30000000000000004,0.0,4,10.0,305.0
0022400847,184,1,0.2,0.0,0.2,2,6.0,618.0
0022400847,455,1,-0.1,-0.1,0.0,3,4.0,192.0
0022400849,537,0,-0.2,0.0,-0.2,4,14.0,656.0
0022400850,200,0,0.19999999999999998,-0.19999999999999998,0.39999999999999997,2,5.0,672.0
0022400851,118,1,0.1,-0.1,0.2,1,11.0,184.0
0022400852,305,0,0.1,0.1,0.0,2,8.0,34.700000000000045
0022400852,395,1,-0.19999999999999998,0.0,-0.19999999999999998,3,8.0,305.0
0022400853,378,1,-0.1,0.10000000000000003,-0.20000000000000004,3,11.0,463.0
0022400855,426,0,-0.09999999999999998,-0.09999999999999998,0.0,3,11.0,318.0
0022400856,310,1,-0.19999999999999998,0.0,-0.19999999999999998,2,4.0,142.0
0022400857,526,1,-0.1,-0.2,0.1,4,26.0,434.0
0022400858,98,1,0.1,0.1,0.0,1,3.0,207.0
0022400859,313,0,0.0,-0.1,0.1,3,5.0,559.0
0022400861,222,0,0.2,0.10000000000000003,0.09999999999999998,2,15.0,473.0
0022400862,304,1,-0.1,0.1,-0.2,2,1.0,57.799999999999955
0022400863,124,1,-0.30000000000000004,0.0,-0.30000000000000004,1,3.0,134.0
0022400863,536,1,-0.1,0.09999999999999998,-0.19999999999999998,4,3.0,610.0
0022400865,256,1,0.0,0.1,-0.1,2,7.0,333.0
0022400865,637,0,-0.2,0.1,-0.30000000000000004,4,13.0,135.0
0022400866,46,1,0.1,0.1,0.0,1,5.0,452.0
0022400867,129,1,0.2,-0.3,0.5,1,5.0,154.0
0022400867,420,0,0.0,-0.09999999999999998,0.09999999999999998,3,10.0,494.0
0022400869,230,1,0.3,-0.5,0.8,2,10.0,220.0
0022400870,329,1,0.09999999999999998,0.0,0.09999999999999998,2,4.0,129.0
0022400871,308,1,-0.30000000000000004,0.0,-0.30000000000000004,2,3.0,87.0
0022400871,567,1,-0.1,0.0,-0.1,4,6.0,473.0
0022400872,358,1,0.1,-0.1,0.2,3,11.0,489.0
0022400875,74,0,0.1,0.0,0.1,1,7.0,374.0
0022400875,494,1,0.5,-0.3,0.8,3,4.0,300.0
0022400878,579,1,-0.09999999999999998,-0.09999999999999998,0.0,3,6.0,34.5
0022400879,535,0,0.09999999999999998,0.0,0.09999999999999998,4,18.0,626.0
0022400880,44,0,0.0,0.0,0.0,1,6.0,464.0
0022400880,372,0,-0.1,0.0,-0.1,3,18.0,445.0
0022400881,78,1,0.0,0.09999999999999998,-0.09999999999999998,1,2.0,350.0
0022400881,255,0,-0.2,0.2,-0.4,2,15.0,467.0
0022400882,535,1,-0.1,-0.1,0.0,4,6.0,591.0
0022400883,328,1,0.19999999999999998,0.1,0.09999999999999998,2,4.0,80.0
0022400883,420,1,0.4,-0.2,0.6000000000000001,3,0.0,452.0
0022400885,537,1,-0.19999999999999998,0.30000000000000004,-0.5,4,2.0,457.0
0022400886,286,1,-0.1,-0.2,0.1,2,10.0,246.0
0022400886,396,1,-0.2,0.0,-0.2,3,6.0,415.0
0022400887,375,1,-0.2,0.2,-0.4,3,0.0,452.0
0022400891,249,1,-0.1,0.1,-0.2,2,4.0,358.0
0022400891,532,0,0.0,0.1,-0.1,4,18.0,400.0
0022400892,33,1,0.1,0.0,0.1,1,3.0,546.0
0022400892,307,1,-0.1,-0.09999999999999998,-2.7755575615628914e-17,2,7.0,31.09999999999991
0022400893,432,0,0.0,0.0,0.0,3,3.0,381.0
0022400894,66,1,0.0,-0.2,0.2,1,1.0,420.0
0022400894,623,1,-0.30000000000000004,-0.2,-0.10000000000000003,4,1.0,355.0
0022400895,153,1,-0.19999999999999998,0.0,-0.19999999999999998,1,2.0,12.100000000000023
0022400895,476,0,-0.09999999999999998,0.1,-0.19999999999999998,3,15.0,244.0
0022400896,303,1,0.2,0.0,0.2,2,10.0,166.0
0022400896,479,1,0.4,0.0,0.4,3,7.0,49.5
0022400898,105,1,-0.3,0.1,-0.4,1,9.0,225.0
0022400899,456,1,0.0,0.1,-0.1,3,1.0,181.0
0022400900,262,1,0.0,0.2,-0.2,2,11.0,341.0
0022400901,471,0,0.0,-0.30000000000000004,0.30000000000000004,3,5.0,157.0
0022400901,597,0,0.09999999999999998,-0.09999999999999998,0.19999999999999996,4,7.0,323.0
0022400903,461,0,0.0,-0.2,0.2,3,6.0,226.0
0022400904,450,1,-0.1,-0.1,0.0,3,4.0,397.0
0022400905,657,1,0.19999999999999998,0.19999999999999998,0.0,4,11.0,469.0
0022400906,56,1,0.1,0.0,0.1,1,1.0,450.0
0022400906,503,1,-0.1,0.0,-0.1,3,0.0,252.0
0022400907,159,1,0.0,-0.1,0.1,2,7.0,688.0
0022400907,491,0,0.0,0.0,0.0,4,1.0,526.0
0022400908,498,1,0.1,-0.2,0.30000000000000004,4,7.0,635.0
0022400913,360,1,0.0,0.1,-0.1,3,20.0,448.0
0022400914,219,0,-0.19999999999999998,0.2,-0.4,2,10.0,516.0
0022400915,266,1,0.0,0.1,-0.1,2,8.0,468.0
0022400917,409,1,0.09999999999999998,-0.19999999999999998,0.29999999999999993,3,10.0,170.0
0022400918,285,1,0.0,0.0,0.0,2,4.0,166.0
0022400918,413,1,0.0,0.4,-0.4,3,19.0,235.0
0022400919,309,1,0.0,-0.19999999999999998,0.19999999999999998,2,0.0,359.0
0022400920,147,1,-0.1,0.1,-0.2,1,4.0,17.5
0022400920,397,1,-0.09999999999999998,-0.09999999999999998,0.0,3,10.0,498.0
0022400922,354,1,-0.1,-0.1,0.0,3,8.0,579.0
0022400923,271,1,0.0,-0.1,0.1,2,11.0,343.0
0022400924,147,1,-0.2,0.1,-0.30000000000000004,1,9.0,83.0
0022400925,575,0,-0.2,0.0,-0.2,4,22.0,335.0
0022400926,288,1,-0.09999999999999998,0.0,-0.09999999999999998,2,7.0,293.0
0022400926,478,1,-0.30000000000000004,0.1,-0.4,3,18.0,188.0
0022400926,651,0,-0.3,-0.1,-0.19999999999999998,4,6.0,259.0
0022400928,145,1,0.1,-0.1,0.2,1,3.0,56.700000000000045
0022400928,351,1,0.0,-0.1,0.1,3,9.0,654.0
0022400928,518,1,0.0,0.19999999999999998,-0.19999999999999998,4,22.0,617.0
0022400928,633,1,-0.10000000000000003,0.0,-0.10000000000000003,4,9.0,90.0
0022400929,158,1,-0.1,0.0,-0.1,1,1.0,2.2000000000000455
0022400929,538,1,0.0,0.0,0.0,4,11.0,406.0
0022400930,60,0,-0.1,0.0,-0.1,1,6.0,398.0
0022400931,202,0,-0.19999999999999998,-0.1,-0.09999999999999998,2,15.0,468.0
0022400932,631,0,-0.2,0.09999999999999998,-0.3,4,10.0,470.0
0022400933,420,0,-0.19999999999999998,-0.19999999999999998,0.0,3,12.0,466.0
0022400934,409,1,0.2,-0.09999999999999998,0.3,3,7.0,231.0
0022400935,613,1,-0.09999999999999998,0.1,-0.19999999999999998,4,4.0,403.0
0022400936,226,1,0.1,0.0,0.1,2,2.0,453.0
0022400937,231,0,0.0,0.1,-0.1,2,4.0,387.0
0022400938,319,1,-0.1,0.3,-0.4,2,17.0,29.700000000000045
0022400938,568,1,-0.1,0.0,-0.1,4,9.0,461.0
0022400939,308,0,-0.09999999999999998,-0.19999999999999998,0.1,2,17.0,113.0
0022400939,395,1,0.0,0.0,0.0,3,19.0,488.0
0022400939,546,0,0.2,-0.1,0.30000000000000004,4,24.0,574.0
0022400941,461,1,0.0,-0.1,0.1,3,18.0,181.0
0022400941,636,1,0.0,0.1,-0.1,4,16.0,147.0
0022400943,262,1,0.0,0.1,-0.1,2,16.0,137.0
0022400943,413,1,0.0,0.0,0.0,3,5.0,230.0
0022400944,258,1,-0.09999999999999998,0.1,-0.19999999999999998,2,6.0,405.0
0022400944,713,0,0.1,0.0,0.1,4,1.0,162.0
0022400945,293,1,0.1,0.0,0.1,2,4.0,118.0
0022400947,599,1,-0.19999999999999998,0.19999999999999998,-0.39999999999999997,4,8.0,510.0
0022400949,336,0,-0.09999999999999998,0.1,-0.19999999999999998,3,8.0,682.0
0022400949,532,0,-0.3,0.0,-0.3,4,11.0,552.0
0022400950,419,1,0.3,0.0,0.3,3,11.0,444.0
0022400951,379,1,-0.4,0.1,-0.5,3,4.0,438.0
0022400952,158,0,0.1,-0.4,0.5,1,9.0,90.0
0022400952,502,1,0.0,0.1,-0.1,4,18.0,611.0
0022400953,244,1,-0.2,-0.1,-0.1,2,1.0,331.0
0022400953,575,1,-0.09999999999999998,-0.1,2.7755575615628914e-17,4,4.0,273.0
0022400954,426,1,0.19999999999999998,0.1,0.09999999999999998,3,10.0,515.0
0022400955,150,0,-0.4,0.5,-0.9,1,4.0,114.0
0022400956,65,1,0.0,0.19999999999999998,-0.19999999999999998,1,5.0,372.0
0022400958,277,1,0.0,-0.1,0.1,2,0.0,82.0
0022400960,608,0,0.0,0.0,0.0,4,17.0,232.0
0022400962,516,1,0.0,-0.2,0.2,3,21.0,149.0
0022400963,59,1,0.09999999999999998,0.0,0.09999999999999998,1,0.0,428.0
0022400963,562,1,-0.1,0.0,-0.1,4,5.0,429.0
0022400964,258,1,0.3,0.1,0.19999999999999998,2,25.0,204.0
0022400964,609,1,0.0,0.19999999999999998,-0.19999999999999998,4,22.0,288.0
0022400965,459,0,-0.2,0.0,-0.2,3,9.0,283.0
0022400967,86,1,0.0,0.1,-0.1,1,5.0,257.0
0022400967,373,1,0.1,0.0,0.1,3,10.0,419.0
0022400968,324,1,0.09999999999999998,-0.1,0.19999999999999998,3,9.0,693.0
0022400969,330,1,-0.2,-0.1,-0.1,2,1.0,55.299999999999955
0022400970,613,0,-0.2,0.09999999999999998,-0.3,4,0.0,428.0
0022400971,538,0,0.09999999999999998,0.2,-0.10000000000000003,4,25.0,336.0
0022400973,305,1,-0.4,0.0,-0.4,2,4.0,132.0
0022400974,72,1,-0.30000000000000004,0.1,-0.4,1,1.0,382.0
0022400975,423,0,0.0,-0.19999999999999998,0.19999999999999998,3,5.0,486.0
0022400976,179,0,0.0,0.19999999999999998,-0.19999999999999998,2,4.0,583.0
0022400977,200,1,0.1,0.0,0.1,2,15.0,409.0
0022400978,337,1,-0.19999999999999998,0.19999999999999998,-0.39999999999999997,2,1.0,136.0
0022400978,653,1,0.0,0.2,-0.2,4,3.0,245.0
0022400979,287,1,-0.10000000000000003,0.0,-0.10000000000000003,2,1.0,183.0
0022400981,407,1,-0.09999999999999998,-0.1,2.7755575615628914e-17,3,15.0,388.0
0022400982,367,1,-0.19999999999999998,0.19999999999999998,-0.39999999999999997,3,15.0,496.0
0022400983,489,1,-0.30000000000000004,0.4,-0.7000000000000001,3,17.0,30.09999999999991
0022400984,530,1,-0.3,0.1,-0.4,4,24.0,389.0
0022400985,677,1,0.2,0.0,0.2,4,3.0,27.59999999999991
0022400986,664,0,-0.2,0.0,-0.2,4,2.0,186.0
0022400987,593,0,0.2,0.0,0.2,4,31.0,478.0
0022400988,67,1,0.1,0.0,0.1,1,2.0,317.0
0022400990,665,1,-0.2,0.30000000000000004,-0.5,4,10.0,250.0
0022400992,685,0,-0.2,0.19999999999999998,-0.4,4,11.0,206.0
0022400994,484,0,-0.09999999999999998,0.0,-0.09999999999999998,4,2.0,502.0
0022400999,455,1,0.09999999999999998,0.1,-2.7755575615628914e-17,3,12.0,135.0
0022401000,47,0,0.1,0.0,0.1,1,0.0,465.0
0022401002,393,1,0.1,-0.1,0.2,3,22.0,420.0
0022401004,294,0,0.2,-0.19999999999999998,0.4,2,7.0,61.0
0022401004,507,0,-0.1,0.19999999999999998,-0.3,4,7.0,656.0
0022401005,176,0,-0.3,0.1,-0.4,1,3.0,9.700000000000045
0022401007,352,1,0.2,0.3,-0.09999999999999998,3,11.0,602.0
0022401008,476,1,0.09999999999999998,0.09999999999999998,0.0,3,9.0,133.0
0022401010,221,1,0.0,0.1,-0.1,2,9.0,471.0
0022401011,269,1,-0.1,-0.3,0.19999999999999998,2,8.0,286.0
0022401012,149,0,-0.19999999999999998,0.0,-0.19999999999999998,1,4.0,119.0
0022401012,367,1,-0.1,0.1,-0.2,3,14.0,657.0
0022401012,519,0,0.09999999999999998,0.0,0.09999999999999998,4,2.0,720.0
0022401014,87,1,0.0,0.0,0.0,1,7.0,246.0
0022401014,420,1,0.1,-0.1,0.2,3,22.0,208.0
0022401016,331,1,0.1,-0.09999999999999998,0.19999999999999998,3,14.0,673.0
0022401017,418,0,-0.1,-0.1,0.0,3,25.0,192.0
0022401018,129,1,0.0,0.2,-0.2,1,3.0,64.0
0022401019,212,1,0.19999999999999998,0.1,0.09999999999999998,2,6.0,540.0
0022401019,622,1,0.3,0.0,0.3,4,7.0,243.0
0022401021,175,1,0.1,-0.2,0.30000000000000004,2,6.0,570.0
0022401022,450,0,-0.2,-0.1,-0.1,3,0.0,196.0
0022401023,107,1,0.3,-0.1,0.4,1,3.0,219.0
0022401023,259,1,0.0,0.3,-0.3,2,3.0,362.0
0022401025,597,0,-0.19999999999999998,0.09999999999999998,-0.29999999999999993,4,10.0,255.0
0022401027,106,1,0.19999999999999998,-0.1,0.3,1,13.0,216.0
0022401028,445,1,0.1,-0.2,0.30000000000000004,3,13.0,234.0
0022401029,248,1,0.0,-0.3,0.3,2,8.0,403.0
0022401029,437,1,-0.1,0.0,-0.1,3,0.0,238.0
0022401029,512,0,-0.09999999999999998,-0.19999999999999998,0.1,4,1.0,652.0
0022401030,545,1,-0.2,-0.09999999999999998,-0.10000000000000003,3,27.0,70.0
0022401031,369,1,0.1,0.19999999999999998,-0.09999999999999998,3,16.0,481.0
0022401032,467,1,0.1,0.19999999999999998,-0.09999999999999998,4,24.0,634.0
0022401035,591,0,-0.30000000000000004,0.0,-0.30000000000000004,4,9.0,441.0
0022401036,93,1,0.0,-0.1,0.1,1,5.0,282.0
0022401036,222,1,0.0,0.2,-0.2,2,3.0,434.0
0022401037,152,1,0.0,0.2,-0.2,1,3.0,74.0
0022401038,443,1,-0.1,-0.1,0.0,3,14.0,163.0
0022401039,383,1,-0.1,-0.09999999999999998,-2.7755575615628914e-17,2,2.0,2.2000000000000455
0022401040,76,0,0.30000000000000004,-0.2,0.5,1,13.0,304.0
0022401041,312,1,-0.09999999999999998,-0.1,2.7755575615628914e-17,2,9.0,72.0
0022401042,404,1,-0.2,0.19999999999999998,-0.4,3,4.0,451.0
0022401043,212,1,0.0,-0.1,0.1,2,4.0,388.0
0022401044,270,1,0.1,0.0,0.1,2,1.0,197.0
0022401044,556,1,-0.1,-0.1,0.0,4,20.0,261.0
0022401045,577,0,0.0,0.1,-0.1,4,3.0,410.0
0022401047,298,0,-0.19999999999999998,0.09999999999999998,-0.29999999999999993,2,14.0,32.700000000000045
0022401049,308,1,0.2,0.2,0.0,2,12.0,184.0
0022401049,421,1,-0.30000000000000004,-0.2,-0.10000000000000003,3,20.0,498.0
0022401050,91,1,0.30000000000000004,-0.1,0.4,1,12.0,277.0
0022401050,222,0,-0.3,0.3,-0.6,2,6.0,441.0
0022401051,243,1,-0.1,0.1,-0.2,2,3.0,333.0
0022401051,611,1,0.3,-0.09999999999999998,0.39999999999999997,4,8.0,310.0
0022401053,368,1,-0.1,-0.1,0.0,3,9.0,329.0
0022401054,570,1,-0.19999999999999998,0.2,-0.4,4,26.0,526.0
0022401058,75,1,0.0,-0.30000000000000004,0.30000000000000004,1,3.0,326.0
0022401058,491,1,0.0,-0.09999999999999998,0.09999999999999998,3,27.0,14.900000000000091
0022401059,455,1,-0.10000000000000003,0.19999999999999998,-0.30000000000000004,3,2.0,305.0
0022401063,82,1,0.1,0.19999999999999998,-0.09999999999999998,1,8.0,312.0
0022401063,414,1,0.0,0.0,0.0,3,10.0,390.0
0022401065,447,1,0.1,0.1,0.0,3,7.0,83.0
0022401065,504,1,0.19999999999999998,-0.1,0.3,4,6.0,593.0
0022401067,99,1,0.1,0.1,0.0,1,6.0,232.0
0022401067,439,0,-0.10000000000000003,-0.09999999999999998,-5.551115123125783e-17,3,14.0,351.0
0022401068,91,0,-0.19999999999999998,0.0,-0.19999999999999998,1,3.0,327.0
0022401069,615,1,-0.2,-0.2,0.0,4,13.0,366.0
0022401071,79,1,-0.1,-0.2,0.1,1,9.0,292.0
0022401071,590,0,-0.3,0.2,-0.5,4,19.0,206.0
0022401072,139,1,0.0,0.1,-0.1,1,5.0,81.0
0022401073,62,0,0.0,0.0,0.0,1,4.0,416.0
0022401073,328,0,-0.3,0.0,-0.3,2,10.0,62.0
0022401073,623,0,-0.19999999999999998,-0.2,2.7755575615628914e-17,4,38.0,331.0
0022401075,34,0,0.0,0.1,-0.1,1,3.0,534.0
0022401075,298,1,0.09999999999999998,0.09999999999999998,0.0,2,10.0,151.0
0022401076,206,1,-0.2,0.1,-0.30000000000000004,2,7.0,508.0
0022401077,147,0,0.1,0.0,0.1,1,5.0,115.0
0022401078,131,0,-0.2,0.4,-0.6000000000000001,1,5.0,117.0
0022401078,522,1,-0.1,-0.19999999999999998,0.09999999999999998,3,3.0,2.099999999999909
0022401079,242,0,0.1,-0.09999999999999998,0.19999999999999998,2,5.0,389.0
0022401080,196,1,0.09999999999999998,-0.5,0.6,2,14.0,483.0
0022401081,454,1,-0.2,0.0,-0.2,3,12.0,188.0
0022401081,613,0,0.09999999999999998,-0.1,0.19999999999999998,4,10.0,94.0
0022401082,280,1,0.19999999999999998,-0.2,0.4,2,3.0,77.0
0022401082,434,1,0.1,0.1,0.0,3,1.0,85.0
0022401082,536,1,0.0,0.19999999999999998,-0.19999999999999998,4,9.0,408.0
0022401083,316,0,0.0,0.1,-0.1,2,5.0,186.0
0022401083,403,0,0.0,0.0,0.0,3,16.0,562.0
0022401084,131,1,0.0,0.30000000000000004,-0.30000000000000004,1,8.0,189.0
0022401084,396,1,-0.09999999999999998,0.3,-0.39999999999999997,2,9.0,74.0
0022401084,632,0,-0.3,0.1,-0.4,4,6.0,568.0
0022401088,254,1,-0.19999999999999998,0.0,-0.19999999999999998,2,17.0,302.0
0022401089,443,0,-0.1,0.0,-0.1,3,6.0,123.0
0022401089,565,1,-0.1,0.0,-0.1,4,3.0,281.0
0022401090,549,1,0.1,0.4,-0.30000000000000004,4,3.0,281.0
0022401093,292,1,0.0,-0.2,0.2,2,0.0,178.0
0022401094,282,1,0.0,0.1,-0.1,2,23.0,276.0
0022401095,402,1,-0.19999999999999998,0.09999999999999998,-0.29999999999999993,3,6.0,352.0
0022401096,50,1,-0.1,0.0,-0.1,1,4.0,452.0
0022401096,397,1,-0.1,0.1,-0.2,3,1.0,364.0
0022401096,575,1,-0.19999999999999998,0.19999999999999998,-0.39999999999999997,4,4.0,362.0
0022401097,176,0,0.0,0.0,0.0,1,1.0,26.899999999999977
0022401097,301,1,0.0,0.1,-0.1,2,3.0,308.0
0022401098,75,1,-0.19999999999999998,-0.1,-0.09999999999999998,1,9.0,349.0
0022401099,438,1,-0.09999999999999998,0.19999999999999998,-0.29999999999999993,3,15.0,218.0
0022401100,386,1,0.0,0.0,0.0,3,3.0,574.0
0022401102,249,0,0.2,0.0,0.2,2,1.0,353.0
0022401102,492,0,-0.2,0.0,-0.2,4,5.0,720.0
0022401104,448,0,-0.4,0.0,-0.4,3,5.0,174.0
0022401105,90,1,-0.1,0.1,-0.2,1,2.0,266.0
0022401105,297,0,0.09999999999999998,0.0,0.09999999999999998,2,6.0,85.0
0022401105,512,1,0.09999999999999998,0.0,0.09999999999999998,4,11.0,458.0
0022401106,70,0,-0.19999999999999998,0.2,-0.4,1,1.0,296.0
0022401108,516,0,-0.30000000000000004,0.1,-0.4,3,14.0,106.0
0022401108,567,1,0.3,0.1,0.19999999999999998,4,13.0,654.0
0022401109,247,0,0.0,0.19999999999999998,-0.19999999999999998,2,5.0,404.0
0022401111,402,0,0.19999999999999998,0.2,-2.7755575615628914e-17,3,7.0,178.0
0022401111,475,1,0.19999999999999998,0.0,0.19999999999999998,4,15.0,582.0
0022401112,256,1,0.3,-0.09999999999999998,0.39999999999999997,2,13.0,254.0
0022401112,389,0,0.1,0.1,0.0,3,16.0,493.0
0022401113,250,1,0.19999999999999998,0.09999999999999998,0.1,2,7.0,276.0
0022401114,137,0,-0.2,-0.1,-0.1,1,2.0,92.0
0022401116,200,1,-0.5,-0.2,-0.3,2,6.0,606.0
0022401117,54,1,0.2,0.10000000000000003,0.09999999999999998,1,5.0,397.0
0022401117,246,1,0.09999999999999998,0.1,-2.7755575615628914e-17,2,11.0,359.0
0022401117,377,1,0.1,0.4,-0.30000000000000004,3,10.0,595.0
0022401118,460,1,0.30000000000000004,0.1,0.20000000000000004,3,19.0,176.0
0022401119,325,1,0.3,0.0,0.3,2,7.0,90.0
0022401120,209,0,-0.1,-0.1,0.0,2,17.0,403.0
0022401120,349,1,0.1,0.0,0.1,3,20.0,427.0
0022401120,450,1,0.09999999999999998,-0.1,0.19999999999999998,4,15.0,679.0
0022401121,513,1,0.1,0.0,0.1,3,13.0,24.40000000000009
0022401121,633,1,0.3,-0.19999999999999998,0.5,4,8.0,234.0
0022401122,617,1,0.0,0.2,-0.2,4,7.0,293.0
0022401123,130,0,0.09999999999999998,0.0,0.09999999999999998,1,8.0,96.0
0022401124,522,1,0.0,0.1,-0.1,4,14.0,479.0
0022401125,207,1,-0.1,0.1,-0.2,2,8.0,618.0
0022401125,408,1,0.0,0.1,-0.1,3,7.0,400.0
0022401126,273,1,0.4,-0.3,0.7,2,5.0,252.0
0022401126,451,0,-0.09999999999999998,0.2,-0.3,3,9.0,240.0
0022401128,466,1,-0.1,0.30000000000000004,-0.4,3,29.0,70.0
0022401128,531,1,-0.1,-0.1,0.0,4,27.0,497.0
0022401129,591,1,0.09999999999999998,-0.1,0.19999999999999998,4,6.0,337.0
0022401130,586,1,-0.3,0.2,-0.5,4,9.0,247.0
0022401132,426,1,0.4,-0.10000000000000003,0.5,3,19.0,255.0
0022401133,525,0,-0.3,-0.09999999999999998,-0.2,4,14.0,592.0
0022401134,208,1,0.0,0.19999999999999998,-0.19999999999999998,2,5.0,591.0
0022401135,85,0,0.1,-0.2,0.30000000000000004,1,4.0,328.0
0022401135,250,1,0.1,0.0,0.1,2,22.0,346.0
0022401136,101,1,-0.1,-0.1,0.0,1,6.0,263.0
0022401137,340,0,-0.3,0.0,-0.3,3,17.0,500.0
0022401138,418,1,-0.2,-0.09999999999999998,-0.10000000000000003,3,1.0,253.0
0022401138,598,1,0.2,-0.1,0.30000000000000004,4,2.0,133.0
0022401139,489,0,-0.19999999999999998,0.1,-0.3,3,9.0,111.0
0022401140,155,1,-0.3,-0.2,-0.09999999999999998,1,1.0,62.0
0022401140,386,1,-0.1,0.0,-0.1,3,13.0,409.0
0022401140,560,1,0.0,-0.10000000000000003,0.10000000000000003,4,8.0,384.0
0022401141,538,1,-0.1,-0.1,0.0,4,20.0,420.0
0022401142,144,1,-0.19999999999999998,-0.1,-0.09999999999999998,1,9.0,2.3999999999999773
0022401142,306,1,-0.2,-0.19999999999999998,-2.7755575615628914e-17,2,9.0,156.0
0022401143,655,1,0.1,-0.2,0.30000000000000004,4,13.0,205.0
0022401144,221,0,-0.5,0.1,-0.6,2,9.0,549.0
0022401144,438,1,-0.09999999999999998,0.19999999999999998,-0.29999999999999993,3,5.0,375.0
0022401146,245,1,-0.1,-0.1,0.0,2,14.0,313.0
0022401151,286,1,-0.1,0.19999999999999998,-0.3,2,7.0,129.0
0022401151,525,1,0.1,0.0,0.1,4,6.0,470.0
0022401152,244,0,0.1,-0.1,0.2,2,10.0,280.0
0022401152,424,1,0.1,-0.1,0.2,3,20.0,29.5
0022401153,367,0,-0.1,0.1,-0.2,3,8.0,631.0
0022401153,579,0,0.3,0.0,0.3,4,1.0,507.0
0022401154,90,0,0.0,-0.2,0.2,1,12.0,275.0
0022401154,440,1,-0.1,0.0,-0.1,3,32.0,235.0
0022401155,417,1,0.0,0.3,-0.3,3,7.0,218.0
0022401156,106,1,0.1,0.0,0.1,1,0.0,150.0
0022401156,362,1,0.0,0.1,-0.1,3,19.0,327.0
0022401156,478,1,0.0,-0.1,0.1,4,21.0,433.0
0022401157,433,0,-0.1,0.0,-0.1,3,3.0,338.0
0022401157,571,1,-0.3,0.10000000000000003,-0.4,4,9.0,580.0
0022401158,539,0,0.0,0.1,-0.1,4,27.0,525.0
0022401162,44,1,0.2,-0.1,0.30000000000000004,1,1.0,481.0
0022401162,373,1,0.0,0.0,0.0,3,1.0,637.0
0022401164,149,1,-0.2,0.2,-0.4,1,7.0,144.0
0022401165,246,1,-0.1,-0.1,0.0,2,4.0,288.0
0022401165,410,0,0.09999999999999998,-0.1,0.19999999999999998,3,13.0,195.0
0022401167,266,1,0.0,-0.09999999999999998,0.09999999999999998,2,9.0,183.0
0022401169,211,1,-0.2,-0.2,0.0,2,21.0,609.0
0022401169,457,1,0.2,0.0,0.2,3,25.0,311.0
0022401170,457,1,-0.19999999999999998,-0.30000000000000004,0.10000000000000006,3,16.0,217.0
0022401172,485,1,-0.2,-0.09999999999999998,-0.10000000000000003,3,33.0,242.0
0022401173,101,1,0.0,0.0,0.0,1,2.0,331.0
0022401173,449,1,0.1,-0.2,0.30000000000000004,3,2.0,281.0
0022401174,185,1,0.19999999999999998,-0.3,0.5,2,6.0,560.0
0022401175,143,1,0.1,0.0,0.1,2,15.0,720.0
0022401175,467,1,0.1,-0.2,0.30000000000000004,3,7.0,69.0
0022401176,258,0,0.0,-0.3,0.3,2,13.0,274.0
0022401179,467,1,-0.1,0.10000000000000003,-0.20000000000000004,3,25.0,160.0
0022401180,533,1,0.09999999999999998,-0.09999999999999998,0.19999999999999996,4,5.0,670.0
0022401182,241,1,0.0,0.0,0.0,2,1.0,180.0
0022401182,341,1,-0.1,0.1,-0.2,3,16.0,381.0
0022401183,562,1,0.1,-0.1,0.2,4,18.0,620.0
0022401184,386,1,0.09999999999999998,0.10000000000000003,-5.551115123125783e-17,3,4.0,235.0
0022401186,247,1,-0.1,0.1,-0.2,2,4.0,171.0
0022401187,279,0,0.1,-0.3,0.4,2,15.0,153.0
0022401188,107,1,0.0,-0.3,0.3,1,4.0,176.0
0022401188,397,0,0.0,0.2,-0.2,3,7.0,441.0
0022401188,570,0,-0.09999999999999998,-0.1,2.7755575615628914e-17,4,6.0,435.0
0022401189,268,1,0.0,0.1,-0.1,2,18.0,240.0
0022401192,323,1,0.0,-0.1,0.1,3,5.0,564.0
0022401192,417,1,0.0,0.0,0.0,3,8.0,35.90000000000009
0022401192,550,0,-0.1,0.09999999999999998,-0.19999999999999998,4,2.0,135.0
0022401193,369,1,0.19999999999999998,-0.19999999999999998,0.39999999999999997,3,18.0,485.0
0022401194,558,1,0.1,0.1,0.0,4,36.0,649.0
0022401195,237,1,0.19999999999999998,-0.2,0.4,2,0.0,300.0
0022401196,288,1,0.0,0.2,-0.2,2,15.0,255.0
0022401197,547,0,0.09999999999999998,0.09999999999999998,0.0,4,2.0,412.0
0022401198,289,1,0.1,0.0,0.1,2,1.0,120.0
0022401198,417,1,0.0,0.09999999999999998,-0.09999999999999998,3,3.0,152.0
0022401199,35,1,0.30000000000000004,-0.2,0.5,1,9.0,551.0
0022401199,215,0,-0.1,0.1,-0.2,2,4.0,531.0
0022401199,420,1,-0.1,0.0,-0.1,3,22.0,414.0
0022401200,269,1,-0.2,0.1,-0.30000000000000004,2,3.0,4.7000000000000455
0022401200,431,0,-0.1,0.0,-0.1,4,11.0,652.0
0022401201,574,0,-0.10000000000000003,0.19999999999999998,-0.30000000000000004,4,3.0,227.0
0022401202,382,1,-0.1,0.0,-0.1,3,8.0,556.0
0022401203,255,0,-0.30000000000000004,-0.1,-0.20000000000000004,2,5.0,361.0
0022401206,537,1,-0.2,0.0,-0.2,4,15.0,690.0
0022401208,494,1,0.2,-0.2,0.4,3,2.0,182.0
0022401209,432,1,-0.1,0.2,-0.30000000000000004,3,17.0,247.0
0022401211,225,1,-0.10000000000000003,-0.09999999999999998,-5.551115123125783e-17,2,4.0,572.0
0022401211,527,1,-0.09999999999999998,0.0,-0.09999999999999998,3,12.0,157.0
0022401211,599,1,-0.1,0.0,-0.1,4,13.0,604.0
0022401213,229,1,-0.19999999999999998,-0.1,-0.09999999999999998,2,10.0,440.0
0022401213,553,1,0.0,-0.1,0.1,4,18.0,521.0
0022401214,230,0,-0.2,0.1,-0.30000000000000004,2,5.0,422.0
0022401219,277,1,-0.1,0.1,-0.2,2,6.0,122.0
0022401219,560,1,-0.2,0.09999999999999998,-0.3,4,14.0,367.0
0022401220,501,1,-0.4,-0.10000000000000003,-0.3,3,17.0,323.0
0022401220,751,1,-0.09999999999999998,0.0,-0.09999999999999998,4,9.0,140.0
0022401221,450,0,-0.19999999999999998,0.0,-0.19999999999999998,3,14.0,322.0
0022401222,231,0,0.0,-0.3,0.3,2,7.0,538.0
0022401223,332,0,0.0,0.30000000000000004,-0.30000000000000004,2,4.0,85.0
0022401223,502,1,0.10000000000000003,0.1,2.7755575615628914e-17,3,8.0,193.0
0022401225,288,1,0.2,-0.2,0.4,2,14.0,433.0
0022401226,402,1,-0.19999999999999998,0.1,-0.3,3,33.0,379.0
0022401227,66,1,0.0,0.0,0.0,1,0.0,343.0
0022401228,310,1,0.0,0.1,-0.1,2,9.0,114.0
0022401229,606,0,0.0,0.2,-0.2,4,2.0,336.0
0022401230,259,1,-0.2,0.09999999999999998,-0.3,2,1.0,338.0
0022401230,680,0,-0.09999999999999998,0.0,-0.09999999999999998,4,11.0,140.0
