year,crew,previous,current
2021,Andy Nagy|Brent Barnaky|Kevin Scott,-0.05988270960137713,0.25341747847768487
2021,Andy Nagy|Pat Fraher|Tom Washington,0.07916819952860399,-0.35180660062131963
2021,Ben Taylor|Mark Lindsay|Phenizee Ransom,0.008185584586439502,-0.03626617798439449
2021,Bennie Adams|Leon Wood|Zach Zarba,-0.4380086558406358,0.28665695703653554
2021,Bill Kennedy|Danielle Scott|Kevin Cutler,-0.4814178305301757,-0.6818127806535889
2021,Bill Kennedy|Natalie Sago|Nate Green,0.1309920580434327,0.10733484996154387
2021,Brandon Adair|Curtis Blair|Suyash Mehta,-0.6023230474157597,-1.7278831798355851
2021,Brandon Adair|John Goble|Tom Washington,0.3689075123743666,0.007745029574659858
2021,Brandon Adair|Kevin Cutler|Marc Davis,0.34830669426821564,0.3480252023592493
2021,Brandon Schwab|Marat Kogut|Marc Davis,-0.8198988861990893,-0.3409539774585262
2021,Brett Nansel|Derrick Collins|James Williams,-0.6921814634399863,0.12569925860286568
2021,CJ Washington|Derrick Collins|Kevin Scott,-0.3876584894586995,-0.6515827561386948
2021,CJ Washington|Kevin Scott|Mitchell Ervin,0.22564668153232822,-0.46081520319132935
2021,Curtis Blair|Jenna Schroeder|Matt Boland,0.015037877364540502,-1.330221027534372
2021,Danielle Scott|Josh Tiven|Scott Wall,0.32327301755448345,0.03278982282299097
2021,David Guthrie|Marat Kogut|Matt Myers,-0.3490959602918241,-0.13176927763112334
2021,Dedric Taylor|Evan Scott|Kevin Scott,-0.24281348811560874,0.4214654494546055
2021,Dedric Taylor|John Goble|Jonathan Sterling,-0.13584754884235295,-0.44183275227903934
2021,Evan Scott|Jacyn Goble|James Williams,0.6261765544537616,0.13217177310848302
2021,JB DeRosa|John Butler|Marc Davis,-0.04898610813008636,0.1775022703580057
2021,JB DeRosa|Justin Van Duyne|Rodney Mott,-0.24876665620210736,0.025752496102414764
2021,Jacyn Goble|John Conley|Marc Davis,-0.7100967388737186,-0.31329464830850723
2021,James Capers|Scott Wall|Suyash Mehta,0.4712783266777362,-0.7479554170549403
2021,Jason Goldenberg|Mark Lindsay|Scott Foster,0.5050116539005709,-0.1285849686891971
2021,Jenna Schroeder|Kane Fitzgerald|Natalie Sago,0.048202101817877686,0.43507696215480884
2021,John Butler|Natalie Sago|Tyler Ford,0.09600007289826243,-0.7733922968972636
2021,Kane Fitzgerald|Mousa Dagher|Natalie Sago,-0.17733401528291565,-0.1746586840483855
2021,Karl Lane|Kevin Scott|Ray Acosta,-0.0934378707009201,0.13992119072329376
2021,Karl Lane|Matt Myers|Sean Wright,-0.3873862762398296,-0.03669226679992262
2021,Matt Myers|Natalie Sago|Tony Brothers,0.3085887572710947,0.07528306042054837
2021,Matt Myers|Pat Fraher|Scott Wall,-0.6343066805370119,-0.4626931380155294
2021,Nick Buchert|Scott Twardoski|Zach Zarba,0.01526747213078838,0.894816378351686
2022,Andy Nagy|Eric Lewis|Jacyn Goble,-0.006514681021193642,-0.6303462793209151
2022,Andy Nagy|Mitchell Ervin|Sean Wright,0.49525041198051933,-0.2852811109142428
2022,Andy Nagy|Mitchell Ervin|Tyler Ford,-0.8898798519276313,0.3132946483085073
2022,Andy Nagy|Sean Corbin|Tony Brothers,-0.5093647031263159,0.1890595345344731
2022,Ben Taylor|Brett Nansel|David Guthrie,0.16492981408208557,0.6770610428083208
2022,Ben Taylor|John Goble|Phenizee Ransom,0.2920204740503791,0.21222366120018754
2022,Ben Taylor|Jonathan Sterling|Mitchell Ervin,-0.2452963559553431,0.06974898913170058
2022,Bill Kennedy|Brett Nansel|Jacyn Goble,-0.19867069479548416,0.03891541624967341
2022,Bill Kennedy|Jacyn Goble|John Butler,-0.015391883767584031,0.04969555128424456
2022,Brandon Adair|Josh Tiven|Tom Washington,-0.2245813660838373,0.22957444164450036
2022,Brandon Schwab|Brian Forte|Courtney Kirkland,0.46063974920368733,-0.28987482649318824
2022,Brent Barnaky|Brett Nansel|Kevin Scott,-0.1489795108795967,-0.016807118316381174
2022,Brent Barnaky|CJ Washington|Pat Fraher,-0.1806422952742346,-0.6644547911955101
2022,Brent Barnaky|Curtis Blair|Derek Richardson,-0.49098728154632637,-0.039220713153281385
2022,Brett Nansel|JB DeRosa|James Capers,-0.574335867177996,-0.784445809561195
2022,Brian Forte|Jonathan Sterling|Tony Brothers,0.49811358817762885,-0.08961215868968717
2022,Brian Forte|Mousa Dagher|Pat Fraher,-0.18172113648171073,-0.0863880521548871
2022,CJ Washington|Ed Malloy|Jacyn Goble,0.5218754599525757,0.6816997947195945
2022,CJ Washington|Jacyn Goble|Zach Zarba,0.3576744442718157,-0.14763599880606457
2022,CJ Washington|Leon Wood|Mark Lindsay,-0.2690532526182876,0.26716043673098416
2022,Courtney Kirkland|JB DeRosa|John Conley,0.5738004229273791,-0.2657031657330056
2022,Courtney Kirkland|JT Orr|Justin Van Duyne,-0.48550781578170077,-0.030771658666753774
2022,Courtney Kirkland|Jenna Schroeder|Ray Acosta,-0.4923221522014312,-0.03709412440624082
2022,Courtney Kirkland|Justin Van Duyne|Lauren Holtkamp,-0.2776317365982795,0.412109650826833
2022,Courtney Kirkland|Michael Smith|Phenizee Ransom,-0.503079327311355,-0.02941388520629334
2022,David Guthrie|Matt Boland|Mitchell Ervin,-0.7864351149835025,0.4584907228957472
2022,David Guthrie|Mousa Dagher|Tyler Ford,-0.6736343663363636,-0.253090627682162
2022,Dedric Taylor|Eric Lewis|Justin Van Duyne,-0.12940199928251137,-0.7000676234045191
2022,Dedric Taylor|John Butler|Tony Brothers,0.01972749863831784,-0.2592005882454387
2022,Ed Malloy|JT Orr|Tom Washington,-0.5205344378929516,-0.23478041422736753
2022,Eric Dalen|James Capers|Mousa Dagher,-0.5004334659983765,0.46722970236301026
2022,Eric Dalen|John Butler|Josh Tiven,0.07526248450054678,-0.8594683960074587
2022,Eric Lewis|Jacyn Goble|Jonathan Sterling,0.18814493138713112,-0.8064758658669485
2022,Eric Lewis|Matt Boland|Mitchell Ervin,0.01660773639966033,-0.3715635564324831
2022,Eric Lewis|Natalie Sago|Suyash Mehta,-0.17544867750619247,-0.4531805811478309
2022,Evan Scott|James Capers|Tom Washington,-0.0537041789718611,0.026559273072354665
2022,JB DeRosa|Jason Goldenberg|Tony Brothers,0.2448266438021634,-0.4600201852615522
2022,Jacyn Goble|Marc Davis|Phenizee Ransom,0.09929822098228047,-0.008280062360613365
2022,James Williams|Matt Myers|Nick Buchert,0.8435740642926914,0.794630219471351
2022,Jenna Schroeder|Nick Buchert|Pat Fraher,0.02985296314968113,-0.5285252008653917
2022,John Butler|Justin Van Duyne|Sean Wright,-0.15641568645811035,0.36980865688880477
2022,John Conley|Natalie Sago|Sean Wright,-0.1511807355068761,-0.08979800265898294
2022,John Goble|Lauren Holtkamp|Tre Maddox,-0.12562308794175697,-0.33241032193910114
2022,John Goble|Matt Boland|Sean Corbin,-0.5876846292916026,-0.2737929602911139
2022,John Goble|Matt Myers|Mitchell Ervin,0.1823215567939546,0.006522769828782582
2022,John Goble|Phenizee Ransom|Ray Acosta,-0.012422519998557209,0.3136349607510217
2022,Justin Van Duyne|Marat Kogut|Tony Brothers,-0.4948716958237492,-0.4691809224942722
2022,Karl Lane|Matt Kallio|Rodney Mott,-0.7464931612652379,-0.7381708619339005
2022,Kevin Cutler|Scott Twardoski|Zach Zarba,0.38059704153015084,0.256541831716058
2022,Lauren Holtkamp|Phenizee Ransom|Scott Foster,-0.5381095827144591,-0.45658585482899405
2022,Michael Smith|Rodney Mott|Suyash Mehta,-0.45198512374305727,0.28030196515415834
2022,Michael Smith|Scott Wall|Tony Brothers,-0.5212969236332861,0.0408219945202552
2022,Nick Buchert|Phenizee Ransom|Sean Wright,0.17263549450136137,0.17941879713599324
2023,Aaron Smith|Andy Nagy|James Capers,0.4996924507736572,-0.4498687208366795
2023,Aaron Smith|Josh Tiven|Matt Myers,-0.4834937164099996,0.2586945355785287
2023,Andy Nagy|Eric Dalen|Scott Foster,-0.1493774010746007,0.7802717757778309
2023,Andy Nagy|Gediminas Petraitis|Tony Brothers,-0.4169727149596442,-0.4114831804337273
2023,Andy Nagy|Josh Tiven|Natalie Sago,0.06572667370033043,-0.28239213132648305
2023,Andy Nagy|Justin Van Duyne|Tony Brothers,0.00210305019677889,0.22692586303070855
2023,Andy Nagy|Nick Buchert|Zach Zarba,0.5123282536505257,0.6219196712715775
2023,Ashley Moyer-Gleich|Evan Scott|James Williams,-0.6234201844835567,-0.016529301951210582
2023,Ashley Moyer-Gleich|James Williams|Ray Acosta,-0.16220441463435514,0.2580258628688929
2023,Ashley Moyer-Gleich|Josh Tiven|Matt Kallio,-0.7437909133787003,-0.007843177461025893
2023,Ashley Moyer-Gleich|Matt Myers|Pat Fraher,-0.057468385634997496,-0.3910763706560646
2023,Bill Kennedy|Brett Nansel|Jacyn Goble,0.03891541624967341,-0.3522205935893521
2023,Bill Kennedy|JB DeRosa|Jonathan Sterling,0.2735907166912711,0.35598505084479465
2023,Bill Kennedy|Jacyn Goble|John Butler,0.04969555128424456,-1.0986122886681098
2023,Brandon Adair|Brian Forte|James Williams,0.311285241639922,-0.7674592135244966
2023,Brent Barnaky|Ed Malloy|Evan Scott,-0.4921129148338367,-0.14327688448260334
2023,Brent Barnaky|James Williams|Ray Acosta,0.2930382716523059,-0.081678031014267
2023,CJ Washington|JB DeRosa|Zach Zarba,0.011821738965166953,0.49429632181478
2023,Courtney Kirkland|Dannica Mosher|JB DeRosa,-0.3429447511268303,-0.4551621925900624
2023,Courtney Kirkland|Matt Myers|Sean Corbin,0.5686848322452834,0.06040912779555998
2023,Curtis Blair|John Conley|Nick Buchert,-0.8692381876032639,-0.08112554481236846
2023,Dannica Mosher|Marc Davis|Michael Smith,0.08456643197507965,0.14359091961225595
2023,David Guthrie|Dedric Taylor|JT Orr,-0.10109611687136863,0.4167530678820157
2023,Derek Richardson|Nick Buchert|Tony Brothers,0.8534577911624917,-0.32008549650644025
2023,Eric Dalen|Jacyn Goble|Kevin Scott,0.2746255071493531,0.3959683605709072
2023,Gediminas Petraitis|Leon Wood|Tony Brothers,0.29241610396645795,0.11472826566142645
2023,Gediminas Petraitis|Marat Kogut|Zach Zarba,0.2557744547884354,-0.10091718550876819
2023,JT Orr|James Williams|Mitchell Ervin,0.04537474588325348,0.14715764433628784
2023,Jacyn Goble|Scott Wall|Sean Wright,-0.13132307372929408,0.072864963914125
2023,James Williams|Matt Myers|Nick Buchert,0.794630219471351,-0.2770488161504121
2023,Jonathan Sterling|Kevin Scott|Nick Buchert,0.30010459245033816,-0.22476824704121154
2023,Josh Tiven|Karl Lane|Nate Green,0.2587756309061305,-0.16989903679539747
2023,Josh Tiven|Leon Wood|Tre Maddox,-0.11191791620398532,0.531561522245169
2023,Justin Van Duyne|Marat Kogut|Tony Brothers,-0.4691809224942722,-0.2591358905454194
2023,Kevin Cutler|Marc Davis|Mousa Dagher,0.13353139262452257,-0.3498020646509702
2023,Kevin Scott|Matt Kallio|Scott Twardoski,0.5841169360131566,-0.015528262326554996
2023,Leon Wood|Mark Lindsay|Mitchell Ervin,-0.3810805713068731,0.3371458641306873
2023,Marat Kogut|Matt Kallio|Tony Brothers,0.15707893960634672,0.11448319765382815
2023,Mark Lindsay|Matt Myers|Nick Buchert,-0.2707325141380077,-1.3235320393835752
2024,Andy Nagy|Derek Richardson|Mark Lindsay,0.14536585027152543,0.057400230923776545
2024,Andy Nagy|Nick Buchert|Robert Hussey,0.06534988020845041,0.04688358589885046
2024,Bill Kennedy|Che Flores|Nick Buchert,0.10714463745132774,0.16690383299133368
2024,Brent Barnaky|Jenna Schroeder|Karl Lane,0.09322156200790865,0.10419587011007507
2024,Brent Barnaky|Marc Davis|Matt Boland,0.6453565167235967,0.17565688504822205
2024,Brent Barnaky|Scott Foster|Scott Twardoski,-0.036881386797124015,-0.12685728553682943
2024,Brett Nansel|Eric Dalen|Karl Lane,0.3595554068040865,0.24183072952652374
2024,Brett Nansel|Jason Goldenberg|Tyler Ford,-0.23634088649074356,0.16941815195804694
2024,Brett Nansel|Phenizee Ransom|Scott Foster,0.45552698356976495,-0.3226043448448477
2024,Brian Forte|CJ Washington|Sean Corbin,0.005457039463058117,-0.4030641465706263
2024,Brian Forte|Ed Malloy|Tom Washington,0.09309042306601203,0.24168971490669652
2024,Brian Forte|Jenna Schroeder|Ray Acosta,-0.04020642047804059,-0.7419373447293773
2024,Brian Forte|Jonathan Sterling|Sean Corbin,0.3728143383341357,0.4512746441394587
2024,Brian Forte|Marat Kogut|Scott Foster,0.19189100781010546,-0.1107005629007336
2024,CJ Washington|Ed Malloy|JB DeRosa,-0.1273394223766015,-0.5382957297700428
2024,CJ Washington|James Capers|Matt Boland,0.1342642618401752,0.4054651081081644
2024,Che Flores|Dedric Taylor|Ed Malloy,0.06887692273616945,-0.11472175716006267
2024,Che Flores|Ed Malloy|Phenizee Ransom,0.35354505092980465,-0.16008541534707282
2024,Courtney Kirkland|Danielle Scott|JT Orr,0.1885380221367343,0.048086186667637934
2024,Curtis Blair|Derrick Collins|Nick Buchert,0.14153221586804685,-0.33931498307625163
2024,Curtis Blair|Gediminas Petraitis|Phenizee Ransom,-0.13005312824819767,-0.02105340919783238
2024,Curtis Blair|Justin Van Duyne|Suyash Mehta,-0.3200651983261715,0.25131442828090617
2024,Curtis Blair|Marat Kogut|Mousa Dagher,-0.26282203513238594,0.23433609174648826
2024,Curtis Blair|Ray Acosta|Robert Hussey,-0.7081850579244858,-0.41604721743870127
2024,Danielle Scott|JT Orr|Kevin Scott,0.2573689371896124,-1.425515074273172
2024,Danielle Scott|Josh Tiven|Natalie Sago,-0.057158413839948755,-0.44080447455347327
2024,Danielle Scott|Marat Kogut|Scott Foster,-0.17655435307179687,-0.1608396679780549
2024,David Guthrie|Matt Boland|Sean Corbin,0.29951653009878365,-0.39589565709201374
2024,David Guthrie|Nate Green|Sean Corbin,0.1433375580458503,-0.1938339811696605
2024,Dedric Taylor|Matt Myers|Mitchell Ervin,0.125163142954006,0.2837216712356841
2024,Derek Richardson|JB DeRosa|Mitchell Ervin,0.5282173664778598,-0.0033389012655145986
2024,Derek Richardson|Karl Lane|Scott Foster,0.0790972204229348,-0.2926696139628201
2024,Derek Richardson|Kevin Cutler|Scott Twardoski,0.32590328527197865,0.01929320293467885
2024,Derrick Collins|Ed Malloy|Phenizee Ransom,0.11472826566142645,0.0
2024,Ed Malloy|Jenna Schroeder|Justin Van Duyne,-0.23638877806423053,0.055048028924706255
2024,Ed Malloy|Phenizee Ransom|Ray Acosta,-0.3022808718729337,-0.1898368841273666
2024,Evan Scott|Jacyn Goble|Tyler Ford,0.23226127851037306,-0.23767165187711972
2024,Evan Scott|Justin Van Duyne|Sean Wright,-0.23407262184640004,-0.5144553918165692
2024,Evan Scott|Marat Kogut|Tony Brothers,-0.12604072089536505,0.3148278340032319
2024,Gediminas Petraitis|Marc Davis|Matt Myers,-0.10500643493900698,-0.20607073700561793
2024,JB DeRosa|Mitchell Ervin|Suyash Mehta,0.07101103564318849,0.41739732861513457
2024,JT Orr|Mark Lindsay|Matt Myers,-0.8107725993825247,-0.22516171547044686
2024,Jacyn Goble|Josh Tiven|Matt Myers,-0.6545725171749651,-0.17688183349813655
2024,James Williams|Ray Acosta|Tom Washington,0.38193461069797036,-0.20935022918187393
2024,Jenna Schroeder|Mark Lindsay|Ray Acosta,-0.3694356445289468,-0.31374784008112183
2024,John Butler|John Goble|Sha'Rae Mitchell,-0.2536935491288019,-0.6964972674452272
2024,John Butler|Mousa Dagher|Scott Foster,-0.2134845910220507,-0.06899287148695143
2024,John Conley|Kevin Scott|Nick Buchert,0.16290347093685306,0.13386600865575257
2024,Jonathan Sterling|Justin Van Duyne|Pat Fraher,-0.1525795875952172,0.3709981054702865
2024,Jonathan Sterling|Mark Lindsay|Phenizee Ransom,-0.32481629389285144,0.493305328908195
2024,Matt Boland|Sean Corbin|Zach Zarba,-0.3437715391028243,0.40245758704420914
2024,Natalie Sago|Robert Hussey|Tyler Ford,-0.5624688569178291,-0.6241543090729936
