game_id,foul_volume,foul_wp_movement,abs_foul_difference,abs_fta_difference,WMI
0022400001,25,0.5173431604393159,5,14,1.4181818181818182
0022400002,34,0.9001260790815684,2,10,1.8060606060606061
0022400003,33,0.3931745668583151,7,5,0.15636960087479498
0022400004,31,0.7600653025994636,1,9,1.2098765432098764
0022400005,25,0.3159202961111284,7,8,1.1568998109640831
0022400006,27,0.19962812694329324,5,13,0.6955102040816327
0022400007,38,1.207321259399417,4,3,0.5696703296703297
0022400008,39,0.8823554047211781,3,3,0.5630252100840336
0022400009,26,0.5421984471125392,2,12,1.3166666666666667
0022400010,40,0.9734632028125919,2,1,0.8391393442622951
0022400011,28,0.8733558096137892,2,2,1.1397058823529411
0022400012,39,0.343145953856526,5,9,2.056650246305419
0022400013,35,0.7499324430535512,5,4,0.7478005865102639
0022400014,41,0.744900570971948,1,0,1.2459239130434785
0022400015,29,0.9564396828819872,7,7,0.8205128205128206
0022400016,37,0.323672363069345,11,15,0.6806526806526807
0022400017,28,1.1384953851973958,4,7,1.4751020408163267
0022400018,39,0.2464127240836872,11,22,1.3548387096774193
0022400019,39,0.36517873855386884,5,6,0.9903549382716049
0022400020,33,1.6545844627743564,1,4,0.8196721311475409
0022400021,30,0.7493997916434484,0,3,1.650943396226415
0022400022,31,1.250682735711174,1,4,1.324074074074074
0022400023,46,0.543509888283065,2,9,1.0772818121252496
0022400024,35,0.21349628506262264,5,4,0.923891129032258
0022400025,29,0.6088426688213238,7,12,1.1764705882352942
0022400026,38,0.24239835898314355,8,17,0.7316017316017317
0022400027,30,0.7770711777364439,4,13,0.905349794238683
0022400028,42,0.6223995291530324,10,17,1.6245909303412809
0022400029,33,0.559369748767469,1,7,1.225988700564972
0022400030,31,0.42280898065181005,1,1,0.6436781609195402
0022400031,38,0.23787280281671486,2,3,0.5220588235294118
0022400032,42,1.0791200577414664,4,7,0.9142857142857143
0022400033,40,2.333015415419774,2,2,1.556923076923077
0022400034,31,0.3121626087843973,7,8,1.006896551724138
0022400035,38,0.32458050832773044,4,9,0.8783783783783784
0022400036,31,0.8608367941846411,7,13,0.6977687626774848
0022400037,30,1.215594110295124,2,5,0.6709677419354839
0022400038,34,0.8720390194219654,2,6,1.217296113847838
0022400039,27,0.4876007732824309,7,15,0.9858712715855573
0022400040,31,1.0021309322906644,1,4,1.678921568627451
0022400041,36,0.7031846218733203,2,1,1.2338709677419355
0022400042,37,0.563195671866238,5,13,0.7552083333333333
0022400043,34,0.3458005303628058,4,7,1.3505747126436782
0022400044,28,1.1980552826726052,2,8,0.6244343891402715
0022400045,29,0.6544494571114324,5,6,0.7216981132075472
0022400046,32,0.6239587325823001,2,0,1.4992458521870287
0022400047,30,0.6022959667978957,4,7,1.2457264957264957
0022400048,32,1.1806152871324889,0,5,1.042022792022792
0022400049,33,0.6939199311351903,1,13,1.079081632653061
0022400050,35,1.6502118404866213,5,8,1.3333333333333333
0022400051,38,0.10044091208238848,0,0,0.9633649932157395
0022400052,34,0.35781943178245695,4,1,1.2725250278086764
0022400053,39,0.4027010339201923,5,5,1.0687471732247853
0022400054,41,1.0622140095150148,3,1,1.1515151515151516
0022400055,34,0.15410208336078324,12,11,1.5747126436781609
0022400056,43,1.3503953521885468,9,30,0.8298027757487217
0022400057,32,0.5470931209031025,0,1,0.6055656382335148
0022400058,37,1.4776331691429085,9,14,0.5596638655462185
0022400059,36,0.9505609371566351,0,2,0.2987861811391223
0022400060,27,0.3277584900558548,3,1,0.596949891067538
0022400061,26,0.12147362893029823,2,8,0.8623188405797102
0022400062,42,0.8329304634401936,2,2,0.6201680672268908
0022400063,38,1.347583833634743,0,3,1.369727047146402
0022400064,50,1.6512596577328869,12,22,1.3333333333333333
0022400065,38,0.625675465074308,4,7,0.8549127640036732
0022400066,45,0.6724025930816597,3,4,0.7519736842105262
0022400067,43,0.3973248390834981,1,3,0.5900900900900902
0022400068,38,1.4422882269496755,2,4,0.7203463203463203
0022400069,31,0.5563888326177879,1,4,0.4791666666666667
0022400070,55,2.0916314076363975,11,13,1.0542635658914727
0022400071,40,1.5484129543912593,4,2,1.9220985691573926
0022400072,44,0.36441972219307434,4,1,0.3671373555840821
0022400073,36,0.20852018977458106,2,9,1.0989247311827957
0022400074,37,0.5825369550868963,5,1,1.7327868852459016
0022400075,27,0.49419084132938534,3,3,0.22189349112426035
0022400076,37,2.03175757377172,3,18,0.7544097693351425
0022400077,46,0.7196547075196192,12,12,0.9090277777777779
0022400078,63,1.4609174731981112,3,8,1.2808500362231345
0022400079,51,1.3623737156959308,1,7,1.3640873015873016
0022400080,34,0.378632400550605,4,5,1.6007957559681696
0022400081,38,0.25585849234947644,4,9,1.2066532258064517
0022400082,51,0.7058625057991914,3,0,0.9744623655913979
0022400083,31,0.805338028993756,3,2,0.29741379310344823
0022400084,33,0.3819740452982032,13,20,0.3978494623655914
0022400085,39,0.9804453446232002,9,22,1.4002726033621082
0022400086,39,1.3108369282187333,1,10,1.3161290322580643
0022400087,42,2.1070402187881108,4,3,0.9232954545454546
0022400088,37,0.7614565155829729,5,7,0.37941176470588234
0022400089,34,0.8630977341123969,6,8,1.472693032015066
0022400090,50,0.3381078482691397,0,2,1.1282051282051282
0022400091,35,0.4085662409383742,1,2,0.9545454545454546
0022400092,41,0.606557049185517,3,4,0.6287339971550499
0022400093,34,0.20622533801611242,4,13,0.8928571428571428
0022400094,40,1.7648818236271808,6,6,0.8346076458752515
0022400095,40,0.7090165217785951,12,18,0.9701492537313433
0022400096,34,0.9640082902769767,2,1,1.2945531464833422
0022400097,35,1.4567062119100722,1,2,1.209090909090909
0022400098,40,1.178174875591801,10,8,0.7365916955017301
0022400099,41,0.7104008120637023,1,8,1.1537001897533208
0022400100,43,0.884218818433357,1,3,0.5357142857142857
0022400101,38,1.090994348877162,2,1,0.7593582887700535
0022400102,48,1.5760781316623567,2,8,1.4493506493506494
0022400103,43,2.077990054487676,3,14,1.1719939117199392
0022400104,36,0.7380925455366776,2,12,0.8928199791883455
0022400105,32,0.5840262117809933,4,3,1.0042735042735043
0022400106,34,1.2312281748667113,0,6,0.7687959299039004
0022400107,37,1.45016551555187,7,8,1.0808853118712274
0022400108,35,0.9703245567343801,5,4,0.9780564263322884
0022400109,40,0.9283335344469545,2,3,0.734159779614325
0022400110,35,0.545500921102688,5,12,1.3241379310344827
0022400111,36,1.9668684685883195,4,2,0.8044354838709677
0022400112,43,0.4403838131383421,7,5,0.7692307692307692
0022400113,43,2.006125260722185,1,8,0.85553772070626
0022400114,38,1.439766690817362,2,8,1.2352357320099256
0022400115,30,0.24678573257430175,6,0,1.752
0022400116,29,0.7293818109965627,9,11,0.8243831640058055
0022400117,43,1.0250186457585666,1,5,0.9150326797385622
0022400118,31,0.24447073774412936,19,25,1.2163742690058479
0022400119,36,0.9346643686725369,4,3,0.8209255533199196
0022400120,38,0.7883463808597939,4,6,0.8472222222222221
0022400121,36,0.6869833532806167,2,4,1.034859521331946
0022400122,30,0.758382189690282,2,4,0.44061302681992337
0022400123,33,1.3046801908770878,3,5,1.006896551724138
0022400124,40,0.9199943666617222,4,4,0.7840909090909091
0022400125,20,0.11671702218418234,6,5,0.29946524064171126
0022400126,33,0.49895860246498336,7,8,0.7539450613676212
0022400127,35,0.963472911863134,1,6,0.4330235101148168
0022400128,45,0.514672969797445,5,12,0.9984984984984986
0022400129,41,0.7320092627950532,5,7,0.7850346020761245
0022400130,33,0.7656757170328652,1,4,1.0235101148168397
0022400131,40,1.072200442387228,4,7,1.1097935880544576
0022400132,34,0.5165892633809404,10,22,1.3961079723791587
0022400133,36,0.36370468987440685,4,4,1.2105820105820104
0022400134,24,0.057369341523644576,0,2,1.0194805194805194
0022400135,38,0.8052620602680215,4,12,1.8793650793650791
0022400136,30,1.1351366851332472,6,11,1.1256354393609296
0022400137,42,0.3525666080145521,14,28,1.6208022388059702
0022400138,31,0.9969748962170482,7,6,1.3107638888888888
0022400139,33,1.0948152400967521,3,11,1.206896551724138
0022400140,42,0.3820775198645452,14,11,0.8322981366459627
0022400141,36,0.24493796745555038,8,19,1.1607142857142856
0022400142,37,0.4644660407172875,3,1,0.5555555555555556
0022400143,41,1.848537911519755,5,5,1.371764705882353
0022400144,48,1.2705045024845723,10,24,0.5319148936170213
0022400145,32,0.8301267683196811,0,0,0.710204081632653
0022400146,30,0.45369217783830207,2,3,1.0102040816326532
0022400147,37,0.34088064400530965,1,3,1.1524038461538462
0022400148,42,0.27987546262145946,0,7,0.7567567567567568
0022400149,27,0.3554786234480761,9,11,1.2331914893617022
0022400150,36,0.917487965389906,8,7,1.0433467741935485
0022400151,43,1.0424895887450496,1,6,1.1657142857142857
0022400152,27,0.6047579099237002,5,8,0.3392307692307692
0022400153,41,0.2245083454409465,3,4,1.285024154589372
0022400154,29,0.6786981688318849,1,2,1.6683333333333334
0022400155,41,0.4019920260166368,3,12,0.7480245829675154
0022400156,37,1.275008810365563,9,5,1.5161637931034484
0022400157,26,0.1664617307233913,2,4,0.4040816326530612
0022400158,32,0.9759093268202683,2,5,0.6724137931034483
0022400159,37,1.5508220827660553,13,15,0.3384615384615385
0022400160,39,1.4690284446151844,5,5,1.3446969696969697
0022400161,34,1.0180189045273114,2,4,0.9815695600475624
0022400162,38,0.2201552802991874,2,10,0.9420289855072463
0022400163,34,0.2341443763647001,6,11,0.7056451612903226
0022400164,31,0.6569801784085382,5,8,2.7259615384615388
0022400165,32,0.9964484215974905,2,5,0.3714285714285714
0022400166,44,1.720132219904351,8,20,0.8531135531135532
0022400167,34,1.4725734484135973,8,8,0.7241379310344828
0022400168,36,0.9303608266319672,4,2,1.2931034482758619
0022400169,30,1.3230296191943811,2,7,0.41426611796982166
0022400170,41,1.1493059771673766,5,0,0.6345238095238096
0022400171,31,1.7855024898714587,5,7,1.9607843137254901
0022400172,35,1.6630502297398533,1,3,2.1290322580645165
0022400173,25,0.14543682095269272,1,0,0.9391304347826087
0022400174,32,0.4858807503790153,2,2,1.1800766283524904
0022400175,33,0.7089174853773701,9,15,1.3990147783251232
0022400176,33,0.242368863604014,3,2,0.7264367816091953
0022400177,46,1.5074755004733864,6,10,0.6959302325581396
0022400178,29,1.1876905137936962,1,2,1.2956521739130435
0022400179,37,0.7453169608918393,7,0,0.8883333333333334
0022400180,34,0.9985370765393233,10,17,0.6775862068965518
0022400181,33,0.9446266055371886,3,1,0.8452380952380952
0022400182,34,0.5792826543694585,2,12,1.0555555555555556
0022400183,27,0.504000882406427,1,4,0.9042386185243327
0022400184,27,0.8516181850384235,1,2,0.44480000000000003
0022400185,35,1.381911871304154,3,8,0.7007575757575757
0022400186,30,0.4341347845194473,2,4,1.150326797385621
0022400187,31,1.075103971680515,3,2,0.6590909090909091
0022400188,33,0.10749087279761627,9,14,0.32172131147540983
0022400189,33,0.23783351085571702,3,4,0.4934426229508197
0022400190,34,1.4642069601322105,2,4,0.9357142857142858
0022400191,42,0.2666799029403085,6,2,0.8217592592592593
0022400192,36,0.2058943374165778,10,4,1.291363163371488
0022400193,33,0.12914977831894692,3,10,1.1851851851851851
0022400194,29,0.332362919070863,5,6,1.2867924528301888
0022400195,29,0.32510560601010907,3,9,0.38544474393531
0022400196,36,0.9043660352461264,0,1,1.0310344827586209
0022400197,42,2.269613019780047,6,16,1.2029887920298878
0022400198,35,0.8094908298292651,3,7,0.7804370447450573
0022400199,31,0.9394777243588494,3,1,0.3745632424877708
0022400200,40,0.8437033896520665,6,11,0.7759412304866851
0022400201,37,1.4092636039700703,1,0,1.5380952380952382
0022400202,32,1.0200887536342813,2,5,1.2280701754385963
0022400203,39,1.430086197465837,5,1,2.125
0022400204,41,0.34597300862315394,3,0,0.9242424242424242
0022400205,30,1.0916806938933565,0,3,1.56884765625
0022400206,36,1.759479175399598,2,9,0.748051948051948
0022400207,39,0.7135232891263903,5,2,1.334617236398652
0022400208,32,1.08627649803732,2,7,0.5017543859649123
0022400209,31,1.3000937848676557,1,5,1.1279296875
0022400210,33,0.20193433772603137,5,8,0.4994797086368366
0022400211,37,0.7305714234659199,7,5,0.49872122762148335
0022400212,30,0.9593333342973888,4,8,1.3846153846153848
0022400213,32,0.29186387841458694,0,12,0.8713450292397661
0022400214,28,0.9246855409305218,0,7,0.6541176470588236
0022400215,39,1.0805402639153536,5,6,1.1593503072870939
0022400216,21,0.5150830070854248,5,1,0.8367071524966262
0022400217,34,1.154826813799224,0,3,1.152542372881356
0022400218,35,0.4847827358943234,3,6,0.7683284457478006
0022400219,30,1.5257419831950578,2,10,0.7755102040816326
0022400220,26,0.7830364164773675,0,6,1.1515151515151516
0022400221,27,0.29367246845920153,5,0,1.0909090909090908
0022400222,31,0.8228686741687686,1,1,0.5272727272727272
0022400223,28,0.9748192526123198,8,12,0.17966101694915254
0022400224,36,0.6551115052480819,6,16,1.1591397849462364
0022400225,45,1.3141793777694704,1,1,0.9610636277302943
0022400226,35,0.8910633682678248,3,1,1.0661025912215758
0022400227,30,0.6250875419735924,10,9,1.0935143288084463
0022400228,34,1.0969388114542582,0,1,0.7444444444444444
0022400229,33,1.49300478911428,3,10,0.770320197044335
0022400230,34,0.986277120310563,2,3,1.1183908045977011
0022400231,30,0.9322828787055706,4,4,1.6521739130434783
0022400232,35,0.37705720590174896,1,12,0.7762096774193549
0022400233,47,1.609417391967562,9,17,0.6861261261261261
0022400234,30,1.0021330996225122,6,11,0.603448275862069
0022400235,28,1.0045409880641083,2,1,0.8687943262411347
0022400236,36,0.36359964063411854,10,15,0.5927884615384615
0022400237,33,0.3592684105268013,3,1,0.6267392619479734
0022400238,27,0.40674073812706835,3,2,1.1671497584541064
0022400239,36,2.0794070624174212,0,6,1.651190476190476
0022400240,39,0.6339750771502769,1,11,1.3872767857142858
0022400241,39,0.43446459544134797,3,9,1.3594405594405596
0022400242,45,1.5242545771003537,5,11,0.5896531452087007
0022400243,21,0.12939369477186957,1,1,0.9871794871794872
0022400244,34,0.8884989945710887,2,5,0.44614543466375073
0022400245,28,0.5296760347792182,4,11,0.31069958847736623
0022400246,29,0.08686151198999548,5,3,0.6334841628959276
0022400247,39,0.8443745319592275,3,8,0.7373737373737375
0022400248,29,0.8252628269524048,3,6,0.3532182103610675
0022400249,37,0.7172842979718539,1,1,0.5914522058823529
0022400250,31,1.1089735602988637,1,2,0.8007518796992481
0022400251,24,0.7699065503331683,0,1,0.425531914893617
0022400252,27,0.17209396335137417,5,8,1.251109139307897
0022400253,32,0.7503867859570494,8,24,1.1046171829339568
0022400254,42,0.5835529803861433,4,7,0.6705118961788031
0022400255,34,0.7350888218663532,0,8,0.4410364886303543
0022400256,34,0.698354944394074,4,5,1.0589543937708565
0022400257,29,0.422177797076406,3,4,1.1256354393609296
0022400258,32,0.16300041285437827,0,6,0.624384236453202
0022400259,34,0.7523900258689421,2,3,0.45866935483870963
0022400260,33,0.9201057847588798,3,7,1.3722689075630252
0022400261,47,1.631964517550561,1,6,1.4033395176252321
0022400262,44,1.5673008877205445,10,19,1.0799200799200799
0022400263,37,1.408432874413708,7,5,1.0705492424242424
0022400264,32,0.8459639831637187,4,7,0.31827956989247314
0022400265,36,0.36212154613643743,0,0,1.0328042328042328
0022400266,32,0.6543979554166454,4,1,1.259259259259259
0022400267,41,1.8832152060250449,7,10,0.6803542673107891
0022400268,37,0.6291319442577861,1,6,1.9642857142857142
0022400269,35,1.0203417029343835,3,6,0.9644614543466375
0022400270,32,0.49675339043051914,0,5,1.4807692307692308
0022400271,36,0.6431495791941382,2,6,1.6244314489928524
0022400272,34,0.6008913273662527,0,2,0.5146853146853146
0022400273,39,1.8263771003993874,5,3,0.5628654970760234
0022400274,35,0.30130366829757554,5,1,1.1422527763088313
0022400275,38,0.23188505320387032,4,20,0.49255533199195173
0022400276,39,0.933899354059529,3,7,0.4797441364605543
0022400277,35,0.8577199120845311,5,1,1.5714285714285714
0022400278,40,1.3386587527879183,8,21,1.2541062801932366
0022400279,27,0.831495047675181,1,3,0.8385416666666666
0022400280,26,0.7386731524146682,2,6,0.9468085106382979
0022400281,23,0.1567720733753829,1,7,0.8126293995859213
0022400282,40,0.4823584258981203,2,6,1.1230769230769233
0022400283,36,0.3596439163815833,8,11,1.0502824858757063
0022400284,37,1.366698542185349,3,14,0.7058823529411765
0022400285,34,0.5866627732698068,0,2,0.7258064516129032
0022400286,26,0.5450424186934788,10,14,1.1494565217391306
0022400287,41,1.1507194174772477,1,3,0.3028118240807498
0022400288,34,0.8168300013644292,2,3,0.5875706214689265
0022400289,38,0.2957666760665938,10,12,0.8597014925373134
0022400290,37,1.133047310841244,3,6,1.4036458333333333
0022400291,34,0.15578401678032197,0,3,1.414043583535109
0022400292,41,0.3456641784608472,5,9,0.44999999999999996
0022400293,35,0.2260000784059315,3,9,0.6895161290322581
0022400294,35,0.7892394530572866,1,12,1.0492610837438425
0022400295,29,0.37372231813674134,1,4,1.5555555555555556
0022400296,27,0.5608131185487435,3,6,0.863095238095238
0022400297,45,1.0137589372737923,1,6,0.5644736842105263
0022400298,29,0.2656626722344519,3,4,0.9078374455732946
0022400299,37,1.2477978976857005,1,5,1.01806640625
0022400300,35,1.3462756001901026,7,8,0.85693359375
0022400301,37,0.37448626189496453,1,4,1.3863095238095238
0022400302,41,0.528672860734744,7,1,0.976723759332455
0022400303,24,0.5012594569699651,4,4,1.1980676328502418
0022400304,32,0.37199362402528635,6,6,1.3658333333333332
0022400305,47,1.1894046446510318,5,2,0.9097744360902255
0022400306,40,0.6355651200380893,2,0,0.7033248081841432
0022400307,38,2.5384377985925397,0,6,2.354208754208754
0022400308,32,0.08061327406778585,4,1,0.45901639344262296
0022400309,36,1.4049133171743924,8,8,0.7106854838709677
0022400310,42,1.6854709503814318,10,14,1.2037037037037035
0022400311,37,1.02986762485367,1,9,0.7509469696969696
0022400312,37,1.1852880309620286,9,11,1.0913978494623655
0022400313,37,1.325150961233203,5,0,0.6350806451612904
0022400314,32,1.597440035047018,2,8,1.488111888111888
0022400315,33,0.8444346503640314,3,3,0.6426900584795321
0022400316,28,0.16797668956253253,6,10,0.8633333333333334
0022400317,32,0.26893539568959346,4,4,0.7345679012345678
0022400318,28,0.323791879534461,2,1,0.6666666666666666
0022400319,32,0.15583305581739637,8,7,0.8840896664844177
0022400320,34,0.6307266687974886,4,1,0.5861126298523783
0022400321,22,0.26114500295869403,6,10,1.0785714285714285
0022400322,36,1.1511687652354372,0,2,0.8382513661202186
0022400323,46,0.8117474706309579,2,14,0.39329268292682923
0022400324,30,0.1548208042648124,0,5,0.3957446808510638
0022400325,30,0.43771549139522037,4,6,1.991111111111111
0022400326,34,0.10911527477127778,4,11,0.7198093220338984
0022400327,32,0.29533586779146015,10,22,0.7231638418079096
0022400328,30,0.1272247954499029,2,3,0.4658197217180883
0022400329,41,1.9095630979411746,3,4,0.43076923076923074
0022400330,38,1.812608356486386,8,3,0.7384615384615385
0022400331,43,0.6544371457006617,9,17,0.8005540166204986
0022400332,35,1.0201902713951674,3,10,0.9032258064516129
0022400333,39,1.0545601133350975,3,12,1.8798665183537264
0022400334,35,1.0901906113156574,3,5,1.3076923076923077
0022400335,32,1.1569368901928667,2,1,1.0260631001371743
0022400336,23,0.6426845318693285,3,0,0.7897793263646922
0022400337,38,0.7293009864994534,2,6,0.5476190476190476
0022400338,23,0.711772679966988,3,4,0.854978354978355
0022400339,36,0.3633252122207334,4,6,0.7380514705882353
0022400340,42,0.42792748708594486,8,7,0.9180672268907561
0022400341,42,1.3485458867689466,2,5,0.9904870624048705
0022400342,41,0.15422968908372867,5,7,0.9514925373134329
0022400343,29,0.8798474747269466,7,8,0.7777777777777777
0022400344,35,0.34083486124846435,7,19,1.5079365079365077
0022400345,40,1.5378708252769755,8,5,0.8457142857142858
0022400346,38,0.8494022722981023,2,2,0.8681640625
0022400347,29,0.5947446011741012,3,2,0.4444444444444445
0022400348,39,1.6622110764733498,7,18,1.049462365591398
0022400349,30,1.383517534516515,2,11,1.0033670033670035
0022400350,41,0.33595062133455644,1,3,0.7311906501095691
0022400351,32,0.9525875379966156,4,8,1.0403439153439153
0022400352,39,1.4465325132249014,5,8,0.6616915422885573
0022400353,42,0.24629777568224698,4,8,0.7465303140978816
0022400354,38,1.211811180192294,4,11,0.7759515570934256
0022400355,35,1.2429361619506112,1,0,1.4089534180278283
0022400356,37,0.9122155958799231,7,10,1.0312004230565837
0022400357,30,0.28601114684639883,4,13,1.0694444444444444
0022400358,35,0.5267621823865695,1,0,1.078087167070218
0022400359,27,1.058668344191258,3,8,1.17487922705314
0022400360,39,0.6114846347240248,9,14,0.5772058823529411
0022400361,34,0.6331457750146945,4,10,0.7093253968253967
0022400362,37,1.1308504258227143,5,4,1.4737723214285714
0022400363,29,0.7102302101346963,5,5,0.6606334841628959
0022400364,40,1.2035226467641325,8,18,0.59846547314578
0022400365,41,0.1695279282015263,1,6,0.6624175824175824
0022400366,31,0.2120229135376661,3,9,0.543859649122807
0022400367,22,0.23074840680785266,4,2,0.1683884297520661
0022400368,31,0.9116927206428191,5,12,0.826397146254459
0022400369,41,0.8506232888183708,1,2,0.9242063492063491
0022400370,33,1.912975356914742,7,2,0.7201704545454546
0022400371,36,1.671943851394321,0,3,1.0692921236291126
0022400372,33,0.8999170552820858,1,8,0.50927734375
0022400373,34,0.29075211773316645,2,3,1.050751879699248
0022400374,23,0.16593146023138639,3,4,2.817813765182186
0022400375,28,0.5496482751143988,2,3,1.3428853754940713
0022400376,34,1.0995750825522737,6,8,0.8007013442431327
0022400377,46,1.13331107106338,2,12,0.9552631578947368
0022400378,32,0.3048973514747367,8,11,0.9655172413793103
0022400379,28,0.521960071659177,4,6,1.4615384615384617
0022400380,32,0.30841816192829996,4,12,1.4872286079182628
0022400381,26,0.29912851657338746,2,3,0.25632653061224486
0022400382,20,0.1319988695031381,6,11,0.43684210526315786
0022400383,38,1.2262287638895573,4,2,1.328502415458937
0022400384,35,0.7221565145432576,1,4,0.9323621227887616
0022400385,31,0.6163909828196877,3,1,0.3204678362573099
0022400386,27,0.32609210858528614,3,9,0.8993055555555556
0022400387,34,1.4287114130124823,2,1,0.7509615384615385
0022400388,33,0.9629229125653531,11,19,0.8915360501567398
0022400389,22,0.42479031524595734,4,9,0.9899749373433584
0022400390,32,1.0651565361383393,4,7,1.0714285714285714
0022400391,30,0.0943556254818204,2,5,0.440422322775264
0022400392,40,0.6363119924400249,6,2,0.7309688581314878
0022400393,36,0.8899685760885077,10,6,0.990950226244344
0022400394,35,1.3297810980414224,3,5,0.7741935483870966
0022400395,29,1.1706477979690548,3,13,1.111111111111111
0022400396,32,0.542056795351689,0,3,0.5139043381535039
0022400397,49,0.2694436379460666,5,8,1.4211426616489906
0022400398,28,0.34064723180819184,2,5,0.3968253968253968
0022400399,41,1.7512028977378886,5,1,1.119327731092437
0022400400,33,0.292736120378307,1,1,1.651948051948052
0022400401,43,0.27442212761786144,3,15,1.257050765511684
0022400402,26,0.437539506722015,2,4,0.6119791666666667
0022400403,28,1.235482803081354,2,10,0.5518518518518519
0022400404,27,0.7888910110127677,11,14,0.7812971342383107
0022400405,28,0.9630565337279735,4,1,0.5354449472096531
0022400406,24,0.8215965116440858,2,2,0.40579710144927533
0022400407,34,1.487263528615406,0,6,0.57568359375
0022400408,27,1.2343890878767305,3,1,1.5760869565217392
0022400409,33,0.7894113449872149,1,8,0.6998359759431383
0022400410,36,1.3735665879279682,2,2,1.205955334987593
0022400411,31,0.8573426249563925,3,4,0.32280701754385965
0022400412,38,1.0701733692710378,4,14,0.8161764705882353
0022400413,35,1.1407957356507548,11,28,0.4266837169650469
0022400414,36,0.27455594649875925,8,9,0.7263814616755794
0022400415,22,0.7868009945898735,4,10,0.38095238095238093
0022400416,30,0.175864621381525,2,5,0.9693877551020409
0022400417,36,1.6385299835341782,4,3,1.002886002886003
0022400418,40,1.0418449840089814,0,1,0.7846153846153847
0022400419,39,0.8957803453342349,3,20,1.2828282828282829
0022400420,37,0.09570528172220882,1,4,2.0419047619047617
0022400421,31,0.606863756053693,9,20,0.6045454545454545
0022400422,32,1.0657571353930688,8,3,0.9327878433664525
0022400423,42,0.5497364645721913,6,6,1.102543720190779
0022400424,36,0.4857781057415002,2,3,0.6912442396313364
0022400425,29,0.5348937293728971,1,0,0.7928994082840237
0022400426,30,0.3253571851612319,0,5,0.971322849213691
0022400427,34,1.510320334999238,4,4,0.48868778280542996
0022400428,30,0.16975750931198505,4,14,0.9371069182389937
0022400429,24,1.1022365605721531,8,10,1.497822931785196
0022400430,32,1.5163058866021424,0,3,1.092857142857143
0022400431,29,1.875516522814155,5,3,1.2539912917271407
0022400432,40,0.4611310199057511,8,12,0.3860708534621578
0022400433,45,2.104002760983078,1,21,1.190625
0022400434,36,1.2542610098553744,2,3,0.8727272727272728
0022400435,38,0.8475806396111084,12,18,0.8375959079283888
0022400436,38,1.492582655295003,6,2,0.8537549407114624
0022400437,38,1.110760721950876,6,8,0.84423828125
0022400438,41,0.35428277938574865,3,8,1.4508723599632691
0022400439,30,0.8583308213853086,6,15,0.6330513988288874
0022400440,33,0.17684347381346432,9,9,1.2833333333333332
0022400441,39,1.7960411611818978,5,9,0.9213186813186813
0022400442,28,1.0098030910419964,4,7,0.49266862170087977
0022400443,38,0.48997217874752946,2,3,0.9024064171122995
0022400444,34,1.5225305324657534,8,13,0.810344827586207
0022400445,34,0.7858583104824594,0,3,0.3711598746081505
0022400446,32,0.340316802854149,10,16,0.9821428571428571
0022400447,43,0.46320556692398196,3,3,0.9424603174603174
0022400448,40,0.7905659432980761,4,10,0.7992973210364515
0022400449,24,0.0622147487840905,8,4,0.7525252525252525
0022400450,38,1.1940112838054289,4,6,0.5872068230277185
0022400451,28,0.33276263622343105,0,1,2.1550094517958414
0022400452,27,0.5579186370826619,5,11,1.1088
0022400453,49,1.2870564427709998,1,8,1.1244979919678715
0022400454,26,0.5278712943213069,4,2,0.6877828054298643
0022400455,34,0.8536870802970816,0,3,1.3863095238095238
0022400456,25,0.5465140689265452,1,2,0.45212765957446804
0022400457,29,0.33854746012557924,1,1,1.1309171597633136
0022400458,35,0.342451143180002,3,8,0.45751633986928103
0022400459,35,0.8960354055341411,3,7,0.627471383975026
0022400460,37,0.5342166146777071,3,8,0.4537313432835821
0022400461,31,0.4482693607151278,1,1,1.1116863905325443
0022400462,34,1.0018054419303843,8,11,1.1736028537455412
0022400463,28,0.29330336416291974,4,5,0.6561085972850679
0022400464,24,0.9149960869453351,6,16,0.6622851365015168
0022400465,39,1.0427681502279684,1,0,0.691358024691358
0022400466,29,0.40048488783531055,1,3,0.9852071005917159
0022400467,36,0.22750058989615995,8,19,0.905273937532002
0022400468,25,0.34993465312093086,1,7,0.6297872340425532
0022400469,34,0.8360463976794793,14,16,2.1083333333333334
0022400470,24,0.22379599104283263,2,4,0.7944664031620553
0022400471,31,0.400141913165645,7,7,0.9803921568627451
0022400472,38,0.8434044427461789,4,5,0.5574866310160427
0022400473,33,0.9880909749069591,1,4,0.6774193548387096
0022400474,35,0.32330385414910906,3,10,0.7764705882352941
0022400475,27,1.082108218207715,1,3,1.3487133984028394
0022400476,42,1.580562847966902,4,13,0.5782638414217361
0022400477,38,0.6727262771515704,4,7,1.10400390625
0022400478,36,0.2939694584753395,4,12,0.9061102831594634
0022400479,37,0.6738593885234803,1,6,1.349875930521092
0022400480,27,0.4560339002464202,3,1,1.021276595744681
0022400481,35,0.2912400680483469,7,14,1.224753694581281
0022400482,32,0.6640210744739669,10,10,1.7780026990553304
0022400483,20,1.6362554792268906,4,4,1.4167852062588906
0022400484,33,1.4881278041983208,5,6,0.47322212467076386
0022400485,32,0.826010009295819,0,1,1.6110304789550072
0022400486,28,0.25672599568114174,4,0,0.7350427350427351
0022400487,32,0.8661835178869641,4,11,0.731578947368421
0022400488,32,0.08352944619449387,0,3,1.5419580419580419
0022400489,29,0.3582479163581642,5,7,0.6742081447963801
0022400490,33,0.6292981013867877,3,5,0.4910714285714286
0022400491,41,1.0780904216806526,3,9,0.9821858449687048
0022400492,34,0.4018900226738525,0,3,1.0909090909090908
0022400493,28,1.0445414979015255,4,17,0.7851239669421487
0022400494,35,0.712323115043916,1,7,1.3300492610837438
0022400495,35,0.43833482361950343,1,12,0.5327868852459017
0022400496,33,0.892813732178167,1,4,1.2067340067340067
0022400497,30,0.15460225314808848,2,6,1.303076923076923
0022400498,25,0.6680275629178669,7,3,1.2348484848484849
0022400499,38,0.905153861401697,4,20,1.6941176470588235
0022400500,34,1.4585227089068975,4,8,1.2545454545454544
0022400501,31,0.9706393148508239,1,3,0.9674688057040998
0022400502,38,1.0855264735361896,6,10,1.116024973985432
0022400503,31,0.4266017759571887,1,3,0.4433497536945813
0022400504,27,0.4584024569930564,5,10,1.7234848484848484
0022400505,34,0.5941573399309301,2,4,0.6316598360655737
0022400506,35,1.6077134196649456,9,10,1.5006172839506173
0022400507,29,0.6881638222452692,5,5,0.7443438914027151
0022400508,24,0.8132205370548683,6,12,0.266304347826087
0022400509,42,1.7144265215672434,4,10,0.623859649122807
0022400510,40,0.21464925415143,4,5,0.8095238095238094
0022400511,27,0.17427554483096808,1,5,0.7443438914027151
0022400512,29,0.6849823174094509,3,10,0.6184615384615384
0022400513,30,0.4829190920212849,6,9,0.5061576354679803
0022400514,29,0.19293133864175285,1,2,1.2814625850340136
0022400515,38,0.33321609330047997,8,23,0.5794556628621598
0022400516,30,0.3980011656800865,2,0,0.5178571428571428
0022400517,28,0.5934953616930712,6,11,0.9718934911242604
0022400518,35,0.9423308162821746,1,0,1.3644470868014267
0022400519,40,0.6165625749415325,4,11,1.0292803970223325
0022400520,49,1.5341387570520846,5,11,0.8933635847986388
0022400521,38,1.8608979965060513,6,10,0.8302200083022
0022400522,33,0.8280292581868494,5,2,1.3789682539682537
0022400523,25,0.882010339004082,1,2,0.1458937198067633
0022400524,28,0.872321506209131,4,5,0.35769230769230764
0022400525,28,0.4009311716921964,6,6,0.7707390648567121
0022400526,37,1.6222041900609385,1,3,1.4193548387096773
0022400527,38,1.022560369375069,10,7,0.6721082089552239
0022400528,29,0.6904116925527541,5,13,1.0057142857142856
0022400529,34,0.21494193004573672,6,5,0.8552295918367347
0022400530,24,0.18634463053621764,2,1,0.6561264822134387
0022400531,38,0.5382891180039575,8,13,1.2595533498759306
0022400532,35,1.0240998104724903,1,4,0.9096774193548387
0022400533,33,0.35391594100317536,1,1,0.4297430289775834
0022400534,41,0.9291379958367904,1,6,1.0362473347547976
0022400535,34,1.4627267843183183,4,0,0.6572280178837556
0022400536,27,0.3655437608374049,1,3,1.095
0022400537,26,0.21986364651012147,8,10,0.6375000000000001
0022400538,29,0.13218826010045548,7,14,1.1461538461538463
0022400539,33,0.40537414988323817,5,7,0.9180327868852459
0022400540,38,1.1494061006793692,2,5,1.1612903225806452
0022400541,32,1.2795852536852341,4,1,1.2332683560753737
0022400542,37,1.135886664010199,1,3,0.86875
0022400543,36,0.9594613714860293,4,0,0.8683712121212122
0022400544,43,2.0857638908705485,1,5,1.0516934046345812
0022400545,41,0.10199614302047931,1,2,1.1596244131455398
0022400546,40,1.533956377505367,8,9,0.4798534798534799
0022400547,35,1.3650374381488048,3,2,0.9401664932362123
0022400548,32,0.4925991448008213,4,16,1.1264367816091954
0022400549,37,1.3256392737229992,1,11,0.7720588235294117
0022400550,28,0.8281142678228438,6,7,0.12588652482269502
0022400551,38,1.269001778110819,8,10,2.383354350567465
0022400552,31,0.7423714035820629,1,4,0.9346405228758171
0022400553,22,0.46926928004475643,4,8,0.33826638477801263
0022400554,35,0.7646167456384187,1,9,0.7509254362771021
0022400555,31,0.2347939360154109,9,2,1.0595065312046446
0022400556,38,1.006082660938117,4,1,0.7014925373134329
0022400557,32,0.9114875505198943,6,14,1.078817733990148
0022400558,35,0.3792795259363745,7,0,0.7017543859649122
0022400559,36,0.22731269898470854,2,0,1.4545454545454544
0022400560,35,0.862164546883106,3,6,0.802734375
0022400561,29,0.7915285774087174,5,5,1.98
0022400562,32,0.676195322791797,4,3,0.6989247311827956
0022400563,29,0.6701798915087502,1,12,0.8306878306878307
0022400564,40,0.2108554660140768,8,14,0.8168168168168168
0022400565,41,2.3284084575734108,7,8,1.3238146551724137
0022400566,36,1.702200729342642,2,1,1.553001277139208
0022400567,34,0.9391786761525381,4,10,0.7499999999999999
0022400568,35,0.4424889012561123,3,4,0.7222222222222221
0022400569,28,0.9293986976482752,4,3,1.6899999999999997
0022400570,24,0.6243170383857228,0,1,0.13799621928166353
0022400571,31,0.260946718825087,1,7,0.8214285714285715
0022400572,35,0.5331675217812192,3,0,1.5320987654320988
0022400573,43,0.19817889968043323,1,4,1.203585147247119
0022400574,29,0.19368281914470054,11,10,0.6750524109014675
0022400575,30,0.18663491579440297,4,14,0.5753968253968254
0022400576,31,2.297349995219211,1,2,0.8942139099941555
0022400577,41,0.35871433706281686,3,9,0.9279204639602321
0022400578,27,0.842749225393454,1,2,1.3043478260869565
0022400579,25,0.41731402184829025,5,5,0.6597222222222223
0022400580,45,0.2710387890876763,9,17,0.5292682926829269
0022400581,42,0.35667576790034095,2,1,1.0257856567284447
0022400582,32,0.644342325489845,6,7,0.6495297805642632
0022400583,31,1.3185242263225894,7,10,0.5210727969348659
0022400584,30,1.8846261173041805,4,6,0.7162734422262552
0022400585,23,0.7351193325606141,1,5,0.9825783972125436
0022400586,49,1.6914861986176704,3,4,0.7267184035476718
0022400587,29,1.35227423430204,1,2,1.45705329153605
0022400588,36,0.6720147494703247,4,1,0.7554630593132154
0022400589,37,0.9312385758458923,3,1,1.177734375
0022400590,36,0.6672847068392497,2,6,1.5641646489104115
0022400591,37,0.5312306180399963,3,4,0.7775142314990513
0022400592,20,0.20276997762873628,2,6,0.6230769230769232
0022400593,33,0.6667342350554816,5,16,1.5689131754705528
0022400594,40,0.598093254292062,8,8,1.1605113636363638
0022400595,28,0.0845855259318763,6,6,1.2120754716981132
0022400596,26,0.24325559812926867,2,5,0.6864
0022400597,37,0.9588525718845128,1,1,0.6202321724709784
0022400598,34,0.20347204291893095,2,8,0.7470703125
0022400599,30,1.0530570424354349,2,7,1.1574746008708274
0022400600,27,0.6323986776736122,5,1,0.3795918367346939
0022400601,44,1.6698168416359171,0,7,0.9624060150375939
0022400602,37,0.9213074382156651,1,1,0.8577712609970675
0022400603,35,0.2908721984905802,1,10,1.0634920634920635
0022400604,18,0.18680151761582303,2,3,0.8502673796791443
0022400605,37,1.2376417623180225,3,1,0.9444444444444444
0022400606,33,0.9073907441047636,3,11,1.544055944055944
0022400607,25,0.5216998419812323,1,11,1.7343915343915344
0022400608,38,0.5859895647180224,2,9,0.4093816631130064
0022400609,28,0.2437672687660153,12,17,1.08
0022400610,28,0.1923889375483958,6,5,0.4861111111111111
0022400611,35,0.8833504645576126,5,9,1.2838669950738915
0022400612,29,0.36777676156287126,5,7,0.8276353276353277
0022400613,22,0.2722608306043413,2,1,0.8693181818181819
0022400614,37,1.5086925077888675,3,15,0.7903846153846155
0022400615,34,1.211113521851193,2,2,0.6509433962264151
0022400616,43,0.1618821698162035,13,18,1.0212244897959184
0022400617,26,0.6433111965954278,2,8,0.48319999999999996
0022400618,37,0.4652294996751202,5,0,1.163369135104579
0022400619,37,1.778404053172013,9,18,1.0267857142857142
0022400620,30,0.9261863090679749,10,8,0.6352459016393442
0022400621,22,0.3718890321248102,4,6,0.6300366300366301
0022400622,35,0.5925060215262227,7,12,1.0525720746184286
0022400623,44,2.209468942148163,6,6,1.7995535714285715
0022400624,31,0.5001607008267486,5,1,0.9667294413057125
0022400625,44,1.4300769872585226,6,14,0.9148148148148149
0022400626,33,0.31724413502114124,7,12,0.6680327868852459
0022400627,27,0.6453928220589413,3,0,1.162962962962963
0022400628,34,0.5278196625405165,4,13,0.955579058699101
0022400629,30,0.4146959046526102,2,2,0.9949164851125635
0022400630,47,1.67050864999143,7,11,1.423444976076555
0022400631,32,1.535652601367897,6,8,0.9782214156079855
0022400632,28,0.5792748888677726,10,24,1.59375
0022400633,36,0.5366729720310782,4,10,0.7282051282051283
0022400634,26,0.3603563461223006,2,2,0.976449275362319
0022400635,43,0.5025348427379434,5,9,1.0294728102947281
0022400636,40,0.6597190981482112,2,2,0.5796568627450981
0022400637,33,0.26339652764548555,1,1,0.8690476190476191
0022400638,43,1.0560940897092093,1,11,0.9851106639839035
0022400639,38,0.787673796566707,2,0,0.9935064935064934
0022400640,51,2.02979889305878,7,19,1.3773148148148149
0022400641,29,0.5325521264851497,7,7,0.10971348707197764
0022400642,31,0.9791260919873472,1,3,1.1610389610389609
0022400643,36,0.1991422307339703,6,18,0.5916083916083916
0022400644,26,0.5758874694533332,0,1,0.7102272727272727
0022400645,26,0.2372344956472744,6,19,0.9673202614379084
0022400646,43,1.319779748818045,3,6,1.0899786780383796
0022400647,42,0.42348077053127225,6,1,0.8676470588235294
0022400648,34,0.5924685631779512,0,5,0.5166757791142701
0022400649,28,0.2273926777986488,2,12,1.4795918367346939
0022400650,38,1.7362072477896109,4,1,1.4589285714285714
0022400651,39,0.9461035897286065,5,13,0.48128342245989303
0022400652,34,0.8084808891184453,4,4,0.991003787878788
0022400653,30,0.4054818826521621,0,1,0.660617059891107
0022400654,38,0.7349853667008461,8,7,0.6141868512110727
0022400655,22,0.4528333443288005,2,2,1.0925925925925926
0022400656,31,0.4203772759279014,3,11,1.5056980056980056
0022400657,32,0.025080790768724825,4,0,1.7150000000000003
0022400658,37,0.3352862381139249,1,4,0.7595628415300546
0022400659,26,1.1770625186573236,4,9,1.9250000000000003
0022400660,37,0.5504214830712937,1,2,0.7239583333333334
0022400661,46,0.7199051227817109,2,7,1.078857142857143
0022400662,37,0.8100546660475797,3,10,0.7643600180913614
0022400663,35,0.4685954413766916,1,5,2.4203636363636365
0022400664,37,0.5665627083510134,1,5,0.5392354124748492
0022400665,39,0.21536635170652066,9,14,0.8125
0022400666,31,0.14670341451391544,7,15,1.259259259259259
0022400667,20,0.2742336875720955,10,9,0.9122807017543859
0022400668,33,0.7666031333889602,1,5,0.571264367816092
0022400669,34,1.0950246195297186,2,4,1.0356718192627825
0022400670,30,1.0056256984070004,0,5,1.68
0022400671,39,1.1583494280565516,5,2,1.0615384615384615
0022400672,39,1.0143392706852163,5,7,1.0670955882352942
0022400673,38,1.012301271456937,0,3,0.742540494458653
0022400674,40,0.14155045972398736,4,11,1.1506849315068493
0022400675,37,0.20953692893006914,1,7,1.125205030071077
0022400676,37,1.520103654581278,5,8,1.8852459016393441
0022400677,32,0.18493433760612926,0,0,1.099624060150376
0022400678,39,0.5925327917830052,5,11,0.6020761245674742
0022400679,32,0.6211373965968743,0,4,0.7241379310344829
0022400680,28,0.762848611239873,0,5,1.9778346121057118
0022400681,32,1.5400234855868649,0,2,0.4675324675324675
0022400682,29,0.41784471080116514,3,10,1.8141517476555842
0022400683,32,0.972517842263321,8,7,1.4166666666666665
0022400684,37,0.7864901448336278,3,1,1.2253024193548387
0022400685,37,0.47661182839507815,3,9,1.1666666666666665
0022400686,47,1.8156112854809257,1,7,0.753012048192771
0022400687,45,0.772270521472467,1,11,0.811965811965812
0022400688,29,1.1505753108906016,3,3,1.1245283018867924
0022400689,34,0.5862180160840798,4,6,0.7797619047619048
0022400690,33,1.6633783360317504,5,1,0.20684523809523808
0022400691,27,0.1643595733442783,9,10,0.5882352941176471
0022400692,33,0.9840909379826811,5,1,0.43333333333333335
0022400693,31,1.1339580767486268,3,4,0.6282485875706215
0022400694,38,0.5502010254845229,2,5,1.2316715542521994
0022400695,27,0.6459108737525936,7,8,0.4731494920174165
0022400696,28,0.0518503445954952,6,1,1.3046875
0022400697,31,0.6941433974007434,3,5,0.880503144654088
0022400698,35,0.7231693859235369,5,12,0.5582386363636365
0022400699,33,1.180704334354598,5,3,0.4018589393110989
0022400700,35,0.7557957615136581,3,5,0.6576492537313432
0022400701,49,1.8768521215085856,1,2,0.9885696632684585
0022400702,39,1.7948706493611535,9,15,0.6023809523809524
0022400703,35,0.39120473514063814,1,0,0.5967365967365968
0022400704,30,1.9203510127272714,2,4,1.2454545454545456
0022400705,26,0.0792779243949786,4,13,2.477203647416413
0022400706,36,0.23532321203706474,4,4,1.116614420062696
0022400707,34,1.399262914819169,6,10,0.69375
0022400708,39,0.8941836066451814,11,24,0.6526530612244898
0022400709,32,1.4560335425342124,2,1,1.7767195767195767
0022400710,40,1.0654099994003192,4,8,0.8140016570008285
0022400711,39,1.6585459699368768,7,11,0.9296875
0022400712,37,1.2279699784211904,3,12,1.091485986250661
0022400713,32,0.5224718057571497,6,4,0.7730407523510973
0022400714,33,1.099051801656617,3,4,1.7435897435897434
0022400715,29,0.2916915202922069,5,3,0.5690737833594977
0022400716,29,0.5487926408982949,3,4,1.021276595744681
0022400717,30,0.24948669992522904,2,7,2.630952380952381
0022400718,40,1.4735022333213743,2,6,1.053030303030303
0022400719,31,1.1572310350215778,3,2,0.7051282051282052
0022400720,39,0.7415476393775006,1,8,0.8408203124999999
0022400721,27,0.6418014306392029,3,1,0.8928571428571428
0022400722,46,0.6675475470828569,10,19,1.2022556390977444
0022400723,36,0.73097922474809,6,7,0.6218905472636815
0022400724,39,0.3157768314671441,7,6,0.9147121535181236
0022400725,45,2.1895045466896774,3,0,1.8783783783783783
0022400726,30,0.3694246148011805,10,11,0.4441846873173582
0022400727,36,0.5641425938509057,12,13,0.75
0022400728,28,0.5605413944474923,2,3,0.3773584905660377
0022400729,37,1.414151306777228,5,5,1.4116379310344827
0022400730,36,0.2522120808227237,6,9,0.5529953917050691
0022400731,43,0.6437639868888346,5,15,1.1016806722689074
0022400732,33,1.0385891276879666,1,4,0.5901639344262296
0022400733,29,1.0405394341304557,3,6,1.2133526850507983
0022400734,35,1.3950175200372072,9,18,0.6078629032258065
0022400735,36,0.6192114210649227,4,1,0.7460317460317459
0022400736,29,0.8003811455102672,3,8,0.8061224489795918
0022400737,31,0.723051555556687,5,5,0.9546703296703297
0022400738,38,0.2946997773954291,0,6,1.3288690476190477
0022400739,37,0.2768486950861617,9,13,1.681609195402299
0022400740,28,1.3599176186435173,4,1,1.050314465408805
0022400741,38,0.7132729530029853,4,11,1.2537313432835822
0022400742,41,0.6554265921825959,1,9,1.2529560810810811
0022400743,30,0.8822020172838204,4,0,1.2307692307692308
0022400744,35,0.48514453428306004,3,4,1.4160919540229884
0022400745,41,0.8106268794244073,3,4,0.8962962962962963
0022400746,44,0.43777216589631396,8,18,1.0612833453496755
0022400747,39,0.9487388698981634,5,6,1.4129032258064516
0022400748,34,0.45578597242728036,6,5,1.0317460317460316
0022400749,27,0.3826669944135011,3,3,0.9199999999999999
0022400750,45,1.0184475190994702,3,8,1.307017543859649
0022400751,34,0.9038943495051686,2,3,0.7135046473482778
0022400752,38,0.3523922074630259,4,6,0.7625
0022400753,39,0.932484590413756,3,11,0.6016290262865606
0022400754,35,0.654926014939636,3,1,0.9140625
0022400755,42,0.32496425925266004,4,10,1.1159259259259258
0022400756,33,1.222206844418562,3,4,0.5472936030617824
0022400757,38,0.8713502727819246,6,10,0.717948717948718
0022400758,31,0.27863289181275097,11,14,0.3773584905660377
0022400759,19,0.2826612749822317,1,5,1.25
0022400760,46,1.1460973504267933,0,4,0.8140214216163583
0022400761,31,0.06797159606995962,9,12,0.7389162561576355
0022400762,30,1.5906462818434377,4,11,1.0491803278688525
0022400763,39,0.32408376663744964,1,4,0.5203442879499218
0022400764,36,1.4651071386384982,4,1,0.5974025974025974
0022400765,38,0.9189307276443753,6,2,0.637953091684435
0022400766,27,0.12031449382312753,7,6,1.3206521739130437
0022400767,37,0.7526230446539081,5,5,0.9828629032258064
0022400768,35,0.09015894798169888,7,9,0.6368772470467386
0022400769,25,0.16520132048900482,5,9,0.8244680851063829
0022400770,24,0.353494242117226,0,5,0.5449275362318841
0022400771,31,1.716170528954059,1,2,1.7604519774011298
0022400772,31,0.6883395654538396,1,7,0.9433962264150944
0022400773,43,1.1903658863319018,5,2,0.8416389811738648
0022400774,29,0.07748002155718685,3,1,0.5125661375661376
0022400775,45,0.8832305780922255,7,4,0.9750519750519749
0022400776,25,1.500150457304609,1,1,0.43617021276595747
0022400777,38,0.8038336703186482,6,11,1.721311475409836
0022400778,31,0.6304530861416794,1,5,0.9325396825396824
0022400779,33,0.7980380509945915,3,13,0.6955645161290323
0022400780,36,0.20662554642326203,0,5,0.751008064516129
0022400781,40,0.7396259381655875,2,3,1.321875
0022400782,30,1.309410986665499,0,4,0.8950617283950616
0022400783,33,0.5351286015928985,5,7,1.1421957671957672
0022400784,36,0.8862875833269721,2,9,0.637953091684435
0022400785,35,2.420878890238557,3,16,0.9148185483870969
0022400786,28,0.9956799500327835,2,10,0.6111111111111112
0022400787,33,0.7770786952550623,1,2,0.6184649610678532
0022400788,37,0.715497539137815,1,0,0.7665441176470589
0022400789,32,0.31798414204485026,0,2,1.1865079365079365
0022400790,46,1.3073372164972543,2,11,1.128390596745027
0022400791,38,0.5944452304359606,2,8,0.5450450450450451
0022400792,22,0.5612461281908301,2,2,1.2136363636363636
0022400793,43,1.7479501371976358,7,8,0.7912912912912913
0022400794,33,0.3149387176606666,5,1,1.032567049808429
0022400795,37,0.9775037312839379,1,2,0.8823529411764706
0022400796,35,0.7913067299199056,5,4,1.3027322404371586
0022400797,24,0.14054980310915755,2,3,0.7291666666666666
0022400798,43,1.449765996710745,5,6,1.2124060150375942
0022400799,41,0.8754315045438041,1,1,0.7275326797385621
0022400800,33,1.5661062297714752,5,6,0.7547511312217194
0022400801,41,1.2834043421588135,3,5,0.8344118766653978
0022400802,34,0.5702415662783873,0,0,1.3742227247032222
0022400803,38,0.6975790516815528,4,2,0.8921568627450981
0022400804,32,0.1494650197466032,6,2,1.280701754385965
0022400805,32,0.5740365482821221,4,6,0.4538375973303671
0022400806,31,1.4681204201215603,9,11,0.7487684729064039
0022400807,32,1.0434649556388012,2,6,0.49629629629629624
0022400808,37,0.7696828124344839,3,5,2.046875
0022400809,31,0.7401303656972418,1,9,1.309090909090909
0022400810,40,0.15830185607065983,0,6,0.822857142857143
0022400811,27,0.3800886590748034,1,0,0.49
0022400812,36,0.31623527795907524,4,3,0.6581439393939394
0022400813,42,0.5338355494648395,6,7,0.7298245614035088
0022400814,41,1.6170103774802107,1,11,1.3963963963963966
0022400815,40,0.39595433550820547,0,0,1.6175548589341693
0022400816,36,0.8761767335117001,2,7,0.36103896103896105
0022400817,37,1.1414952557080245,3,4,1.0915254237288137
0022400818,36,0.8847213365813169,0,1,0.8970814132104454
0022400819,47,1.1107011979658425,1,5,0.8071875000000001
0022400820,40,1.1170240339922053,2,9,0.8550124275062136
0022400821,41,0.9592306624556303,7,17,0.8695652173913043
0022400822,32,0.5561714827094908,8,13,1.087372448979592
0022400823,41,0.3748238132678912,3,7,1.8253968253968251
0022400824,44,1.3332676595995896,2,1,1.4734299516908214
0022400825,29,0.7588749080409496,13,15,1.88628762541806
0022400826,41,0.4909118222984964,5,5,0.8182601205857019
0022400827,32,1.062883763506782,2,5,0.47213114754098356
0022400828,33,0.20338572005525268,3,6,1.0716238381629306
0022400829,30,0.30955108875359155,2,8,0.6187363834422658
0022400830,26,0.12433586922977237,2,2,1.2322695035460993
0022400831,28,1.2332351496471607,4,5,0.46296296296296297
0022400832,40,2.1463099565707537,2,4,0.7792397660818713
0022400833,34,1.1372957040697682,4,8,0.8983333333333332
0022400834,32,0.11358112271012755,4,1,0.5263157894736842
0022400835,25,0.528173532953345,3,11,0.8034782608695652
0022400836,28,0.5468541393242456,4,2,1.6033333333333333
0022400837,25,0.2576459630561858,1,0,1.2765957446808511
0022400838,32,0.5744627358868108,4,9,1.0897740784780023
0022400839,50,1.1593667673754526,2,2,1.331508723913787
0022400840,45,1.1632491848242226,3,4,0.7460526315789474
0022400841,27,0.6893673420489708,3,3,1.09375
0022400842,24,0.7039723286734847,2,6,0.9207459207459208
0022400843,25,0.3345687456466415,1,5,0.5550416281221092
0022400844,27,0.11110833713141044,1,7,0.5920060331825038
0022400845,41,1.315233653083918,5,15,1.2672811059907834
0022400846,28,0.81133313300501,6,17,1.4583333333333335
0022400847,24,0.4489660684265222,6,3,0.45085066162570886
0022400848,24,0.864074060078605,0,2,1.75
0022400849,46,0.7754594862086743,10,19,1.091772151898734
0022400850,38,0.5305844162690355,4,9,0.7428571428571429
0022400851,28,0.1993316595097566,8,11,0.5555555555555556
0022400852,28,0.7353322623574472,2,2,0.5128205128205129
0022400853,40,0.4884678230279527,0,0,0.9914066033469018
0022400854,22,0.9515411232669301,0,5,1.0104529616724738
0022400855,33,1.564589357974788,1,1,0.33475479744136455
0022400856,31,1.5485479034394216,1,6,0.6700622524052066
0022400857,25,0.13982792236478547,3,2,0.8111111111111111
0022400858,25,1.1988003765747277,1,0,0.548611111111111
0022400859,32,0.845104385367554,4,1,1.376518218623482
0022400860,21,0.47974204411744903,7,12,1.6885964912280702
0022400861,46,0.2909263933795677,4,6,1.398857142857143
0022400862,31,0.9480018939936136,1,2,0.468013468013468
0022400863,33,1.3176415920805322,1,1,0.5404547858276045
0022400864,33,1.3952892210111156,1,9,0.8161290322580645
0022400865,39,0.6096994868509059,5,10,1.1442307692307694
0022400866,35,0.6447037631536577,1,14,0.9559139784946237
0022400867,41,2.006084277112906,1,2,0.8723471650300919
0022400868,27,0.5399168619561983,1,0,1.394927536231884
0022400869,26,0.7466845219600232,2,6,1.2833333333333334
0022400870,54,1.34970849799669,6,12,0.5571928071928072
0022400871,31,0.5451766605759895,1,4,0.8368226600985222
0022400872,28,0.8706247704572955,0,4,0.7536
0022400873,28,0.6426507104352551,2,2,1.161764705882353
0022400874,36,0.5902628424832073,6,3,1.2498633132859487
0022400875,41,0.4566759034147978,5,9,1.2529411764705882
0022400876,26,0.5182746852606078,2,6,0.8279773156899811
0022400877,36,0.22923173501581973,2,4,1.064516129032258
0022400878,38,0.8953019006816268,8,9,1.6713362068965518
0022400879,34,0.46095988410620947,0,9,0.3775853775853775
0022400880,26,0.3475785356377637,4,13,1.1739130434782608
0022400881,44,0.2500753610863219,2,4,1.157037037037037
0022400882,28,0.5489245794020969,6,17,0.46410515672396363
0022400883,46,1.9006126891087087,0,13,0.7807692307692308
0022400884,32,1.5377577046761397,8,6,0.4887295081967213
0022400885,30,0.8097342264740248,4,4,1.226923076923077
0022400886,34,0.8008823452071714,8,16,1.2419354838709677
0022400887,34,0.48195944461215445,4,11,1.789124668435013
0022400888,31,0.4154825302063954,1,11,1.2269230769230768
0022400889,41,1.376680306656645,1,0,0.8148148148148148
0022400890,29,0.235916570433352,5,7,1.060096153846154
0022400891,28,0.26692499639994427,4,0,0.3485576923076923
0022400892,34,0.26576046539340864,0,4,0.9468147282291058
0022400893,36,0.9270369848796133,0,3,0.69
0022400894,35,1.3904232366802582,1,8,0.5232974910394266
0022400895,37,0.5338998268759559,5,3,0.6053067993366501
0022400896,31,1.215016140989311,7,16,1.2877358490566038
0022400897,19,0.19016433254439746,3,10,1.0390390390390392
0022400898,34,0.7011138680394254,4,7,1.0466101694915255
0022400899,31,0.9838330530958851,1,1,1.2241379310344827
0022400900,27,0.137052008547499,1,2,1.2434782608695654
0022400901,40,1.4849037092012358,6,14,1.0755441741357235
0022400902,39,0.6426109045630456,3,15,0.7761194029850746
0022400903,38,1.2916112288801211,4,2,0.7673076923076924
0022400904,50,1.3174719327392184,14,30,1.2211006186909803
0022400905,45,0.48162432171513203,13,11,0.8461538461538463
0022400906,30,0.9760203771449875,6,8,0.6116883116883117
0022400907,26,0.6357000391841252,2,3,0.5625
0022400908,27,0.35101299103294725,1,2,0.8862179487179488
0022400909,31,0.4137384087454472,7,14,0.8412698412698412
0022400910,32,0.23022262429551416,2,4,0.7847800237812129
0022400911,28,0.7727128510105834,2,1,0.7008
0022400912,30,0.9463417571002946,6,1,1.2287334593572778
0022400913,28,0.11408147513046141,2,5,0.5093877551020407
0022400914,40,2.0429840344506327,4,9,0.5839100346020762
0022400915,34,1.034468044080824,2,7,0.8861111111111111
0022400916,30,1.050978760090521,4,7,1.0383597883597884
0022400917,40,1.4218702111798258,4,5,0.47843567251461994
0022400918,26,0.5214493711490831,6,10,0.5612244897959183
0022400919,53,2.3697266902305762,1,5,0.7788686302010285
0022400920,36,0.726267224101842,2,4,0.5794556628621598
0022400921,22,0.5934818192748766,4,2,0.5505226480836237
0022400922,26,0.3488528507105246,0,1,0.770408163265306
0022400923,35,1.097351017603095,5,8,1.0901639344262297
0022400924,41,0.783613137321912,1,6,1.3700189753320684
0022400925,29,0.28270681278623144,3,9,1.7307692307692306
0022400926,46,1.116883411314603,2,0,0.8701298701298702
0022400927,32,1.2895447908249777,0,0,1.1115384615384616
0022400928,31,0.35251962070660015,3,6,0.9613555291319857
0022400929,24,0.2583773489153436,2,6,0.0
0022400930,34,1.5452106176585358,2,10,0.3836898395721925
0022400931,28,0.8151409840076219,2,2,0.6461538461538462
0022400932,37,0.48168172563881984,1,14,0.8825396825396825
0022400933,30,0.5913755127666914,6,5,0.6733212341197822
0022400934,34,0.4007665665557131,0,6,1.621031746031746
0022400935,40,1.0520384928929307,4,5,0.7559523809523809
0022400936,31,0.7848047587162105,1,3,0.7167919799498746
0022400937,41,1.944642040750228,5,6,1.0763209393346378
0022400938,28,0.38713827538369927,2,4,0.2497959183673469
0022400939,38,0.33819350963382816,2,0,0.9024064171122995
0022400940,30,0.7010420831591531,10,11,0.6552188552188551
0022400941,34,0.18787962679817516,2,5,1.4902597402597402
0022400942,37,2.0257592421868322,1,1,1.0867265996827076
0022400943,31,1.4274375690147856,1,0,0.7676950998185118
0022400944,48,1.6005614918792765,8,10,0.6050656660412758
0022400945,42,0.537904377185268,10,21,1.6269284712482468
0022400946,41,1.1113991036363933,7,22,1.3285714285714285
0022400947,37,0.6508489090754693,3,4,0.9446327683615819
0022400948,25,0.44489808401898007,9,10,1.0217391304347827
0022400949,34,0.5467465330679747,0,5,0.9102822580645161
0022400950,35,0.7079777107421975,5,7,0.5844402277039848
0022400951,28,0.7179053939554556,6,1,0.8395061728395061
0022400952,30,0.6726889963392543,2,6,0.5018181818181818
0022400953,30,1.085476601809964,2,4,0.9166666666666666
0022400954,46,1.8562971189269963,6,16,1.0722610722610721
0022400955,40,0.5913272884984443,6,15,0.9910873440285205
0022400956,41,1.138978525985911,9,8,1.2165200391006843
0022400957,33,0.36005872724008414,3,2,1.5977011494252873
0022400958,27,0.6175214787412375,3,4,0.6289437585733881
0022400959,33,0.7267380677853786,1,4,0.9097744360902255
0022400960,33,0.4715625223302907,3,3,1.062169312169312
0022400961,20,0.22893788235922408,0,0,0.8842105263157894
0022400962,40,0.33264358832253615,6,13,0.5442428730099963
0022400963,39,0.627740476508743,1,6,1.016304347826087
0022400964,32,0.2638537785387408,0,3,1.540880503144654
0022400965,39,1.5899280931037767,11,22,1.1684491978609626
0022400966,49,1.151973124366376,1,4,1.1215686274509806
0022400967,30,0.4331116395165945,2,1,1.2718378756114606
0022400968,33,0.564863382629015,7,6,1.3701015965166907
0022400969,32,0.5826084976558958,2,9,0.709090909090909
0022400970,39,1.1100670859008437,5,10,0.7878787878787878
0022400971,27,0.1773815507441917,1,2,0.5730769230769232
0022400972,27,0.5999717506113778,3,13,1.5031055900621118
0022400973,31,0.920446870645205,9,22,2.091878589007383
0022400974,28,0.8187517553516931,4,9,2.090909090909091
0022400975,32,0.5075673614259555,2,0,0.6218585622443016
0022400976,38,1.6466681968467982,2,6,0.4084084084084084
0022400977,46,0.4580776043193452,6,11,0.70625
0022400978,32,0.9501413540932143,0,2,0.919345412039743
0022400979,40,1.1835561434597308,2,14,1.1761363636363635
0022400980,36,1.271757425627167,2,2,0.6979166666666667
0022400981,33,0.11476929319912599,3,11,1.124488603156049
0022400982,41,0.34481084903120524,1,8,0.5197505197505198
0022400983,38,0.10734646668355163,2,3,1.1666666666666665
0022400984,23,0.3115469513011989,3,6,1.1705426356589148
0022400985,35,2.274034972708702,7,7,0.8535318559556786
0022400986,38,1.5564728798180112,0,4,0.4926315789473684
0022400987,33,0.11786967012242104,3,1,1.0984326018808777
0022400988,28,0.8635228911560919,0,5,0.6439909297052154
0022400989,32,0.655396566116782,4,6,1.3534212178279974
0022400990,42,0.7675567717356323,6,9,1.0231854838709677
0022400991,33,0.2993378413266162,5,8,0.7158469945355191
0022400992,40,0.8241021879238424,2,9,0.8046532045654083
0022400993,32,0.29233497830738187,2,5,0.43469063987308304
0022400994,31,0.6014894289603732,7,5,0.6857142857142856
0022400995,25,0.25298382330704017,5,7,1.2416851441241685
0022400996,35,0.49230745669688203,11,18,1.4665898617511521
0022400997,43,1.164425639941375,1,2,1.032724505327245
0022400998,49,2.2214737779220517,1,5,1.1694386694386696
0022400999,35,0.5075086452538967,5,12,1.3611922852133256
0022401000,32,1.3214575635821395,6,0,0.3484573502722323
0022401001,42,1.1439865861465068,6,14,0.6738495252008765
0022401002,27,0.07169344748490847,3,4,0.7346938775510204
0022401003,36,0.6321846806074578,0,1,0.9471635150166852
0022401004,38,1.4868682678939176,2,4,0.5052631578947369
0022401005,36,1.0447808294736864,10,9,1.2838541666666667
0022401006,32,0.293561415680908,0,7,0.6970760233918128
0022401007,30,0.5006297264124476,6,8,1.4505494505494505
0022401008,31,0.6027513630541346,1,0,0.5912698412698412
0022401009,30,1.5877890062303899,4,3,1.0071428571428571
0022401010,35,0.8402562834841567,3,3,1.2413793103448276
0022401011,28,1.3671881027173702,2,5,1.6601699150424785
0022401012,36,0.9507263625730116,6,1,0.6155303030303031
0022401013,37,1.4384203313782058,5,4,0.9201053555750659
0022401014,27,0.32363515289590483,7,6,0.42450142450142453
0022401015,27,0.7448663095826047,5,7,1.2260869565217392
0022401016,33,0.2680452066067215,1,3,0.8838709677419354
0022401017,25,0.038177680750458354,1,4,1.0797101449275364
0022401018,28,0.88839029842802,2,2,1.0318047337278105
0022401019,35,1.444246604351661,7,17,1.1904761904761902
0022401020,29,0.20264823626969428,3,4,1.63562091503268
0022401021,28,0.5744517540810485,4,6,0.7466666666666667
0022401022,39,1.1135467324128236,3,3,0.4695652173913043
0022401023,32,0.5302560370684082,6,13,0.6308641975308642
0022401024,37,0.4729029736166497,5,4,0.7435549525101763
0022401025,33,0.5206172457490843,7,8,1.069090909090909
0022401026,38,0.12909767371946868,4,8,1.0671641791044777
0022401027,33,1.1328552420767357,1,2,0.738095238095238
0022401028,31,0.4637654456124826,1,3,0.2934169278996865
0022401029,42,0.9243156554701504,8,24,0.7818181818181819
0022401030,39,0.2539430243314338,7,13,1.0017857142857143
0022401031,42,0.2674677848508772,8,15,0.6578947368421053
0022401032,27,0.3359112496581402,1,7,0.8638297872340425
0022401033,31,0.14863297779490864,9,19,1.2299498746867168
0022401034,25,0.3266171732011768,3,1,0.6616257088846881
0022401035,42,0.974803257637274,2,8,1.532758620689655
0022401036,39,1.4690355384748264,3,8,0.51171875
0022401037,22,0.3018228771550977,4,3,1.3658536585365855
0022401038,37,0.6798834963561649,1,5,0.7619047619047619
0022401039,39,0.9210125475949692,5,7,0.8149253731343284
0022401040,27,0.3622159386602888,1,2,0.6382978723404256
0022401041,32,0.6100915026110831,0,6,1.1271186440677967
0022401042,33,0.8408713814654033,1,1,0.8538011695906432
0022401043,37,1.9800056670485462,5,10,0.9807692307692308
0022401044,31,0.4247220710282752,3,10,0.3926553672316384
0022401045,37,1.2474147932997308,1,2,0.6313131313131313
0022401046,38,0.2242738234017153,0,5,1.471635150166852
0022401047,27,0.4982002052988206,3,4,0.6799999999999999
0022401048,28,0.43110394951690056,2,7,0.4473493100944081
0022401049,38,0.5272444524598904,14,15,1.3450210378681628
0022401050,36,0.48928402689701384,6,4,1.2659968270756214
0022401051,30,0.687468720104234,2,5,0.7210526315789473
0022401052,28,0.2589639622198534,2,9,0.5782312925170068
0022401053,27,0.6161948443986341,3,8,1.0076595744680852
0022401054,40,0.42311019978566494,4,4,1.4771596562641338
0022401055,36,1.6241659002273923,6,5,0.849673202614379
0022401056,34,0.6647266860209414,6,1,0.4096774193548387
0022401057,25,0.3716257749498557,3,9,0.9669421487603305
0022401058,34,0.3139034730854904,2,1,0.714781746031746
0022401059,34,1.1693561049991787,6,3,0.6386003280481137
0022401060,33,1.0368015509809694,3,2,0.6
0022401061,30,0.11374702708117954,6,7,1.0119047619047619
0022401062,21,0.45187873834029657,1,9,0.8020050125313283
0022401063,29,0.5729714733872956,3,4,1.0971348707197766
0022401064,36,0.6068290551742487,4,5,0.9566532258064516
0022401065,32,0.45932319652641096,4,2,0.9279556650246304
0022401066,39,0.35179389046917653,1,1,1.0303030303030305
0022401067,53,1.2300246530804093,3,4,1.1991122384273938
0022401068,43,0.3827647493812645,1,2,0.664718772826881
0022401069,25,0.38921930064361066,5,0,0.6608695652173913
0022401070,27,0.49181452172373163,1,3,0.3012820512820513
0022401071,30,0.30924614882111934,0,0,0.8742138364779873
0022401072,45,0.7870313034147972,1,1,0.7863754165124027
0022401073,33,0.146759523980584,5,4,1.0206896551724138
0022401074,36,0.3090999069763154,0,4,0.8576271186440678
0022401075,37,1.3807286682018785,7,13,0.434640522875817
0022401076,27,0.4522533190071757,1,1,1.2717391304347827
0022401077,34,1.4031732433650184,2,4,0.6161837069436851
0022401078,41,1.4234198582279338,7,8,0.8525096525096524
0022401079,32,0.214804892791848,0,3,0.7677966101694916
0022401080,33,0.2423818407593384,3,10,1.7866666666666664
0022401081,32,0.604862386231872,0,1,0.7708565072302558
0022401082,27,0.6001965616467921,5,1,0.6085106382978723
0022401083,50,0.6931203226722513,6,7,1.028112449799197
0022401084,44,1.0871171428627588,2,2,1.3499999999999999
0022401085,33,1.7560564774945564,1,8,1.876543209876543
0022401086,33,0.15042227369181677,5,3,1.0005945303210464
0022401087,24,0.30685031324760875,2,1,0.8009259259259259
0022401088,35,0.26808312177780164,5,8,0.8295454545454546
0022401089,24,0.9246437822922168,2,1,0.8260869565217391
0022401090,30,0.9565205493232014,2,4,1.32
0022401091,35,0.879680134135215,1,3,1.0903686087990487
0022401092,33,0.33743201580588356,5,6,1.2777777777777777
0022401093,26,0.5771002467895864,6,3,0.624
0022401094,27,0.06605062615625434,1,7,1.022857142857143
0022401095,39,1.8570182538405442,1,9,0.6838534599728628
0022401096,30,1.310745358879391,4,3,0.6759259259259259
0022401097,38,0.9213517041457084,2,1,0.681964573268921
0022401098,37,0.19140306385336014,1,4,1.0236559139784946
0022401099,28,0.21721489669630112,10,16,1.5165957446808511
0022401100,42,1.5187887887917721,2,6,0.8055555555555556
0022401101,32,0.6433262118361138,0,6,0.912227602905569
0022401102,40,1.633611971617446,6,10,1.0174216027874563
0022401103,35,0.7024308408353616,1,3,1.499123319696084
0022401104,27,0.2836484265140585,3,8,1.2496
0022401105,35,1.373820911290717,5,11,1.7017241379310344
0022401106,30,0.9164100661756971,4,10,0.8187869822485206
0022401107,32,0.12689302006890568,4,4,0.770408163265306
0022401108,40,0.3292543463799318,4,6,1.5447523852794183
0022401109,32,1.3671768621624791,2,1,1.0772889417360285
0022401110,28,0.6130681675584215,6,12,1.1088435374149659
0022401111,30,0.2541149357811009,12,15,0.5004255319148936
0022401112,29,0.5060456853402331,5,14,1.1666666666666667
0022401113,27,0.4263010318517849,7,17,0.7051851851851852
0022401114,35,1.2864740681834277,5,2,0.6079825041006014
0022401115,31,0.668044778652982,3,7,1.2875939849624058
0022401116,31,0.7780116953983532,5,15,0.9341692789968652
0022401117,41,0.980360672970758,5,8,1.0557692307692308
0022401118,41,0.3054144315889737,11,11,0.9979879275653923
0022401119,38,0.5288723628208956,8,17,0.8272946859903381
0022401120,27,0.13724788427981705,1,10,1.1983471074380165
0022401121,38,0.5844829916801131,10,7,1.2678571428571428
0022401122,34,0.9332374078712933,6,13,0.625
0022401123,33,0.7174619343676777,3,11,0.5762543467461501
0022401124,25,0.17094594918971112,1,5,0.28804347826086957
0022401125,28,0.4647004082032267,0,5,0.6561085972850679
0022401126,38,0.5757873347381046,2,6,1.2677419354838708
0022401127,35,0.14030938445206675,9,10,1.3286637931034484
0022401128,30,0.28001955884453167,4,7,0.7324675324675324
0022401129,35,1.3932674253279305,1,6,1.0384615384615385
0022401130,38,0.6730465861074519,8,14,1.8282312925170068
0022401131,31,1.3793015687977213,5,13,0.7380254154447703
0022401132,40,0.2662710096282356,4,18,1.2873134328358207
0022401133,43,0.36215184749316476,3,5,1.1231231231231231
0022401134,37,0.5547429698779399,3,5,1.139247311827957
0022401135,30,0.3793066566227032,4,5,1.0096153846153846
0022401136,36,0.29647403896977076,0,8,1.2263626251390434
0022401137,18,0.023860634078134213,2,4,0.7303921568627451
0022401138,29,0.9869267359606171,3,3,1.383529411764706
0022401139,37,0.6369787282116165,1,5,1.4839476813317478
0022401140,36,0.5562301162425367,4,4,0.8974358974358975
0022401141,35,0.23604635259175408,3,3,1.102241662110443
0022401142,32,1.3629018360791598,0,3,0.3958333333333333
0022401143,26,0.6205382653196517,2,5,0.7439613526570048
0022401144,41,1.1192028504471736,1,1,1.3229166666666665
0022401145,29,0.495896420942043,5,10,1.240518038852914
0022401146,32,0.14707785179721644,2,2,1.0833333333333333
0022401147,30,0.261666773590848,0,6,0.9212121212121213
0022401148,41,1.1524849736786484,11,22,1.3444444444444443
0022401149,43,0.7750794533002192,7,10,0.6976576576576577
0022401150,39,0.8596000987166852,5,7,0.7708412637990102
0022401151,28,0.8988105414060857,2,3,1.1879160266257038
0022401152,30,0.7643779771311974,8,16,1.2422360248447206
0022401153,38,1.001912018543972,12,17,1.0625
0022401154,29,0.13957999856362652,9,19,1.4494117647058824
0022401155,28,0.39057697342522235,4,0,1.5
0022401156,14,0.27857179159706846,0,2,0.41005291005291006
0022401157,42,0.8047046950796475,6,8,1.3262153566560655
0022401158,26,0.22833092312358227,6,4,1.4833164812942368
0022401159,29,0.6429885130052846,3,2,0.4125615763546798
0022401160,22,0.5280660769128184,2,4,1.556578947368421
0022401161,36,0.33198767720136557,4,11,0.8042328042328042
0022401162,41,1.029533264605384,5,10,0.8256410256410256
0022401163,40,1.413622047048405,6,8,0.8061776061776063
0022401164,35,0.5393750075288917,1,8,0.8376520359598096
0022401165,38,0.6316547300404401,6,14,0.75
0022401166,23,0.39215946507915433,5,9,0.8298097251585623
0022401167,38,1.0670609742263628,2,4,1.250620347394541
0022401168,31,1.0462266265965874,1,7,0.9480519480519481
0022401169,42,0.20967700101688025,6,11,0.7780738484963836
0022401170,40,0.6021798906537971,2,6,0.693359375
0022401171,34,0.9212554034052274,4,9,1.0966666666666667
0022401172,44,0.25663274155331345,6,14,0.9142857142857143
0022401173,28,0.8139456019116711,4,9,0.8568000000000001
0022401174,23,0.11629530115070907,1,2,0.6390293225480284
0022401175,34,0.8194612002335983,2,10,0.403125
0022401176,28,0.10440348637607788,2,10,1.7008333333333334
0022401177,29,0.2615422509695135,3,2,1.6400000000000001
0022401178,27,0.10270796503913604,3,1,1.1097872340425532
0022401179,38,0.21791065427574752,8,12,1.2923076923076924
0022401180,39,1.494292838139466,9,12,0.5476190476190476
0022401181,28,0.07777129093913156,4,7,0.5344000000000001
0022401182,16,0.17619399368159977,2,1,0.3885057471264368
0022401183,35,0.32368076125706546,1,6,0.7308467741935484
0022401184,28,1.1107484621403794,2,0,2.090909090909091
0022401185,31,0.3492305915979028,3,13,0.5310344827586206
0022401186,21,0.28495538168674606,9,5,0.47953216374269003
0022401187,29,0.20817792769140298,1,6,1.0377358490566038
0022401188,43,0.9316131109508953,3,1,0.8130252100840336
0022401189,32,0.44521114972288356,2,6,0.4605263157894737
0022401190,25,1.10842707024573,1,5,1.1851851851851853
0022401191,30,0.41733553452939715,2,1,0.7272727272727273
0022401192,25,1.184385504124441,1,1,0.9190904283447912
0022401193,37,0.4361838452275022,11,17,0.9925373134328359
0022401194,26,0.2406371937256982,2,7,1.1925
0022401195,29,0.2968286731034817,1,5,1.1250000000000002
0022401196,41,0.14313240329939825,5,3,1.5374331550802138
0022401197,34,1.2242465385209265,10,16,0.9770491803278689
0022401198,33,1.4234040439044258,5,11,0.4919254658385093
0022401199,32,0.4462122651679521,2,7,0.98079561042524
0022401200,15,0.2875442995550699,3,3,0.35172413793103446
0022401201,35,2.0144905799516093,3,2,1.0811111111111111
0022401202,26,0.5237936045594017,0,5,0.8478260869565216
0022401203,26,0.29292774896286883,6,12,0.5276595744680851
0022401204,24,1.3201077412350601,2,1,1.1567239635995956
0022401205,21,0.11757487434344749,3,3,1.3711911357340718
0022401206,33,0.515014269878384,13,17,0.6298523783488245
0022401207,38,1.0371541900106906,2,9,1.2144886363636365
0022401208,39,0.4576816794200951,15,29,0.6280276816608997
0022401209,36,0.7717324985576567,6,15,1.5089179548156957
0022401210,31,0.4550173819937191,7,9,1.013986013986014
0022401211,36,0.5600018974072938,0,1,0.8223776223776225
0022401212,38,0.4165970867285659,2,4,0.6098081023454157
0022401213,38,0.5273003008784845,6,14,0.5837359098228664
0022401214,33,0.633152483623615,1,2,0.8214285714285713
0022401215,31,1.2930565767333586,9,6,0.8559113300492611
0022401216,36,0.335778375990621,2,0,0.9730113636363636
0022401217,33,0.1410352500438745,11,16,0.6850574712643679
0022401218,26,0.43541819153650996,4,6,1.3565217391304347
0022401219,30,0.5102943967698517,8,6,0.2604679802955665
0022401220,51,0.6770446360541453,7,8,0.8975061660728967
0022401221,35,1.0169828087852537,5,1,0.7714285714285715
0022401222,41,0.651571011003308,9,9,1.9454451878538341
0022401223,41,1.0347105934850895,3,3,0.8589473684210526
0022401224,44,0.24515278472328628,8,6,0.7564102564102565
0022401225,39,1.0035038672894385,5,4,0.8422847399829497
0022401226,38,0.08537461711539363,0,2,1.3245967741935485
0022401227,36,0.6216874041481198,12,16,0.6506147540983607
0022401228,28,0.7580337546308069,6,14,0.597979797979798
0022401229,44,0.9889468565167305,6,8,1.048015873015873
0022401230,45,0.9138154017114205,1,7,0.7375
