game_id,opposite_excess,same_share,transitions
0022400001,0.125,0.375,24
0022400002,0.03271692745376953,0.4594594594594595,37
0022400003,-0.003225806451612856,0.5,30
0022400004,0.06896551724137945,0.41379310344827586,29
0022400005,0.020000000000000018,0.5,24
0022400006,0.05230769230769239,0.44,25
0022400007,0.2063492063492064,0.2857142857142857,35
0022400008,0.04504504504504503,0.4444444444444444,36
0022400009,0.10499999999999998,0.375,24
0022400010,0.13277310924369745,0.35294117647058826,34
0022400011,-0.07692307692307698,0.56,25
0022400012,0.15329768270944744,0.3333333333333333,33
0022400013,0.03743315508021383,0.45454545454545453,33
0022400014,0.1095305832147937,0.3783783783783784,37
0022400015,0.060846560846560926,0.4444444444444444,27
0022400016,0.014260249554367221,0.5151515151515151,33
0022400017,0.04761904761904767,0.4444444444444444,27
0022400018,-0.002844950213371278,0.5405405405405406,37
0022400019,0.021592442645074317,0.47368421052631576,38
0022400020,0.016098484848484862,0.46875,32
0022400021,0.054187192118226646,0.42857142857142855,28
0022400022,-0.03448275862068961,0.5172413793103449,29
0022400023,0.0010570824524313016,0.4883720930232558,43
0022400024,0.0980392156862745,0.3939393939393939,33
0022400025,0.04232804232804244,0.48148148148148145,27
0022400026,0.06006006006006004,0.4444444444444444,36
0022400027,0.059113300492610765,0.42857142857142855,28
0022400028,0.029689608636977116,0.47368421052631576,38
0022400029,-0.04640151515151514,0.53125,32
0022400030,0.18387096774193545,0.3,30
0022400031,0.07731092436974796,0.4117647058823529,34
0022400032,0.005689900426742445,0.4864864864864865,37
0022400033,0.014264264264264304,0.4722222222222222,36
0022400034,0.12413793103448278,0.3793103448275862,29
0022400035,-0.12944523470839264,0.6216216216216216,37
0022400036,0.04802955665024633,0.4642857142857143,28
0022400037,-0.08870967741935487,0.5806451612903226,31
0022400038,0.03208556149732611,0.45454545454545453,33
0022400039,0.054131054131054124,0.46153846153846156,26
0022400040,0.054187192118226646,0.42857142857142855,28
0022400041,-0.05555555555555547,0.5428571428571428,35
0022400042,0.054621848739495826,0.4411764705882353,34
0022400043,-0.06989247311827951,0.5666666666666667,30
0022400044,0.02564102564102566,0.46153846153846156,26
0022400045,0.10467980295566504,0.39285714285714285,28
0022400046,0.2781609195402299,0.20689655172413793,29
0022400047,0.09482758620689657,0.39285714285714285,28
0022400048,0.08990147783251246,0.39285714285714285,28
0022400049,0.08387096774193548,0.4,30
0022400050,-0.06302521008403361,0.5588235294117647,34
0022400051,0.12537537537537535,0.3611111111111111,36
0022400052,0.06773618538324411,0.42424242424242425,33
0022400053,0.02327327327327333,0.4722222222222222,36
0022400054,0.07820512820512826,0.41025641025641024,39
0022400055,0.01814516129032262,0.5161290322580645,31
0022400056,-0.07051282051282048,0.5897435897435898,39
0022400057,0.034482758620689724,0.4482758620689655,29
0022400058,0.025396825396825307,0.4857142857142857,35
0022400059,0.0,0.48484848484848486,33
0022400060,0.0641025641025641,0.4230769230769231,26
0022400061,0.06999999999999995,0.4166666666666667,24
0022400062,0.042042042042042094,0.4444444444444444,36
0022400063,0.20870870870870872,0.2777777777777778,36
0022400064,-0.0046253469010175685,0.5217391304347826,46
0022400065,0.1066066066066067,0.3888888888888889,36
0022400066,0.038205980066445155,0.4523809523809524,42
0022400067,0.02692307692307694,0.46153846153846156,39
0022400068,0.04504504504504503,0.4444444444444444,36
0022400069,0.13793103448275867,0.3448275862068966,29
0022400070,-0.020361990950226283,0.5294117647058824,51
0022400071,0.05602536997885832,0.4418604651162791,43
0022400072,0.1451219512195122,0.35,40
0022400073,-0.07765151515151514,0.5625,32
0022400074,0.12857142857142856,0.37142857142857144,35
0022400075,0.043076923076923124,0.44,25
0022400076,-0.022222222222222143,0.5142857142857142,35
0022400077,-0.04983388704318936,0.5714285714285714,42
0022400078,0.0,0.4915254237288136,59
0022400079,-0.054116558741905685,0.5434782608695652,46
0022400080,0.040322580645161255,0.45161290322580644,31
0022400081,0.08730158730158732,0.4,35
0022400082,-0.040000000000000036,0.5306122448979592,49
0022400083,0.17610837438423643,0.32142857142857145,28
0022400084,-0.05161290322580647,0.6,30
0022400085,0.09311740890688258,0.42105263157894735,38
0022400086,0.0478991596638656,0.4411764705882353,34
0022400087,0.1158730158730159,0.37142857142857144,35
0022400088,0.18571428571428572,0.3142857142857143,35
0022400089,0.18371212121212122,0.3125,32
0022400090,0.09805735430157259,0.391304347826087,46
0022400091,0.07394957983193284,0.4117647058823529,34
0022400092,-0.004723346828609976,0.5,38
0022400093,0.18817204301075263,0.3,30
0022400094,0.029689608636977116,0.47368421052631576,38
0022400095,0.14366998577524892,0.3783783783783784,37
0022400096,0.03208556149732611,0.45454545454545453,33
0022400097,0.12948717948717947,0.358974358974359,39
0022400098,0.07207207207207211,0.4444444444444444,36
0022400099,0.10810810810810811,0.3783783783783784,37
0022400100,0.18093093093093093,0.3055555555555556,36
0022400101,0.028571428571428692,0.45714285714285713,35
0022400102,0.22318840579710153,0.26666666666666666,45
0022400103,0.0128048780487805,0.475,40
0022400104,0.016098484848484862,0.46875,32
0022400105,0.07671957671957674,0.4074074074074074,27
0022400106,-0.030241935483870996,0.5161290322580645,31
0022400107,-0.022941970310391357,0.5263157894736842,38
0022400108,0.11264367816091958,0.3793103448275862,29
0022400109,0.18093093093093093,0.3055555555555556,36
0022400110,0.18894830659536543,0.30303030303030304,33
0022400111,0.0478991596638656,0.4411764705882353,34
0022400112,0.08362369337979103,0.4146341463414634,41
0022400113,0.0,0.5,48
0022400114,0.08730158730158732,0.4,35
0022400115,0.10467980295566504,0.39285714285714285,28
0022400116,0.005291005291005346,0.5185185185185185,27
0022400117,0.11875843454790824,0.3684210526315789,38
0022400118,0.01379310344827589,0.6551724137931034,29
0022400119,0.12091038406827881,0.3783783783783784,37
0022400120,0.044537815126050484,0.4411764705882353,34
0022400121,0.0017825311942958333,0.48484848484848486,33
0022400122,-0.012315270935960632,0.5,28
0022400123,-0.0625,0.5483870967741935,31
0022400124,0.16554621848739504,0.3235294117647059,34
0022400125,0.014705882352941124,0.5,16
0022400126,0.0634408602150538,0.43333333333333335,30
0022400127,0.06451612903225801,0.41935483870967744,31
0022400128,0.1265969802555168,0.36585365853658536,41
0022400129,0.09388335704125172,0.40540540540540543,37
0022400130,0.04734848484848486,0.4375,32
0022400131,0.11379800853485056,0.3783783783783784,37
0022400132,0.01814516129032262,0.5161290322580645,31
0022400133,0.054621848739495826,0.4411764705882353,34
0022400134,0.02371541501976282,0.45454545454545453,22
0022400135,0.07282282282282271,0.4166666666666667,36
0022400136,0.21182266009852213,0.2857142857142857,28
0022400137,0.11538461538461531,0.4473684210526316,38
0022400138,0.0,0.5384615384615384,26
0022400139,0.040322580645161255,0.45161290322580644,31
0022400140,0.1322901849217638,0.40540540540540543,37
0022400141,-0.023655913978494647,0.5333333333333333,30
0022400142,0.058712121212121215,0.4375,32
0022400143,0.03780487804878052,0.45,40
0022400144,0.09469387755102043,0.40816326530612246,49
0022400145,0.08307692307692305,0.4,25
0022400146,0.07549857549857553,0.4230769230769231,26
0022400147,0.028571428571428692,0.45714285714285713,35
0022400148,0.06612685560053988,0.42105263157894735,38
0022400149,0.12923076923076926,0.4,25
0022400150,-0.02352941176470591,0.5294117647058824,34
0022400151,0.34262485481997673,0.14634146341463414,41
0022400152,0.10769230769230764,0.4,25
0022400153,0.1807692307692308,0.3076923076923077,39
0022400154,-0.0185185185185186,0.5,26
0022400155,0.12857142857142856,0.37142857142857144,35
0022400156,-0.02352941176470591,0.5294117647058824,34
0022400157,-0.18666666666666665,0.6666666666666666,24
0022400158,0.1172043010752688,0.36666666666666664,30
0022400159,0.014260249554367221,0.5151515151515151,33
0022400160,0.17496443812233287,0.32432432432432434,37
0022400161,0.06653225806451601,0.41935483870967744,31
0022400162,0.04504504504504503,0.4444444444444444,36
0022400163,0.13257575757575757,0.375,32
0022400164,-0.06349206349206349,0.5555555555555556,27
0022400165,0.14022988505747125,0.3448275862068966,29
0022400166,0.15679442508710795,0.34146341463414637,41
0022400167,0.19310344827586212,0.3103448275862069,29
0022400168,0.03208556149732611,0.45454545454545453,33
0022400169,0.04761904761904767,0.4444444444444444,27
0022400170,-0.02133712660028453,0.5135135135135135,37
0022400171,0.03325123152709353,0.4642857142857143,28
0022400172,0.015126050420168125,0.47058823529411764,34
0022400173,0.0,0.4782608695652174,23
0022400174,0.05053763440860215,0.43333333333333335,30
0022400175,0.01814516129032262,0.5161290322580645,31
0022400176,0.05483870967741933,0.43333333333333335,30
0022400177,-0.02171717171717169,0.5227272727272727,44
0022400178,0.02564102564102566,0.46153846153846156,26
0022400179,0.007130124777183555,0.48484848484848486,33
0022400180,0.009677419354838679,0.5,30
0022400181,0.16133004926108385,0.32142857142857145,28
0022400182,-0.028520499108734443,0.5151515151515151,33
0022400183,0.09686609686609682,0.38461538461538464,26
0022400184,-0.03692307692307695,0.52,25
0022400185,-0.0891265597147951,0.5757575757575758,33
0022400186,0.23275862068965525,0.25,28
0022400187,-0.0445632798573975,0.5454545454545454,33
0022400188,0.11491935483870963,0.41935483870967744,31
0022400189,0.021505376344086002,0.4666666666666667,30
0022400190,0.05053763440860215,0.43333333333333335,30
0022400191,-0.03846153846153855,0.5526315789473685,38
0022400192,0.07815126050420174,0.4411764705882353,34
0022400193,0.04367816091954024,0.4482758620689655,29
0022400194,-0.08730158730158721,0.5925925925925926,27
0022400195,-0.10846560846560838,0.5925925925925926,27
0022400196,0.17234848484848486,0.3125,32
0022400197,0.06882591093117418,0.42105263157894735,38
0022400198,-0.07765151515151514,0.5625,32
0022400199,-0.013227513227513144,0.5185185185185185,27
0022400200,0.12063492063492065,0.37142857142857144,35
0022400201,0.12299465240641705,0.36363636363636365,33
0022400202,0.06653225806451601,0.41935483870967744,31
0022400203,0.005689900426742445,0.4864864864864865,37
0022400204,0.07282282282282271,0.4166666666666667,36
0022400205,0.16358463726884775,0.32432432432432434,37
0022400206,0.034482758620689724,0.4482758620689655,29
0022400207,0.0788288288288288,0.4166666666666667,36
0022400208,0.10574712643678164,0.3793103448275862,29
0022400209,-0.043697478991596594,0.5294117647058824,34
0022400210,0.040322580645161255,0.45161290322580644,31
0022400211,-0.014285714285714235,0.5142857142857142,35
0022400212,0.13054187192118216,0.35714285714285715,28
0022400213,0.017204301075268824,0.4666666666666667,30
0022400214,0.019943019943019835,0.46153846153846156,26
0022400215,-0.004723346828609976,0.5,38
0022400216,-0.03157894736842104,0.5263157894736842,19
0022400217,0.13104838709677413,0.3548387096774194,31
0022400218,-0.0891265597147951,0.5757575757575758,33
0022400219,-0.10114942528735626,0.5862068965517241,29
0022400220,0.14666666666666672,0.3333333333333333,24
0022400221,0.11166666666666669,0.375,24
0022400222,0.14022988505747125,0.3448275862068966,29
0022400223,0.07126436781609191,0.4482758620689655,29
0022400224,0.016042780748663055,0.48484848484848486,33
0022400225,0.0,0.4883720930232558,43
0022400226,0.062388591800356386,0.42424242424242425,33
0022400227,0.06613756613756627,0.48148148148148145,27
0022400228,-0.032258064516129004,0.5161290322580645,31
0022400229,0.15483870967741942,0.3333333333333333,30
0022400230,0.10984848484848486,0.375,32
0022400231,0.0641025641025641,0.4230769230769231,26
0022400232,0.18181818181818188,0.30303030303030304,33
0022400233,0.037195121951219545,0.475,40
0022400234,0.19310344827586212,0.3103448275862069,29
0022400235,0.20307692307692304,0.28,25
0022400236,0.1657754010695187,0.36363636363636365,33
0022400237,-0.03448275862068961,0.5172413793103449,29
0022400238,0.06333333333333324,0.4166666666666667,24
0022400239,0.0017825311942958333,0.48484848484848486,33
0022400240,0.12063492063492065,0.37142857142857144,35
0022400241,0.10060060060060061,0.3888888888888889,36
0022400242,0.04040404040404044,0.45454545454545453,44
0022400243,0.07619047619047614,0.4,20
0022400244,0.16330645161290325,0.3225806451612903,31
0022400245,-0.23219373219373207,0.7307692307692307,26
0022400246,-0.012820512820512775,0.5,26
0022400247,0.18093093093093093,0.3055555555555556,36
0022400248,-0.15692307692307694,0.64,25
0022400249,0.028571428571428692,0.45714285714285713,35
0022400250,0.1724137931034484,0.3103448275862069,29
0022400251,0.0434782608695653,0.43478260869565216,23
0022400252,0.05230769230769239,0.44,25
0022400253,0.12903225806451613,0.3870967741935484,31
0022400254,-0.014102564102564052,0.5128205128205128,39
0022400255,0.13104838709677413,0.3548387096774194,31
0022400256,0.019886363636363646,0.46875,32
0022400257,0.002645502645502784,0.48148148148148145,27
0022400258,0.10344827586206906,0.3793103448275862,29
0022400259,0.20359848484848486,0.28125,32
0022400260,0.07820512820512826,0.41025641025641024,39
0022400261,0.011616161616161635,0.4772727272727273,44
0022400262,0.11945031712473564,0.3953488372093023,43
0022400263,0.0714285714285714,0.42857142857142855,35
0022400264,0.12150537634408598,0.36666666666666664,30
0022400265,-0.014285714285714235,0.5,34
0022400266,-0.025287356321839094,0.5172413793103449,29
0022400267,0.005689900426742445,0.4864864864864865,37
0022400268,0.24420677361853826,0.24242424242424243,33
0022400269,0.213903743315508,0.2727272727272727,33
0022400270,0.16133004926108385,0.32142857142857145,28
0022400271,0.23863636363636365,0.25,32
0022400272,-0.030303030303030276,0.5151515151515151,33
0022400273,-0.06545209176788125,0.5526315789473685,38
0022400274,0.007130124777183555,0.48484848484848486,33
0022400275,0.02327327327327333,0.4722222222222222,36
0022400276,0.1777777777777778,0.3142857142857143,35
0022400277,0.03882575757575757,0.46875,32
0022400278,-0.004267425320056861,0.5135135135135135,37
0022400279,-0.10333333333333339,0.5833333333333334,24
0022400280,-0.05499999999999994,0.5416666666666666,24
0022400281,0.16007905138339928,0.3181818181818182,22
0022400282,0.1283783783783783,0.3611111111111111,36
0022400283,0.21496212121212122,0.28125,32
0022400284,-0.026984126984126888,0.5142857142857142,35
0022400285,-0.0625,0.5483870967741935,31
0022400286,0.11692307692307702,0.44,25
0022400287,0.0597439544807965,0.43243243243243246,37
0022400288,0.1172043010752688,0.36666666666666664,30
0022400289,-0.011261261261261257,0.5277777777777778,36
0022400290,0.07179487179487176,0.4358974358974359,39
0022400291,-0.015151515151515138,0.5,32
0022400292,-0.06606606606606613,0.5555555555555556,36
0022400293,0.12834224598930477,0.36363636363636365,33
0022400294,-0.07849462365591398,0.5666666666666667,30
0022400295,-0.01724137931034475,0.5,28
0022400296,0.05230769230769239,0.44,25
0022400297,0.12311265969802554,0.36585365853658536,41
0022400298,0.039682539682539764,0.4444444444444444,27
0022400299,-0.01092436974789912,0.5,34
0022400300,-0.10516934046345816,0.6060606060606061,33
0022400301,0.09269162210338677,0.3939393939393939,33
0022400302,0.09388335704125172,0.40540540540540543,37
0022400303,0.05797101449275366,0.43478260869565216,23
0022400304,0.02564102564102566,0.46153846153846156,26
0022400305,0.09408033826638473,0.3953488372093023,43
0022400306,0.042042042042042094,0.4444444444444444,36
0022400307,0.3092436974789916,0.17647058823529413,34
0022400308,0.13010752688172045,0.36666666666666664,30
0022400309,0.03882575757575757,0.46875,32
0022400310,-0.019744483159117365,0.5365853658536586,41
0022400311,0.13277310924369745,0.35294117647058826,34
0022400312,0.028520499108734443,0.48484848484848486,33
0022400313,-0.13636363636363635,0.625,32
0022400314,0.08387096774193548,0.4,30
0022400315,0.11264367816091958,0.3793103448275862,29
0022400316,0.14769230769230768,0.36,25
0022400317,-0.06349206349206349,0.5555555555555556,27
0022400318,0.09686609686609682,0.38461538461538464,26
0022400319,0.032258064516129004,0.4838709677419355,31
0022400320,0.07258064516129026,0.41935483870967744,31
0022400321,-0.16666666666666663,0.7,20
0022400322,0.07859848484848486,0.40625,32
0022400323,0.15725359911406422,0.3333333333333333,42
0022400324,0.14666666666666672,0.3333333333333333,24
0022400325,0.009195402298850519,0.4827586206896552,29
0022400326,0.08238636363636365,0.40625,32
0022400327,0.12688172043010748,0.4,30
0022400328,-0.01724137931034475,0.5,28
0022400329,0.03076923076923077,0.46153846153846156,39
0022400330,0.11561561561561562,0.3888888888888889,36
0022400331,0.10220673635307786,0.4146341463414634,41
0022400332,0.13613445378151257,0.35294117647058826,34
0022400333,0.1066066066066067,0.3888888888888889,36
0022400334,0.20870870870870872,0.2777777777777778,36
0022400335,-0.05295566502463045,0.5357142857142857,28
0022400336,0.06493506493506485,0.42857142857142855,21
0022400337,-0.04129129129129128,0.5277777777777778,36
0022400338,-0.04329004329004327,0.5238095238095238,21
0022400339,0.0478991596638656,0.4411764705882353,34
0022400340,0.10863697705802966,0.39473684210526316,38
0022400341,0.1402439024390244,0.35,40
0022400342,0.09206349206349207,0.4,35
0022400343,-0.1428571428571428,0.6666666666666666,27
0022400344,-0.02352941176470591,0.5294117647058824,34
0022400345,0.03982930298719778,0.4594594594594595,37
0022400346,0.0478991596638656,0.4411764705882353,34
0022400347,-0.0185185185185186,0.5,26
0022400348,0.1075630252100841,0.4117647058823529,34
0022400349,0.10574712643678164,0.3793103448275862,29
0022400350,0.12948717948717947,0.358974358974359,39
0022400351,0.25057471264367814,0.2413793103448276,29
0022400352,0.14920634920634923,0.34285714285714286,35
0022400353,0.05641025641025643,0.4358974358974359,39
0022400354,0.09999999999999998,0.4,35
0022400355,0.18181818181818188,0.30303030303030304,33
0022400356,0.025210084033613467,0.47058823529411764,34
0022400357,0.18160919540229892,0.3103448275862069,29
0022400358,0.03427419354838701,0.45161290322580644,31
0022400359,-0.013333333333333308,0.5,24
0022400360,0.09411764705882353,0.4117647058823529,34
0022400361,-0.2049910873440286,0.696969696969697,33
0022400362,-0.08377896613190738,0.5757575757575758,33
0022400363,0.0641025641025641,0.4230769230769231,26
0022400364,-0.06681681681681684,0.5833333333333334,36
0022400365,0.1444444444444445,0.34285714285714286,35
0022400366,0.009195402298850519,0.4827586206896552,29
0022400367,0.1601731601731602,0.3333333333333333,21
0022400368,0.0634408602150538,0.43333333333333335,30
0022400369,0.06882591093117418,0.42105263157894735,38
0022400370,0.22521008403361342,0.29411764705882354,34
0022400371,0.19159663865546217,0.29411764705882354,34
0022400372,-0.26515151515151514,0.75,32
0022400373,0.017204301075268824,0.4666666666666667,30
0022400374,0.051948051948051965,0.42857142857142855,21
0022400375,-0.05499999999999994,0.5416666666666666,24
0022400376,-0.03655913978494618,0.5333333333333333,30
0022400377,0.08181818181818179,0.4090909090909091,44
0022400378,0.19310344827586212,0.3103448275862069,29
0022400379,0.08465608465608465,0.4074074074074074,27
0022400380,0.07258064516129026,0.41935483870967744,31
0022400381,0.22999999999999998,0.25,24
0022400382,0.15263157894736834,0.3684210526315789,19
0022400383,-0.03228228228228225,0.5277777777777778,36
0022400384,-0.06060606060606055,0.5454545454545454,33
0022400385,0.07816091954022997,0.41379310344827586,29
0022400386,0.003076923076923088,0.48,25
0022400387,0.03208556149732611,0.45454545454545453,33
0022400388,0.19354838709677424,0.3333333333333333,30
0022400389,0.03571428571428581,0.45,20
0022400390,0.016042780748663055,0.48484848484848486,33
0022400391,0.05230769230769239,0.44,25
0022400392,0.10060060060060061,0.3888888888888889,36
0022400393,0.03968253968253965,0.4857142857142857,35
0022400394,0.058712121212121215,0.4375,32
0022400395,0.023399014778325067,0.4642857142857143,28
0022400396,0.08387096774193548,0.4,30
0022400397,0.07536231884057965,0.4222222222222222,45
0022400398,0.039682539682539764,0.4444444444444444,27
0022400399,0.14777327935222684,0.34210526315789475,38
0022400400,-0.032258064516129004,0.5161290322580645,31
0022400401,-0.02987804878048783,0.525,40
0022400402,0.14666666666666672,0.3333333333333333,24
0022400403,0.02564102564102566,0.46153846153846156,26
0022400404,0.14387464387464377,0.4230769230769231,26
0022400405,-0.06769230769230772,0.56,25
0022400406,0.031620553359683834,0.45454545454545453,22
0022400407,-0.015151515151515138,0.5,32
0022400408,0.06333333333333324,0.4166666666666667,24
0022400409,0.14109848484848486,0.34375,32
0022400410,0.08730158730158732,0.4,35
0022400411,0.07126436781609202,0.41379310344827586,29
0022400412,-0.03361344537815125,0.5294117647058824,34
0022400413,0.06554621848739495,0.47058823529411764,34
0022400414,0.03529411764705881,0.47058823529411764,34
0022400415,0.1357142857142858,0.35,20
0022400416,0.07126436781609202,0.41379310344827586,29
0022400417,0.08403361344537819,0.4117647058823529,34
0022400418,0.044537815126050484,0.4411764705882353,34
0022400419,-0.09999999999999998,0.6,35
0022400420,-0.014285714285714235,0.5,34
0022400421,-0.023399014778325067,0.5357142857142857,28
0022400422,0.09677419354838701,0.41935483870967744,31
0022400423,0.00512820512820511,0.48717948717948717,39
0022400424,0.08238636363636365,0.40625,32
0022400425,0.14814814814814814,0.3333333333333333,27
0022400426,0.06333333333333324,0.4166666666666667,24
0022400427,0.007130124777183555,0.48484848484848486,33
0022400428,0.03325123152709353,0.4642857142857143,28
0022400429,0.14022988505747125,0.3793103448275862,29
0022400430,-0.10344827586206884,0.5862068965517241,29
0022400431,0.06896551724137923,0.42857142857142855,28
0022400432,0.03228228228228225,0.4722222222222222,36
0022400433,0.1095305832147937,0.3783783783783784,37
0022400434,0.1158730158730159,0.37142857142857144,35
0022400435,0.0495495495495496,0.5,36
0022400436,-0.0045045045045044585,0.5,36
0022400437,-0.0445632798573975,0.5454545454545454,33
0022400438,0.11379800853485056,0.3783783783783784,37
0022400439,0.03325123152709353,0.4642857142857143,28
0022400440,-0.008522727272727293,0.53125,32
0022400441,0.22901849217638692,0.2702702702702703,37
0022400442,0.17613636363636365,0.3125,32
0022400443,0.04504504504504503,0.4444444444444444,36
0022400444,0.050403225806451624,0.45161290322580644,31
0022400445,0.12561576354679804,0.35714285714285715,28
0022400446,0.09195402298850575,0.4482758620689655,29
0022400447,0.05641025641025643,0.4358974358974359,39
0022400448,0.1283783783783783,0.3611111111111111,36
0022400449,0.07114624505928846,0.45454545454545453,22
0022400450,0.08730158730158732,0.4,35
0022400451,0.21225071225071224,0.2692307692307692,26
0022400452,0.2293447293447295,0.2692307692307692,26
0022400453,0.07631822386678988,0.41304347826086957,46
0022400454,-0.10769230769230764,0.6,25
0022400455,-0.04640151515151514,0.53125,32
0022400456,0.13043478260869568,0.34782608695652173,23
0022400457,0.16133004926108385,0.32142857142857145,28
0022400458,0.12299465240641705,0.36363636363636365,33
0022400459,-0.015151515151515138,0.5,32
0022400460,-0.01092436974789912,0.5,34
0022400461,0.002645502645502784,0.48148148148148145,27
0022400462,0.12903225806451613,0.3870967741935484,31
0022400463,-0.012820512820512775,0.5,26
0022400464,-0.04347826086956519,0.5454545454545454,22
0022400465,-0.10810810810810811,0.5945945945945946,37
0022400466,0.22486772486772488,0.25925925925925924,27
0022400467,0.014260249554367221,0.5151515151515151,33
0022400468,0.14666666666666672,0.3333333333333333,24
0022400469,-0.029356060606060552,0.59375,32
0022400470,0.17753623188405787,0.30434782608695654,23
0022400471,-0.013227513227513144,0.5185185185185185,27
0022400472,0.13277310924369745,0.35294117647058826,34
0022400473,0.09677419354838712,0.3870967741935484,31
0022400474,-0.01092436974789912,0.5,34
0022400475,-0.08000000000000007,0.56,25
0022400476,0.07012195121951215,0.425,40
0022400477,0.12063492063492065,0.37142857142857144,35
0022400478,0.18894830659536543,0.30303030303030304,33
0022400479,0.20870870870870872,0.2777777777777778,36
0022400480,0.12307692307692308,0.36,25
0022400481,0.06451612903225801,0.45161290322580644,31
0022400482,-0.03978494623655915,0.5666666666666667,30
0022400483,0.12631578947368416,0.3684210526315789,19
0022400484,-0.01092436974789912,0.5,34
0022400485,0.0022988505747125743,0.4827586206896552,29
0022400486,0.08465608465608465,0.4074074074074074,27
0022400487,0.09677419354838712,0.4,30
0022400488,0.017204301075268824,0.4666666666666667,30
0022400489,0.07549857549857553,0.4230769230769231,26
0022400490,0.14814814814814814,0.3333333333333333,27
0022400491,-0.06974789915966384,0.5588235294117647,34
0022400492,-0.016129032258064502,0.5,30
0022400493,0.0019762845849802257,0.5,22
0022400494,0.07859848484848486,0.40625,32
0022400495,-0.030241935483870996,0.5161290322580645,31
0022400496,0.12150537634408598,0.36666666666666664,30
0022400497,-0.034391534391534306,0.5185185185185185,27
0022400498,0.07114624505928846,0.45454545454545453,22
0022400499,-0.02133712660028453,0.5135135135135135,37
0022400500,0.0634408602150538,0.43333333333333335,30
0022400501,0.08730158730158732,0.4,35
0022400502,0.19579831932773117,0.3235294117647059,34
0022400503,0.018472906403940947,0.4642857142857143,28
0022400504,0.05230769230769239,0.44,25
0022400505,0.016098484848484862,0.46875,32
0022400506,-0.008522727272727293,0.53125,32
0022400507,-0.0014245014245013454,0.5,26
0022400508,0.25,0.2608695652173913,23
0022400509,0.08205128205128209,0.41025641025641024,39
0022400510,0.10053981106612686,0.39473684210526316,38
0022400511,0.21225071225071224,0.2692307692307692,26
0022400512,0.09686609686609682,0.38461538461538464,26
0022400513,0.03325123152709353,0.4642857142857143,28
0022400514,0.05840455840455827,0.4230769230769231,26
0022400515,0.053968253968254,0.45714285714285713,35
0022400516,0.07126436781609202,0.41379310344827586,29
0022400517,0.24603174603174605,0.25925925925925924,27
0022400518,0.213903743315508,0.2727272727272727,33
0022400519,-0.12184873949579833,0.6176470588235294,34
0022400520,-0.01773049645390068,0.5106382978723404,47
0022400521,0.03982930298719778,0.4594594594594595,37
0022400522,0.05483870967741933,0.43333333333333335,30
0022400523,0.02371541501976282,0.45454545454545453,22
0022400524,0.12307692307692308,0.36,25
0022400525,0.2293447293447295,0.2692307692307692,26
0022400526,0.18093093093093093,0.3055555555555556,36
0022400527,0.06470588235294117,0.4411764705882353,34
0022400528,-0.012820512820512775,0.5,26
0022400529,0.10574712643678164,0.3793103448275862,29
0022400530,-0.06719367588932801,0.5454545454545454,22
0022400531,0.053968253968254,0.45714285714285713,35
0022400532,-0.028520499108734443,0.5151515151515151,33
0022400533,0.15053763440860224,0.3333333333333333,30
0022400534,0.17139001349527672,0.3157894736842105,38
0022400535,-0.035037878787878785,0.53125,32
0022400536,-0.07692307692307698,0.56,25
0022400537,0.10333333333333328,0.4166666666666667,24
0022400538,0.060846560846560926,0.4444444444444444,27
0022400539,0.058712121212121215,0.4375,32
0022400540,0.1033613445378152,0.38235294117647056,34
0022400541,0.12150537634408598,0.36666666666666664,30
0022400542,0.062388591800356386,0.42424242424242425,33
0022400543,-0.0991596638655462,0.5882352941176471,34
0022400544,0.14507422402159253,0.34210526315789475,38
0022400545,-0.012820512820512775,0.5,38
0022400546,0.1771871539313401,0.3333333333333333,42
0022400547,0.06773618538324411,0.42424242424242425,33
0022400548,0.13010752688172045,0.36666666666666664,30
0022400549,0.18093093093093093,0.3055555555555556,36
0022400550,0.11956521739130443,0.391304347826087,23
0022400551,0.0714285714285714,0.42857142857142855,35
0022400552,0.0,0.48148148148148145,27
0022400553,0.017316017316017285,0.47619047619047616,21
0022400554,0.07859848484848486,0.40625,32
0022400555,0.08374384236453203,0.42857142857142855,28
0022400556,-0.010510510510510551,0.5,36
0022400557,0.07634408602150533,0.43333333333333335,30
0022400558,0.07816091954022997,0.41379310344827586,29
0022400559,0.14109848484848486,0.34375,32
0022400560,-0.028520499108734443,0.5151515151515151,33
0022400561,0.05517241379310345,0.4482758620689655,29
0022400562,0.008064516129032251,0.4838709677419355,31
0022400563,0.054187192118226646,0.42857142857142855,28
0022400564,-0.03076923076923077,0.5384615384615384,39
0022400565,0.15540540540540537,0.3611111111111111,36
0022400566,0.03427419354838701,0.45161290322580644,31
0022400567,0.01814516129032262,0.4838709677419355,31
0022400568,0.06653225806451601,0.41935483870967744,31
0022400569,0.15873015873015883,0.3333333333333333,27
0022400570,-0.06719367588932801,0.5454545454545454,22
0022400571,0.08387096774193548,0.4,30
0022400572,-0.08870967741935487,0.5806451612903226,31
0022400573,0.06612685560053988,0.42105263157894735,38
0022400574,0.10317460317460325,0.4444444444444444,27
0022400575,0.14039408866995062,0.35714285714285715,28
0022400576,-0.04946236559139783,0.5333333333333333,30
0022400577,-0.012820512820512775,0.5,38
0022400578,0.0905797101449275,0.391304347826087,23
0022400579,0.16666666666666674,0.3333333333333333,24
0022400580,-0.03709856035437431,0.5476190476190477,42
0022400581,0.02564102564102566,0.46153846153846156,39
0022400582,0.05517241379310345,0.4482758620689655,29
0022400583,-0.14532019704433508,0.6428571428571429,28
0022400584,0.04367816091954024,0.4482758620689655,29
0022400585,0.1471861471861473,0.3333333333333333,21
0022400586,-0.07585568917668828,0.5652173913043478,46
0022400587,0.16330645161290325,0.3225806451612903,31
0022400588,0.08238636363636365,0.40625,32
0022400589,0.03492063492063502,0.45714285714285713,35
0022400590,0.06060606060606055,0.42424242424242425,33
0022400591,0.13613445378151257,0.35294117647058826,34
0022400592,0.0052631578947368585,0.47368421052631576,19
0022400593,-0.0037878787878787845,0.5,32
0022400594,0.03228228228228225,0.4722222222222222,36
0022400595,-0.1243386243386243,0.6296296296296297,27
0022400596,0.043076923076923124,0.44,25
0022400597,0.12537537537537535,0.3611111111111111,36
0022400598,0.12299465240641705,0.36363636363636365,33
0022400599,0.023399014778325067,0.4642857142857143,28
0022400600,-0.08333333333333337,0.5833333333333334,24
0022400601,0.035991140642303465,0.4523809523809524,42
0022400602,0.0478991596638656,0.4411764705882353,34
0022400603,-0.09090909090909094,0.5757575757575758,33
0022400604,0.11029411764705888,0.375,16
0022400605,0.1333333333333333,0.358974358974359,39
0022400606,0.09677419354838712,0.4,30
0022400607,-0.17391304347826086,0.6521739130434783,23
0022400608,0.0478991596638656,0.4411764705882353,34
0022400609,0.028490028490028463,0.5384615384615384,26
0022400610,0.060846560846560926,0.4444444444444444,27
0022400611,0.24621212121212122,0.25,32
0022400612,0.15873015873015883,0.3333333333333333,27
0022400613,0.051948051948051965,0.42857142857142855,21
0022400614,-0.014260249554367221,0.5151515151515151,33
0022400615,0.09482758620689657,0.39285714285714285,28
0022400616,0.07017543859649134,0.47368421052631576,38
0022400617,-0.013333333333333308,0.5,24
0022400618,0.106951871657754,0.3939393939393939,33
0022400619,0.06470588235294117,0.4411764705882353,34
0022400620,0.1477272727272727,0.375,32
0022400621,0.03571428571428581,0.45,20
0022400622,0.027462121212121215,0.46875,32
0022400623,-0.019744483159117365,0.5121951219512195,41
0022400624,-0.0482758620689655,0.5517241379310345,29
0022400625,-0.022560975609756118,0.525,40
0022400626,0.10132575757575757,0.40625,32
0022400627,0.021666666666666723,0.4583333333333333,24
0022400628,0.03743315508021383,0.45454545454545453,33
0022400629,0.11375661375661383,0.37037037037037035,27
0022400630,0.10993657505285404,0.3953488372093023,43
0022400631,0.009677419354838679,0.5,30
0022400632,0.038461538461538436,0.5,26
0022400633,0.03743315508021383,0.45454545454545453,33
0022400634,0.021666666666666723,0.4583333333333333,24
0022400635,-0.039136302294196956,0.5263157894736842,38
0022400636,0.10060060060060061,0.3888888888888889,36
0022400637,0.017204301075268824,0.4666666666666667,30
0022400638,0.15384615384615397,0.3333333333333333,39
0022400639,0.042042042042042094,0.4444444444444444,36
0022400640,0.08865248226950351,0.40425531914893614,47
0022400641,0.09259259259259256,0.4230769230769231,26
0022400642,0.0,0.4827586206896552,29
0022400643,0.06470588235294117,0.4411764705882353,34
0022400644,0.13405797101449268,0.34782608695652173,23
0022400645,-0.09230769230769231,0.6,25
0022400646,0.17139001349527672,0.3157894736842105,38
0022400647,0.2102564102564103,0.28205128205128205,39
0022400648,0.06653225806451601,0.41935483870967744,31
0022400649,0.019943019943019835,0.46153846153846156,26
0022400650,0.12834224598930477,0.36363636363636365,33
0022400651,0.01848739495798324,0.47058823529411764,34
0022400652,0.12857142857142856,0.37142857142857144,35
0022400653,-0.10344827586206884,0.5862068965517241,29
0022400654,0.04285714285714293,0.45714285714285713,35
0022400655,-0.08187134502923987,0.5555555555555556,18
0022400656,0.04367816091954024,0.4482758620689655,29
0022400657,-0.026455026455026398,0.5185185185185185,27
0022400658,0.10984848484848486,0.375,32
0022400659,0.031620553359683834,0.45454545454545453,22
0022400660,-0.014285714285714235,0.5,34
0022400661,0.03780487804878052,0.45,40
0022400662,-0.050793650793650724,0.5428571428571428,35
0022400663,0.09269162210338677,0.3939393939393939,33
0022400664,0.06981981981981977,0.4166666666666667,36
0022400665,0.04285714285714293,0.45714285714285713,35
0022400666,0.07126436781609191,0.4482758620689655,29
0022400667,-0.07602339181286544,0.6666666666666666,18
0022400668,0.15053763440860224,0.3333333333333333,30
0022400669,0.09677419354838712,0.3870967741935484,31
0022400670,-0.06896551724137923,0.5517241379310345,29
0022400671,0.030158730158730274,0.45714285714285713,35
0022400672,-0.03228228228228225,0.5277777777777778,36
0022400673,0.06981981981981977,0.4166666666666667,36
0022400674,-0.03643724696356265,0.5263157894736842,38
0022400675,0.09269162210338677,0.3939393939393939,33
0022400676,-0.03361344537815125,0.5294117647058824,34
0022400677,0.09677419354838712,0.3870967741935484,31
0022400678,0.04285714285714293,0.45714285714285713,35
0022400679,0.05053763440860215,0.43333333333333335,30
0022400680,0.07407407407407396,0.4074074074074074,27
0022400681,0.054187192118226646,0.42857142857142855,28
0022400682,0.039682539682539764,0.4444444444444444,27
0022400683,0.06021505376344083,0.4666666666666667,30
0022400684,0.1158730158730159,0.37142857142857144,35
0022400685,0.1033613445378152,0.38235294117647056,34
0022400686,0.06666666666666665,0.4222222222222222,45
0022400687,-0.05703211517165019,0.5476190476190477,42
0022400688,0.11375661375661383,0.37037037037037035,27
0022400689,-0.07849462365591398,0.5666666666666667,30
0022400690,0.008064516129032251,0.4838709677419355,31
0022400691,0.1923076923076923,0.34615384615384615,26
0022400692,0.11264367816091958,0.3793103448275862,29
0022400693,0.05483870967741933,0.43333333333333335,30
0022400694,0.07282282282282271,0.4166666666666667,36
0022400695,-0.061253561253561184,0.5769230769230769,26
0022400696,-0.05230769230769239,0.56,25
0022400697,-0.012315270935960632,0.5,28
0022400698,0.016042780748663055,0.48484848484848486,33
0022400699,-0.04516129032258065,0.5333333333333333,30
0022400700,-0.04033613445378148,0.5294117647058824,34
0022400701,-0.018357487922705307,0.5111111111111111,45
0022400702,0.016516516516516533,0.5,36
0022400703,0.09269162210338677,0.3939393939393939,33
0022400704,-0.01724137931034475,0.5,28
0022400705,0.05230769230769239,0.44,25
0022400706,-0.04516129032258065,0.5333333333333333,30
0022400707,0.18371212121212122,0.3125,32
0022400708,-0.024024024024024038,0.5555555555555556,36
0022400709,0.07282282282282271,0.4166666666666667,36
0022400710,0.0014224751066855834,0.4864864864864865,37
0022400711,0.00588235294117645,0.5,34
0022400712,0.23109243697478998,0.2647058823529412,34
0022400713,0.07816091954022997,0.41379310344827586,29
0022400714,0.13104838709677413,0.3548387096774194,31
0022400715,0.163076923076923,0.32,25
0022400716,0.043076923076923124,0.44,25
0022400717,-0.07692307692307698,0.56,25
0022400718,0.05405405405405406,0.43243243243243246,37
0022400719,0.1878306878306879,0.2962962962962963,27
0022400720,0.0478991596638656,0.4411764705882353,34
0022400721,0.06999999999999995,0.4166666666666667,24
0022400722,0.08194905869324476,0.42857142857142855,42
0022400723,-0.09243697478991597,0.5882352941176471,34
0022400724,0.10384068278805114,0.40540540540540543,37
0022400725,0.1265969802555168,0.36585365853658536,41
0022400726,-0.04597701149425282,0.5862068965517241,29
0022400727,0.06554621848739495,0.47058823529411764,34
0022400728,0.11375661375661383,0.37037037037037035,27
0022400729,0.0478991596638656,0.4411764705882353,34
0022400730,-0.035037878787878785,0.53125,32
0022400731,0.07422402159244268,0.42105263157894735,38
0022400732,0.002016129032258007,0.4838709677419355,31
0022400733,-0.13756613756613756,0.6296296296296297,27
0022400734,-0.02367424242424243,0.53125,32
0022400735,0.03743315508021383,0.45454545454545453,33
0022400736,-0.09666666666666668,0.5833333333333334,24
0022400737,0.059113300492610765,0.42857142857142855,28
0022400738,0.12537537537537535,0.3611111111111111,36
0022400739,0.03529411764705881,0.47058823529411764,34
0022400740,0.023399014778325067,0.4642857142857143,28
0022400741,0.02327327327327333,0.4722222222222222,36
0022400742,0.05128205128205132,0.4358974358974359,39
0022400743,0.07816091954022997,0.41379310344827586,29
0022400744,0.17234848484848486,0.3125,32
0022400745,-0.13475609756097562,0.625,40
0022400746,0.1771871539313401,0.3333333333333333,42
0022400747,-0.043697478991596594,0.5294117647058824,34
0022400748,-0.014260249554367221,0.5151515151515151,33
0022400749,-0.03692307692307695,0.52,25
0022400750,0.038205980066445155,0.4523809523809524,42
0022400751,0.040322580645161255,0.45161290322580644,31
0022400752,-0.12857142857142856,0.6176470588235294,34
0022400753,-0.11538461538461531,0.6052631578947368,38
0022400754,0.10672268907563032,0.38235294117647056,34
0022400755,-0.06852497096399546,0.5609756097560976,41
0022400756,0.008064516129032251,0.4838709677419355,31
0022400757,0.12063492063492065,0.37142857142857144,35
0022400758,-0.07692307692307698,0.6153846153846154,26
0022400759,0.19590643274853792,0.2777777777777778,18
0022400760,-0.011627906976744207,0.5,42
0022400761,0.0022988505747125743,0.5172413793103449,29
0022400762,-0.015151515151515138,0.5,32
0022400763,0.01726726726726724,0.4722222222222222,36
0022400764,0.01848739495798324,0.47058823529411764,34
0022400765,0.13438438438438438,0.3611111111111111,36
0022400766,-0.036666666666666736,0.5833333333333334,24
0022400767,-0.053475935828877,0.5454545454545454,33
0022400768,0.07007575757575757,0.4375,32
0022400769,0.08333333333333326,0.4166666666666667,24
0022400770,-0.06719367588932801,0.5454545454545454,22
0022400771,0.1033613445378152,0.38235294117647056,34
0022400772,0.16133004926108385,0.32142857142857145,28
0022400773,0.19946808510638303,0.2978723404255319,47
0022400774,0.010582010582010692,0.48148148148148145,27
0022400775,0.04928017718715394,0.4523809523809524,42
0022400776,-0.04347826086956519,0.5217391304347826,23
0022400777,0.025210084033613467,0.47058823529411764,34
0022400778,0.07126436781609202,0.41379310344827586,29
0022400779,-0.07386363636363635,0.5625,32
0022400780,0.12121212121212122,0.36363636363636365,33
0022400781,0.14507422402159253,0.34210526315789475,38
0022400782,0.08990147783251246,0.39285714285714285,28
0022400783,-0.025287356321839094,0.5172413793103449,29
0022400784,0.058730158730158744,0.42857142857142855,35
0022400785,0.06773618538324411,0.42424242424242425,33
0022400786,0.11375661375661383,0.37037037037037035,27
0022400787,-0.04946236559139783,0.5333333333333333,30
0022400788,0.08571428571428574,0.4,35
0022400789,0.1172043010752688,0.36666666666666664,30
0022400790,-0.09756097560975607,0.5853658536585366,41
0022400791,0.1095305832147937,0.3783783783783784,37
0022400792,-0.18614718614718606,0.6666666666666666,21
0022400793,0.1397435897435897,0.358974358974359,39
0022400794,-0.05977011494252871,0.5517241379310345,29
0022400795,-0.04129129129129128,0.5277777777777778,36
0022400796,0.06773618538324411,0.42424242424242425,33
0022400797,-0.12681159420289867,0.6086956521739131,23
0022400798,-0.004983388704318914,0.5,42
0022400799,0.16216216216216217,0.32432432432432434,37
0022400800,0.0015873015873015817,0.4857142857142857,35
0022400801,0.1333333333333333,0.358974358974359,39
0022400802,0.04734848484848486,0.4375,32
0022400803,0.07282282282282271,0.4166666666666667,36
0022400804,-0.03655913978494618,0.5333333333333333,30
0022400805,0.1967741935483871,0.3,30
0022400806,0.026881720430107503,0.5,30
0022400807,0.07126436781609202,0.41379310344827586,29
0022400808,0.01726726726726724,0.4722222222222222,36
0022400809,0.08990147783251246,0.39285714285714285,28
0022400810,0.0,0.4864864864864865,37
0022400811,0.06333333333333324,0.4166666666666667,24
0022400812,-0.03361344537815125,0.5294117647058824,34
0022400813,-0.004878048780487809,0.5,40
0022400814,0.11280487804878048,0.375,40
0022400815,0.12537537537537535,0.3611111111111111,36
0022400816,0.07394957983193284,0.4117647058823529,34
0022400817,0.23484848484848486,0.25,32
0022400818,0.030303030303030276,0.45454545454545453,33
0022400819,0.07979797979797976,0.4090909090909091,44
0022400820,-0.05405405405405406,0.5405405405405406,37
0022400821,-0.05105105105105112,0.5555555555555556,36
0022400822,0.10574712643678164,0.41379310344827586,29
0022400823,0.19061166429587473,0.2972972972972973,37
0022400824,0.06882591093117418,0.42105263157894735,38
0022400825,0.021164021164021163,0.5555555555555556,27
0022400826,0.05990338164251208,0.4444444444444444,45
0022400827,-0.11612903225806448,0.6,30
0022400828,-0.10511363636363635,0.59375,32
0022400829,0.15079365079365092,0.3333333333333333,27
0022400830,0.08307692307692305,0.4,25
0022400831,0.10256410256410264,0.38461538461538464,26
0022400832,0.07692307692307698,0.41025641025641024,39
0022400833,0.08238636363636365,0.40625,32
0022400834,0.17471264367816097,0.3103448275862069,29
0022400835,0.028333333333333433,0.4583333333333333,24
0022400836,0.12169312169312174,0.37037037037037035,27
0022400837,-0.020000000000000018,0.5,24
0022400838,0.008064516129032251,0.4838709677419355,31
0022400839,0.022222222222222254,0.4666666666666667,45
0022400840,0.018826135105204922,0.47619047619047616,42
0022400841,0.17230769230769227,0.32,25
0022400842,0.24242424242424243,0.23809523809523808,21
0022400843,0.047101449275362306,0.43478260869565216,23
0022400844,0.13532763532763525,0.34615384615384615,26
0022400845,0.021592442645074317,0.47368421052631576,38
0022400846,0.16951566951566954,0.34615384615384615,26
0022400847,0.04743083003952564,0.45454545454545453,22
0022400848,0.17391304347826086,0.30434782608695654,23
0022400849,0.11010101010101003,0.4090909090909091,44
0022400850,-0.09384384384384392,0.5833333333333334,36
0022400851,0.1534391534391535,0.37037037037037035,27
0022400852,0.019943019943019835,0.46153846153846156,26
0022400853,-0.06906906906906907,0.5555555555555556,36
0022400854,0.04761904761904756,0.42857142857142855,21
0022400855,-0.004201680672268893,0.5,34
0022400856,0.1172043010752688,0.36666666666666664,30
0022400857,0.11166666666666669,0.375,24
0022400858,-0.08695652173913038,0.5652173913043478,23
0022400859,-0.003225806451612856,0.5,30
0022400860,-0.16315789473684217,0.6842105263157895,19
0022400861,-0.03543743078626804,0.5238095238095238,42
0022400862,0.07407407407407396,0.4074074074074074,27
0022400863,0.06653225806451601,0.41935483870967744,31
0022400864,-0.015151515151515138,0.5,32
0022400865,0.10060060060060061,0.3888888888888889,36
0022400866,-0.030303030303030276,0.5151515151515151,33
0022400867,0.04756871035940802,0.4418604651162791,43
0022400868,0.07999999999999996,0.4,25
0022400869,0.13532763532763525,0.34615384615384615,26
0022400870,-0.07836734693877556,0.5714285714285714,49
0022400871,0.10574712643678164,0.3793103448275862,29
0022400872,0.040000000000000036,0.44,25
0022400873,0.05840455840455827,0.4230769230769231,26
0022400874,0.16755793226381466,0.3333333333333333,33
0022400875,0.08205128205128209,0.41025641025641024,39
0022400876,-0.02898550724637683,0.5217391304347826,23
0022400877,-0.13193277310924367,0.6176470588235294,34
0022400878,-0.08235294117647063,0.5882352941176471,34
0022400879,-0.07765151515151514,0.5625,32
0022400880,-0.04166666666666663,0.5416666666666666,24
0022400881,-0.1207897793263647,0.6097560975609756,41
0022400882,-0.059288537549406994,0.5454545454545454,22
0022400883,0.10252525252525257,0.38636363636363635,44
0022400884,0.06451612903225801,0.45161290322580644,31
0022400885,0.002645502645502784,0.48148148148148145,27
0022400886,-0.04637096774193539,0.5483870967741935,31
0022400887,0.10483870967741937,0.3870967741935484,31
0022400888,0.0,0.48148148148148145,27
0022400889,0.11875843454790824,0.3684210526315789,38
0022400890,0.0641025641025641,0.4230769230769231,26
0022400891,0.163076923076923,0.32,25
0022400892,-0.030241935483870996,0.5161290322580645,31
0022400893,0.06451612903225801,0.41935483870967744,31
0022400894,-0.12096774193548387,0.6129032258064516,31
0022400895,0.18993993993993996,0.3055555555555556,36
0022400896,0.08965517241379317,0.41379310344827586,29
0022400897,0.1520467836257311,0.3333333333333333,18
0022400898,-0.056451612903225756,0.5483870967741935,31
0022400899,0.0,0.4827586206896552,29
0022400900,-0.06166666666666665,0.5416666666666666,24
0022400901,-0.004723346828609976,0.5,38
0022400902,0.03271692745376953,0.4594594594594595,37
0022400903,0.018826135105204922,0.47619047619047616,42
0022400904,0.07446808510638303,0.44680851063829785,47
0022400905,-0.11280487804878048,0.625,40
0022400906,-0.03817733990147787,0.5357142857142857,28
0022400907,-0.052631578947368474,0.5263157894736842,19
0022400908,-0.03692307692307695,0.52,25
0022400909,0.04634581105169333,0.45454545454545453,33
0022400910,0.017204301075268824,0.4666666666666667,30
0022400911,-0.03692307692307695,0.52,25
0022400912,0.05230769230769239,0.44,25
0022400913,0.17230769230769227,0.32,25
0022400914,0.12063492063492065,0.37142857142857144,35
0022400915,-0.024193548387096753,0.5161290322580645,31
0022400916,-0.03817733990147787,0.5357142857142857,28
0022400917,0.12685560053981104,0.3684210526315789,38
0022400918,0.10769230769230764,0.4,25
0022400919,0.12518142235123364,0.36538461538461536,52
0022400920,0.01848739495798324,0.47058823529411764,34
0022400921,-0.16428571428571426,0.65,20
0022400922,0.06333333333333324,0.4166666666666667,24
0022400923,0.17226890756302526,0.3235294117647059,34
0022400924,0.05405405405405406,0.43243243243243246,37
0022400925,0.023399014778325067,0.4642857142857143,28
0022400926,0.08361018826135103,0.40476190476190477,42
0022400927,0.06981981981981977,0.4166666666666667,36
0022400928,-0.07849462365591398,0.5666666666666667,30
0022400929,0.0043290043290044045,0.47619047619047616,21
0022400930,0.09269162210338677,0.3939393939393939,33
0022400931,0.043076923076923124,0.44,25
0022400932,0.18181818181818188,0.30303030303030304,33
0022400933,0.12413793103448278,0.3793103448275862,29
0022400934,0.032258064516129004,0.45161290322580644,31
0022400935,0.012802275960170695,0.4864864864864865,37
0022400936,0.034482758620689724,0.4482758620689655,29
0022400937,0.045121951219512235,0.45,40
0022400938,-0.020000000000000018,0.5,24
0022400939,0.06981981981981977,0.4166666666666667,36
0022400940,0.1995073891625615,0.35714285714285715,28
0022400941,0.13104838709677413,0.3548387096774194,31
0022400942,0.10672268907563032,0.38235294117647056,34
0022400943,-0.10344827586206884,0.5862068965517241,29
0022400944,0.025470653377630104,0.47619047619047616,42
0022400945,0.0802968960863697,0.4473684210526316,38
0022400946,0.06282051282051282,0.4358974358974359,39
0022400947,-0.014112903225806384,0.5161290322580645,31
0022400948,0.08833333333333337,0.4583333333333333,24
0022400949,-0.09090909090909094,0.5757575757575758,33
0022400950,0.19786096256684493,0.30303030303030304,33
0022400951,0.023809523809523947,0.48148148148148145,27
0022400952,0.14022988505747125,0.3448275862068966,29
0022400953,-0.01724137931034475,0.5,28
0022400954,0.13737373737373737,0.36363636363636365,44
0022400955,0.06006006006006004,0.4444444444444444,36
0022400956,0.04285714285714293,0.45714285714285713,35
0022400957,0.20738636363636365,0.28125,32
0022400958,-0.28205128205128205,0.7692307692307693,26
0022400959,-0.016129032258064502,0.5,30
0022400960,0.0022988505747125743,0.4827586206896552,29
0022400961,0.0,0.47368421052631576,19
0022400962,-0.1282051282051282,0.631578947368421,38
0022400963,0.0,0.4864864864864865,37
0022400964,0.1172043010752688,0.36666666666666664,30
0022400965,0.06258890469416789,0.4594594594594595,37
0022400966,-0.054116558741905685,0.5434782608695652,46
0022400967,0.0367816091954023,0.4482758620689655,29
0022400968,0.12413793103448278,0.3793103448275862,29
0022400969,0.16133004926108385,0.32142857142857145,28
0022400970,-0.06006006006006004,0.5555555555555556,36
0022400971,-0.040000000000000036,0.52,25
0022400972,0.12307692307692308,0.36,25
0022400973,-0.039408866995073843,0.5714285714285714,28
0022400974,-0.026455026455026398,0.5185185185185185,27
0022400975,0.08387096774193548,0.4,30
0022400976,0.1095305832147937,0.3783783783783784,37
0022400977,-0.029598308668076112,0.5348837209302325,43
0022400978,-0.032258064516129004,0.5161290322580645,31
0022400979,0.16216216216216228,0.3333333333333333,36
0022400980,-0.06974789915966384,0.5588235294117647,34
0022400981,-0.024193548387096753,0.5161290322580645,31
0022400982,0.0012820512820512775,0.48717948717948717,39
0022400983,0.2584670231729055,0.24242424242424243,33
0022400984,0.017316017316017285,0.47619047619047616,21
0022400985,0.07781649245063882,0.4146341463414634,41
0022400986,-0.03643724696356265,0.5263157894736842,38
0022400987,0.021505376344086002,0.4666666666666667,30
0022400988,-0.0185185185185186,0.5,26
0022400989,-0.011827956989247324,0.5,30
0022400990,-0.02317290552584672,0.5151515151515151,33
0022400991,0.08266129032258063,0.41935483870967744,31
0022400992,0.18093093093093093,0.3055555555555556,36
0022400993,0.06653225806451601,0.41935483870967744,31
0022400994,0.03325123152709353,0.4642857142857143,28
0022400995,-0.10474308300395252,0.5909090909090909,22
0022400996,-0.07102272727272729,0.59375,32
0022400997,0.19512195121951215,0.2926829268292683,41
0022400998,0.1707070707070708,0.3181818181818182,44
0022400999,0.2192513368983957,0.2727272727272727,33
0022401000,-0.0024630541871921707,0.5,28
0022401001,0.011538461538461497,0.48717948717948717,39
0022401002,0.08307692307692305,0.4,25
0022401003,-0.0625,0.5483870967741935,31
0022401004,0.1282051282051282,0.358974358974359,39
0022401005,-0.010084033613445342,0.5294117647058824,34
0022401006,0.08387096774193548,0.4,30
0022401007,0.010582010582010692,0.48148148148148145,27
0022401008,-0.07407407407407418,0.5555555555555556,27
0022401009,0.11264367816091958,0.3793103448275862,29
0022401010,0.019886363636363646,0.46875,32
0022401011,0.05105105105105112,0.4444444444444444,36
0022401012,0.0766488413547236,0.42424242424242425,33
0022401013,0.0788288288288288,0.4166666666666667,36
0022401014,-0.09971509971509973,0.6153846153846154,26
0022401015,0.05230769230769239,0.44,25
0022401016,-0.07765151515151514,0.5625,32
0022401017,0.22999999999999998,0.25,24
0022401018,0.07671957671957674,0.4074074074074074,27
0022401019,0.106951871657754,0.3939393939393939,33
0022401020,0.04761904761904767,0.4444444444444444,27
0022401021,0.2564102564102564,0.23076923076923078,26
0022401022,0.04504504504504503,0.4444444444444444,36
0022401023,0.18160919540229892,0.3103448275862069,29
0022401024,-0.03361344537815125,0.5294117647058824,34
0022401025,0.14717741935483875,0.3548387096774194,31
0022401026,-0.05294117647058827,0.5588235294117647,34
0022401027,-0.04946236559139783,0.5333333333333333,30
0022401028,0.08990147783251246,0.39285714285714285,28
0022401029,-0.031294452347083945,0.5405405405405406,37
0022401030,0.11561561561561562,0.3888888888888889,36
0022401031,0.1121951219512195,0.4,40
0022401032,0.12307692307692308,0.36,25
0022401033,0.026881720430107503,0.5,30
0022401034,0.047101449275362306,0.43478260869565216,23
0022401035,0.09206349206349207,0.4,35
0022401036,0.17301587301587307,0.3142857142857143,35
0022401037,-0.12554112554112562,0.6190476190476191,21
0022401038,0.0017825311942958333,0.48484848484848486,33
0022401039,0.14082503556187764,0.35135135135135137,37
0022401040,0.10499999999999998,0.375,24
0022401041,0.09677419354838712,0.3870967741935484,31
0022401042,0.017204301075268824,0.4666666666666667,30
0022401043,-0.042857142857142816,0.5428571428571428,35
0022401044,0.07816091954022997,0.41379310344827586,29
0022401045,-0.043697478991596594,0.5294117647058824,34
0022401046,0.17301587301587307,0.3142857142857143,35
0022401047,0.021666666666666723,0.4583333333333333,24
0022401048,0.09686609686609682,0.38461538461538464,26
0022401049,0.02177177177177181,0.5277777777777778,36
0022401050,0.27142857142857146,0.22857142857142856,35
0022401051,-0.03218390804597704,0.5172413793103449,29
0022401052,0.02564102564102566,0.46153846153846156,26
0022401053,0.12307692307692308,0.36,25
0022401054,0.10053981106612686,0.39473684210526316,38
0022401055,0.09999999999999998,0.4,35
0022401056,0.040322580645161255,0.45161290322580644,31
0022401057,-0.021739130434782594,0.5,22
0022401058,0.11363636363636365,0.375,32
0022401059,0.13709677419354838,0.3548387096774194,31
0022401060,0.08387096774193548,0.4,30
0022401061,0.08374384236453203,0.42857142857142855,28
0022401062,0.2761904761904762,0.2,20
0022401063,0.09482758620689657,0.39285714285714285,28
0022401064,-0.01092436974789912,0.5,34
0022401065,0.05483870967741933,0.43333333333333335,30
0022401066,0.05714285714285716,0.42857142857142855,35
0022401067,0.06737588652482274,0.425531914893617,47
0022401068,0.01619433198380582,0.47368421052631576,38
0022401069,0.125,0.375,24
0022401070,-0.05698005698005704,0.5384615384615384,26
0022401071,-0.08866995073891615,0.5714285714285714,28
0022401072,0.07317073170731714,0.4146341463414634,41
0022401073,-0.056451612903225756,0.5483870967741935,31
0022401074,0.06653225806451601,0.41935483870967744,31
0022401075,0.016042780748663055,0.48484848484848486,33
0022401076,-0.020000000000000018,0.5,24
0022401077,0.1693548387096775,0.3225806451612903,31
0022401078,-0.014102564102564052,0.5128205128205128,39
0022401079,0.09677419354838712,0.3870967741935484,31
0022401080,0.09879032258064513,0.3870967741935484,31
0022401081,-0.09677419354838712,0.5806451612903226,31
0022401082,-0.05499999999999994,0.5416666666666666,24
0022401083,0.022201665124884307,0.4782608695652174,46
0022401084,0.07317073170731714,0.4146341463414634,41
0022401085,0.03427419354838701,0.45161290322580644,31
0022401086,0.021505376344086002,0.4666666666666667,30
0022401087,0.047101449275362306,0.43478260869565216,23
0022401088,0.11344537815126055,0.38235294117647056,34
0022401089,0.02371541501976282,0.45454545454545453,22
0022401090,0.002645502645502784,0.48148148148148145,27
0022401091,0.032258064516129004,0.45161290322580644,31
0022401092,0.009195402298850519,0.4827586206896552,29
0022401093,0.027692307692307683,0.48,25
0022401094,0.163076923076923,0.32,25
0022401095,-0.05714285714285705,0.5428571428571428,35
0022401096,-0.012315270935960632,0.5,28
0022401097,0.09759759759759767,0.3888888888888889,36
0022401098,0.062388591800356386,0.42424242424242425,33
0022401099,0.0,0.5384615384615384,26
0022401100,0.06882591093117418,0.42105263157894735,38
0022401101,-0.04946236559139783,0.5333333333333333,30
0022401102,0.03191489361702138,0.48936170212765956,47
0022401103,0.12299465240641705,0.36363636363636365,33
0022401104,-0.05128205128205121,0.5384615384615384,26
0022401105,0.054621848739495826,0.4411764705882353,34
0022401106,0.12169312169312174,0.37037037037037035,27
0022401107,0.1471264367816092,0.3448275862068966,29
0022401108,0.00512820512820511,0.48717948717948717,39
0022401109,0.06653225806451601,0.41935483870967744,31
0022401110,-0.17230769230769238,0.68,25
0022401111,0.08833333333333337,0.4583333333333333,24
0022401112,-0.0024630541871921707,0.5,28
0022401113,0.20797720797720798,0.3076923076923077,26
0022401114,-0.014112903225806384,0.5161290322580645,31
0022401115,0.05483870967741933,0.43333333333333335,30
0022401116,0.23010752688172054,0.26666666666666666,30
0022401117,0.17496443812233287,0.32432432432432434,37
0022401118,-0.012145748987854255,0.5263157894736842,38
0022401119,-0.004267425320056861,0.5135135135135135,37
0022401120,0.22101449275362306,0.2608695652173913,23
0022401121,0.053968253968254,0.45714285714285713,35
0022401122,-0.06628787878787878,0.5625,32
0022401123,0.08238636363636365,0.40625,32
0022401124,0.17753623188405787,0.30434782608695654,23
0022401125,0.21225071225071224,0.2692307692307692,26
0022401126,0.16218487394957992,0.3235294117647059,34
0022401127,-0.09269162210338677,0.6060606060606061,33
0022401128,0.04367816091954024,0.4482758620689655,29
0022401129,0.015126050420168125,0.47058823529411764,34
0022401130,-0.042857142857142816,0.5428571428571428,35
0022401131,0.0766488413547236,0.42424242424242425,33
0022401132,0.0597439544807965,0.43243243243243246,37
0022401133,0.06524390243902434,0.425,40
0022401134,-0.042613636363636354,0.53125,32
0022401135,-0.0014245014245013454,0.5,26
0022401136,0.06060606060606055,0.42424242424242425,33
0022401137,0.12418300653594772,0.35294117647058826,17
0022401138,-0.10846560846560838,0.5925925925925926,27
0022401139,0.09090909090909094,0.3939393939393939,33
0022401140,-0.08377896613190738,0.5757575757575758,33
0022401141,0.0017825311942958333,0.48484848484848486,33
0022401142,0.032258064516129004,0.45161290322580644,31
0022401143,-0.13438735177865613,0.6363636363636364,22
0022401144,0.27169274537695587,0.21621621621621623,37
0022401145,0.003076923076923088,0.48,25
0022401146,-0.030241935483870996,0.5161290322580645,31
0022401147,0.018472906403940947,0.4642857142857143,28
0022401148,-0.012145748987854255,0.5263157894736842,38
0022401149,0.15679442508710795,0.34146341463414637,41
0022401150,0.07422402159244268,0.42105263157894735,38
0022401151,0.00588235294117645,0.5,34
0022401152,-0.15076923076923077,0.68,25
0022401153,0.1426426426426427,0.3888888888888889,36
0022401154,0.07936507936507942,0.4444444444444444,27
0022401155,-0.026455026455026398,0.5185185185185185,27
0022401156,0.07692307692307698,0.38461538461538464,13
0022401157,-0.052631578947368474,0.5405405405405406,37
0022401158,0.03260869565217395,0.4782608695652174,23
0022401159,0.16625615763546797,0.32142857142857145,28
0022401160,0.02619047619047621,0.45,20
0022401161,-0.0445632798573975,0.5454545454545454,33
0022401162,0.06524390243902434,0.425,40
0022401163,-0.03974358974358971,0.5384615384615384,39
0022401164,0.016098484848484862,0.46875,32
0022401165,-0.0017825311942958333,0.5151515151515151,33
0022401166,0.09288537549407105,0.4090909090909091,22
0022401167,0.10060060060060061,0.3888888888888889,36
0022401168,-0.13793103448275856,0.6206896551724138,29
0022401169,0.2102564102564103,0.28205128205128205,39
0022401170,0.06773618538324411,0.42424242424242425,33
0022401171,0.15864527629233516,0.3333333333333333,33
0022401172,0.17948717948717952,0.3157894736842105,38
0022401173,0.0641025641025641,0.4230769230769231,26
0022401174,0.2055335968379447,0.2727272727272727,22
0022401175,0.13104838709677413,0.3548387096774194,31
0022401176,0.02564102564102566,0.46153846153846156,26
0022401177,0.04761904761904767,0.4444444444444444,27
0022401178,0.012307692307692353,0.48,25
0022401179,-0.0714285714285714,0.5714285714285714,35
0022401180,0.016516516516516533,0.5,36
0022401181,0.12307692307692308,0.36,25
0022401182,0.10952380952380947,0.35714285714285715,14
0022401183,0.0,0.48484848484848486,33
0022401184,0.019943019943019835,0.46153846153846156,26
0022401185,0.08817204301075265,0.4,30
0022401186,0.04385964912280704,0.5,18
0022401187,0.039682539682539764,0.4444444444444444,27
0022401188,-0.052631578947368474,0.5405405405405406,37
0022401189,-0.02560455192034139,0.5135135135135135,37
0022401190,0.021666666666666723,0.4583333333333333,24
0022401191,-0.04802955665024633,0.5357142857142857,28
0022401192,-0.04640151515151514,0.53125,32
0022401193,0.03968253968253965,0.4857142857142857,35
0022401194,-0.11692307692307691,0.6,25
0022401195,0.07999999999999996,0.4,25
0022401196,0.11410256410256414,0.38461538461538464,39
0022401197,0.022727272727272707,0.5,32
0022401198,-0.026984126984126888,0.5142857142857142,35
0022401199,0.08990147783251246,0.39285714285714285,28
0022401200,0.05714285714285716,0.42857142857142855,14
0022401201,-0.015151515151515138,0.5,32
0022401202,0.10499999999999998,0.375,24
0022401203,0.04166666666666674,0.4583333333333333,24
0022401204,-0.03985507246376818,0.5217391304347826,23
0022401205,0.0052631578947368585,0.47368421052631576,19
0022401206,0.01505376344086018,0.5333333333333333,30
0022401207,0.04504504504504503,0.4444444444444444,36
0022401208,0.07777777777777772,0.4857142857142857,35
0022401209,0.18894830659536543,0.30303030303030304,33
0022401210,-0.10960591133004927,0.6071428571428571,28
0022401211,0.044537815126050484,0.4411764705882353,34
0022401212,0.028571428571428692,0.45714285714285713,35
0022401213,0.06006006006006004,0.4444444444444444,36
0022401214,0.13793103448275867,0.3448275862068966,29
0022401215,0.09354838709677415,0.43333333333333335,30
0022401216,-0.15798319327731092,0.6470588235294118,34
0022401217,0.06021505376344083,0.4666666666666667,30
0022401218,0.11166666666666669,0.375,24
0022401219,0.012315270935960632,0.5,28
0022401220,0.02083333333333326,0.4791666666666667,48
0022401221,0.03982930298719778,0.4594594594594595,37
0022401222,0.012802275960170695,0.4864864864864865,37
0022401223,0.015243902439024404,0.475,40
0022401224,-0.03709856035437431,0.5476190476190477,42
0022401225,-0.0045045045045044585,0.5,36
0022401226,0.08571428571428574,0.4,35
0022401227,0.022727272727272707,0.5,32
0022401228,0.023809523809523947,0.48148148148148145,27
0022401229,0.08205128205128209,0.41025641025641024,39
0022401230,0.05707070707070705,0.4318181818181818,44
