game_id,observed_opposite,opportunity_null,excess
0022400001,0.625,0.5289166666666666,0.09608333333333341
0022400002,0.5405405405405406,0.5452972972972973,-0.004756756756756686
0022400003,0.5,0.5388666666666666,-0.038866666666666605
0022400004,0.5862068965517241,0.5500689655172414,0.036137931034482706
0022400005,0.5,0.5090833333333333,-0.009083333333333332
0022400006,0.56,0.54232,0.01768000000000003
0022400007,0.7142857142857143,0.5530285714285714,0.16125714285714288
0022400008,0.5555555555555556,0.5601111111111111,-0.004555555555555535
0022400009,0.625,0.5625,0.0625
0022400010,0.6470588235294118,0.5654117647058824,0.0816470588235294
0022400011,0.44,0.55072,-0.11071999999999999
0022400012,0.6666666666666666,0.5576363636363637,0.10903030303030292
0022400013,0.5454545454545454,0.5427272727272727,0.0027272727272726893
0022400014,0.6216216216216216,0.5632432432432433,0.05837837837837834
0022400015,0.5555555555555556,0.5211851851851852,0.034370370370370384
0022400016,0.48484848484848486,0.5064848484848484,-0.021636363636363565
0022400017,0.5555555555555556,0.5451111111111111,0.010444444444444478
0022400018,0.4594594594594595,0.5029729729729729,-0.04351351351351346
0022400019,0.5263157894736842,0.5523157894736842,-0.026000000000000023
0022400020,0.53125,0.558125,-0.026874999999999982
0022400021,0.5714285714285714,0.5578571428571429,0.013571428571428457
0022400022,0.4827586206896552,0.5633103448275861,-0.08055172413793094
0022400023,0.5116279069767442,0.5665116279069768,-0.05488372093023264
0022400024,0.6060606060606061,0.5487878787878787,0.057272727272727364
0022400025,0.5185185185185185,0.5073333333333333,0.011185185185185187
0022400026,0.5555555555555556,0.5370555555555555,0.018500000000000072
0022400027,0.5714285714285714,0.5576428571428571,0.01378571428571429
0022400028,0.5263157894736842,0.5450526315789473,-0.018736842105263163
0022400029,0.46875,0.5575625,-0.08881249999999996
0022400030,0.7,0.5485999999999999,0.1514000000000001
0022400031,0.5882352941176471,0.5584705882352942,0.029764705882352915
0022400032,0.5135135135135135,0.5567567567567567,-0.043243243243243246
0022400033,0.5277777777777778,0.5582777777777779,-0.030500000000000083
0022400034,0.6206896551724138,0.5297241379310346,0.09096551724137925
0022400035,0.3783783783783784,0.5498378378378378,-0.1714594594594594
0022400036,0.5357142857142857,0.5335,0.002214285714285724
0022400037,0.41935483870967744,0.5483225806451613,-0.12896774193548383
0022400038,0.5454545454545454,0.5550909090909091,-0.009636363636363665
0022400039,0.5384615384615384,0.5190769230769231,0.019384615384615334
0022400040,0.5714285714285714,0.5604285714285713,0.01100000000000012
0022400041,0.45714285714285713,0.5580571428571428,-0.10091428571428568
0022400042,0.5588235294117647,0.547235294117647,0.011588235294117677
0022400043,0.43333333333333335,0.5374666666666666,-0.1041333333333333
0022400044,0.5384615384615384,0.5543076923076923,-0.015846153846153843
0022400045,0.6071428571428571,0.5432857142857144,0.06385714285714272
0022400046,0.7931034482758621,0.5527586206896551,0.240344827586207
0022400047,0.6071428571428571,0.5452142857142858,0.06192857142857133
0022400048,0.6071428571428571,0.5560714285714287,0.051071428571428434
0022400049,0.6,0.5584666666666666,0.04153333333333342
0022400050,0.4411764705882353,0.5484705882352942,-0.10729411764705887
0022400051,0.6388888888888888,0.5650555555555555,0.0738333333333333
0022400052,0.5757575757575758,0.5523636363636364,0.02339393939393941
0022400053,0.5277777777777778,0.5505,-0.0227222222222222
0022400054,0.5897435897435898,0.5631794871794872,0.026564102564102576
0022400055,0.4838709677419355,0.5018064516129033,-0.017935483870967772
0022400056,0.41025641025641024,0.5261538461538462,-0.11589743589743595
0022400057,0.5517241379310345,0.5482758620689656,0.0034482758620688614
0022400058,0.5142857142857142,0.5277142857142857,-0.013428571428571456
0022400059,0.5151515151515151,0.5616969696969697,-0.046545454545454557
0022400060,0.5769230769230769,0.546923076923077,0.029999999999999916
0022400061,0.5833333333333334,0.5453333333333332,0.038000000000000145
0022400062,0.5555555555555556,0.5702777777777779,-0.014722222222222303
0022400063,0.7222222222222222,0.5651666666666667,0.1570555555555555
0022400064,0.4782608695652174,0.5402173913043479,-0.061956521739130466
0022400065,0.6111111111111112,0.554,0.05711111111111111
0022400066,0.5476190476190477,0.5665714285714285,-0.018952380952380832
0022400067,0.5384615384615384,0.564,-0.02553846153846151
0022400068,0.5555555555555556,0.5659444444444445,-0.010388888888888892
0022400069,0.6551724137931034,0.5562068965517242,0.09896551724137925
0022400070,0.47058823529411764,0.5511764705882353,-0.08058823529411763
0022400071,0.5581395348837209,0.5503720930232557,0.007767441860465185
0022400072,0.65,0.5492,0.1008
0022400073,0.4375,0.5564375,-0.11893750000000003
0022400074,0.6285714285714286,0.5473714285714285,0.08120000000000005
0022400075,0.56,0.55128,0.008720000000000061
0022400076,0.4857142857142857,0.5512571428571428,-0.06554285714285707
0022400077,0.42857142857142855,0.5238095238095238,-0.09523809523809529
0022400078,0.5084745762711864,0.5949152542372881,-0.08644067796610166
0022400079,0.45652173913043476,0.5670434782608695,-0.11052173913043478
0022400080,0.5483870967741935,0.5476774193548388,0.0007096774193546818
0022400081,0.6,0.5606857142857143,0.039314285714285635
0022400082,0.46938775510204084,0.5724489795918366,-0.10306122448979577
0022400083,0.6785714285714286,0.536,0.14257142857142857
0022400084,0.4,0.483,-0.08299999999999996
0022400085,0.5789473684210527,0.5289473684210527,0.04999999999999993
0022400086,0.5588235294117647,0.5539411764705882,0.00488235294117656
0022400087,0.6285714285714286,0.5625142857142857,0.06605714285714281
0022400088,0.6857142857142857,0.5413142857142856,0.14440000000000008
0022400089,0.6875,0.5430625,0.1444375
0022400090,0.6086956521739131,0.5689130434782609,0.0397826086956522
0022400091,0.5882352941176471,0.5511764705882353,0.03705882352941181
0022400092,0.5,0.5537894736842106,-0.05378947368421061
0022400093,0.7,0.5503999999999999,0.14960000000000007
0022400094,0.5263157894736842,0.5452105263157896,-0.01889473684210541
0022400095,0.6216216216216216,0.5316216216216216,0.08999999999999997
0022400096,0.5454545454545454,0.5543636363636364,-0.008909090909090978
0022400097,0.6410256410256411,0.5632307692307693,0.07779487179487177
0022400098,0.5555555555555556,0.5285,0.02705555555555561
0022400099,0.6216216216216216,0.5691351351351353,0.05248648648648635
0022400100,0.6944444444444444,0.5568333333333333,0.13761111111111113
0022400101,0.5428571428571428,0.5553714285714285,-0.0125142857142857
0022400102,0.7333333333333333,0.5714222222222222,0.16191111111111112
0022400103,0.525,0.5625,-0.03749999999999998
0022400104,0.53125,0.555875,-0.024625000000000008
0022400105,0.5925925925925926,0.5564444444444443,0.03614814814814826
0022400106,0.4838709677419355,0.5607741935483871,-0.07690322580645159
0022400107,0.47368421052631576,0.5396315789473685,-0.0659473684210527
0022400108,0.6206896551724138,0.539655172413793,0.0810344827586208
0022400109,0.6944444444444444,0.5666666666666668,0.12777777777777766
0022400110,0.696969696969697,0.5465454545454546,0.15042424242424246
0022400111,0.5588235294117647,0.5592352941176469,-0.0004117647058822227
0022400112,0.5853658536585366,0.5598536585365854,0.02551219512195113
0022400113,0.5,0.5606666666666668,-0.06066666666666676
0022400114,0.6,0.5631428571428571,0.03685714285714292
0022400115,0.6071428571428571,0.5357142857142858,0.07142857142857129
0022400116,0.48148148148148145,0.5101481481481482,-0.028666666666666785
0022400117,0.631578947368421,0.5602631578947369,0.07131578947368411
0022400118,0.3448275862068966,0.34668965517241385,-0.0018620689655172717
0022400119,0.6216216216216216,0.546,0.07562162162162156
0022400120,0.5588235294117647,0.5631764705882353,-0.0043529411764705594
0022400121,0.5151515151515151,0.5515757575757575,-0.03642424242424236
0022400122,0.5,0.5527142857142858,-0.052714285714285825
0022400123,0.45161290322580644,0.5570967741935484,-0.10548387096774198
0022400124,0.6764705882352942,0.5555882352941176,0.12088235294117655
0022400125,0.5,0.508625,-0.008624999999999994
0022400126,0.5666666666666667,0.5464666666666665,0.020200000000000107
0022400127,0.5806451612903226,0.5590322580645161,0.021612903225806557
0022400128,0.6341463414634146,0.5558048780487804,0.07834146341463422
0022400129,0.5945945945945946,0.5492432432432434,0.045351351351351266
0022400130,0.5625,0.5594375,0.003062499999999968
0022400131,0.6216216216216216,0.5612432432432433,0.06037837837837834
0022400132,0.4838709677419355,0.5046451612903226,-0.020774193548387054
0022400133,0.5588235294117647,0.5508235294117647,0.008000000000000007
0022400134,0.5454545454545454,0.5535454545454545,-0.008090909090909038
0022400135,0.5833333333333334,0.5566666666666668,0.026666666666666616
0022400136,0.7142857142857143,0.5378571428571429,0.17642857142857138
0022400137,0.5526315789473685,0.4727368421052631,0.07989473684210535
0022400138,0.46153846153846156,0.49053846153846153,-0.02899999999999997
0022400139,0.5483870967741935,0.5433548387096775,0.005032258064516015
0022400140,0.5945945945945946,0.5010810810810811,0.09351351351351356
0022400141,0.4666666666666667,0.5262666666666667,-0.059599999999999986
0022400142,0.5625,0.544375,0.018124999999999947
0022400143,0.55,0.5542,-0.0041999999999999815
0022400144,0.5918367346938775,0.5571836734693877,0.034653061224489856
0022400145,0.6,0.55376,0.04623999999999995
0022400146,0.5769230769230769,0.5294615384615383,0.047461538461538555
0022400147,0.5428571428571428,0.562742857142857,-0.019885714285714173
0022400148,0.5789473684210527,0.5612631578947369,0.017684210526315747
0022400149,0.6,0.494,0.10599999999999998
0022400150,0.47058823529411764,0.5452941176470588,-0.07470588235294118
0022400151,0.8536585365853658,0.573219512195122,0.2804390243902438
0022400152,0.6,0.51592,0.08407999999999993
0022400153,0.6923076923076923,0.5682051282051281,0.12410256410256415
0022400154,0.5,0.5510769230769231,-0.05107692307692313
0022400155,0.6285714285714286,0.5427428571428571,0.08582857142857148
0022400156,0.47058823529411764,0.5345882352941177,-0.06400000000000006
0022400157,0.3333333333333333,0.5524166666666668,-0.21908333333333346
0022400158,0.6333333333333333,0.5607333333333333,0.0726
0022400159,0.48484848484848486,0.5218181818181818,-0.036969696969696986
0022400160,0.6756756756756757,0.5494594594594595,0.12621621621621615
0022400161,0.5806451612903226,0.560516129032258,0.020129032258064616
0022400162,0.5555555555555556,0.554611111111111,0.0009444444444445255
0022400163,0.625,0.5281875,0.09681249999999997
0022400164,0.4444444444444444,0.5468888888888889,-0.10244444444444445
0022400165,0.6551724137931034,0.5561379310344828,0.09903448275862059
0022400166,0.6585365853658537,0.5522926829268292,0.10624390243902448
0022400167,0.6896551724137931,0.54,0.1496551724137931
0022400168,0.5454545454545454,0.560969696969697,-0.015515151515151593
0022400169,0.5555555555555556,0.5455555555555557,0.009999999999999898
0022400170,0.4864864864864865,0.5591351351351351,-0.07264864864864862
0022400171,0.5357142857142857,0.5358571428571429,-0.00014285714285722229
0022400172,0.5294117647058824,0.5655294117647058,-0.03611764705882348
0022400173,0.5217391304347826,0.5474782608695652,-0.025739130434782598
0022400174,0.5666666666666667,0.5552,0.011466666666666625
0022400175,0.4838709677419355,0.49825806451612903,-0.01438709677419353
0022400176,0.5666666666666667,0.5488,0.017866666666666697
0022400177,0.4772727272727273,0.5498181818181818,-0.07254545454545447
0022400178,0.5384615384615384,0.5452307692307693,-0.006769230769230861
0022400179,0.5151515151515151,0.5614545454545455,-0.0463030303030304
0022400180,0.5,0.5299333333333333,-0.029933333333333256
0022400181,0.6785714285714286,0.5567857142857143,0.12178571428571427
0022400182,0.48484848484848486,0.5646060606060606,-0.0797575757575757
0022400183,0.6153846153846154,0.5546923076923076,0.06069230769230782
0022400184,0.48,0.5505599999999999,-0.07055999999999996
0022400185,0.42424242424242425,0.5507272727272727,-0.12648484848484848
0022400186,0.75,0.5614285714285713,0.18857142857142872
0022400187,0.45454545454545453,0.5394545454545455,-0.08490909090909099
0022400188,0.5806451612903226,0.4932258064516129,0.08741935483870972
0022400189,0.5333333333333333,0.5525333333333333,-0.019199999999999995
0022400190,0.5666666666666667,0.5605999999999999,0.006066666666666776
0022400191,0.4473684210526316,0.527578947368421,-0.08021052631578945
0022400192,0.5588235294117647,0.5206470588235294,0.03817647058823537
0022400193,0.5517241379310345,0.5448275862068965,0.006896551724137945
0022400194,0.4074074074074074,0.5281481481481481,-0.12074074074074076
0022400195,0.4074074074074074,0.5542962962962963,-0.1468888888888889
0022400196,0.6875,0.559,0.12849999999999995
0022400197,0.5789473684210527,0.5588947368421052,0.020052631578947433
0022400198,0.4375,0.5548125,-0.11731250000000004
0022400199,0.48148148148148145,0.5333333333333332,-0.05185185185185176
0022400200,0.6285714285714286,0.5506857142857143,0.07788571428571422
0022400201,0.6363636363636364,0.5607878787878787,0.07557575757575763
0022400202,0.5806451612903226,0.563741935483871,0.01690322580645165
0022400203,0.5135135135135135,0.5628108108108109,-0.04929729729729737
0022400204,0.5833333333333334,0.5573888888888889,0.025944444444444437
0022400205,0.6756756756756757,0.5552432432432433,0.1204324324324324
0022400206,0.5517241379310345,0.5553793103448277,-0.0036551724137932062
0022400207,0.5833333333333334,0.5603888888888889,0.022944444444444434
0022400208,0.6206896551724138,0.5533793103448276,0.06731034482758624
0022400209,0.47058823529411764,0.5619411764705883,-0.09135294117647064
0022400210,0.5483870967741935,0.5481290322580645,0.0002580645161289752
0022400211,0.4857142857142857,0.5464571428571428,-0.06074285714285704
0022400212,0.6428571428571429,0.552,0.09085714285714286
0022400213,0.5333333333333333,0.5568,-0.023466666666666636
0022400214,0.5384615384615384,0.5538461538461538,-0.01538461538461533
0022400215,0.5,0.5516315789473686,-0.051631578947368584
0022400216,0.47368421052631576,0.525157894736842,-0.05147368421052628
0022400217,0.6451612903225806,0.5487741935483871,0.09638709677419355
0022400218,0.42424242424242425,0.5608484848484848,-0.13660606060606056
0022400219,0.41379310344827586,0.5578620689655172,-0.1440689655172413
0022400220,0.6666666666666666,0.5550833333333333,0.11158333333333337
0022400221,0.625,0.5486666666666667,0.07633333333333325
0022400222,0.6551724137931034,0.5630344827586207,0.09213793103448276
0022400223,0.5517241379310345,0.5077241379310344,0.04400000000000004
0022400224,0.5151515151515151,0.5398787878787878,-0.02472727272727271
0022400225,0.5116279069767442,0.5714883720930234,-0.05986046511627918
0022400226,0.5757575757575758,0.5592727272727273,0.016484848484848547
0022400227,0.5185185185185185,0.47985185185185186,0.03866666666666663
0022400228,0.4838709677419355,0.5627741935483871,-0.0789032258064516
0022400229,0.6666666666666666,0.5489333333333333,0.11773333333333336
0022400230,0.625,0.5595,0.0655
0022400231,0.5769230769230769,0.5414615384615384,0.03546153846153843
0022400232,0.696969696969697,0.556060606060606,0.14090909090909098
0022400233,0.525,0.54175,-0.01674999999999993
0022400234,0.6896551724137931,0.5324827586206897,0.15717241379310343
0022400235,0.72,0.5525599999999999,0.16744000000000003
0022400236,0.6363636363636364,0.5108484848484848,0.12551515151515158
0022400237,0.4827586206896552,0.5542758620689656,-0.07151724137931043
0022400238,0.5833333333333334,0.5554166666666667,0.0279166666666667
0022400239,0.5151515151515151,0.5598181818181818,-0.04466666666666663
0022400240,0.6285714285714286,0.5626857142857143,0.06588571428571421
0022400241,0.6111111111111112,0.5495555555555555,0.0615555555555557
0022400242,0.5454545454545454,0.5660454545454545,-0.020590909090909104
0022400243,0.6,0.5527,0.04730000000000001
0022400244,0.6774193548387096,0.5538709677419354,0.12354838709677418
0022400245,0.2692307692307692,0.5302307692307692,-0.26099999999999995
0022400246,0.5,0.546923076923077,-0.046923076923076956
0022400247,0.6944444444444444,0.56,0.13444444444444437
0022400248,0.36,0.5504,-0.1904
0022400249,0.5428571428571428,0.5601142857142857,-0.01725714285714286
0022400250,0.6896551724137931,0.5528275862068965,0.1368275862068966
0022400251,0.5652173913043478,0.5516521739130436,0.01356521739130423
0022400252,0.56,0.54112,0.018880000000000008
0022400253,0.6129032258064516,0.5213548387096774,0.09154838709677426
0022400254,0.48717948717948717,0.5447692307692307,-0.0575897435897435
0022400255,0.6451612903225806,0.5487096774193548,0.09645161290322579
0022400256,0.53125,0.554875,-0.023625000000000007
0022400257,0.5185185185185185,0.5535555555555556,-0.03503703703703709
0022400258,0.6206896551724138,0.551655172413793,0.06903448275862079
0022400259,0.71875,0.56275,0.15600000000000003
0022400260,0.5897435897435898,0.5586153846153845,0.031128205128205244
0022400261,0.5227272727272727,0.5741363636363636,-0.05140909090909085
0022400262,0.6046511627906976,0.5301860465116278,0.07446511627906982
0022400263,0.5714285714285714,0.5404,0.031028571428571405
0022400264,0.6333333333333333,0.555,0.07833333333333325
0022400265,0.5,0.567,-0.06699999999999995
0022400266,0.4827586206896552,0.535448275862069,-0.05268965517241381
0022400267,0.5135135135135135,0.5592432432432434,-0.045729729729729884
0022400268,0.7575757575757576,0.5555757575757576,0.20199999999999996
0022400269,0.7272727272727273,0.5627878787878787,0.16448484848484857
0022400270,0.6785714285714286,0.5522142857142857,0.12635714285714295
0022400271,0.75,0.554875,0.195125
0022400272,0.48484848484848486,0.5573333333333333,-0.07248484848484849
0022400273,0.4473684210526316,0.5581052631578948,-0.11073684210526319
0022400274,0.5151515151515151,0.5567878787878787,-0.04163636363636358
0022400275,0.5277777777777778,0.5452222222222222,-0.017444444444444374
0022400276,0.6857142857142857,0.5518857142857143,0.1338285714285714
0022400277,0.53125,0.5365625,-0.005312500000000053
0022400278,0.4864864864864865,0.5401621621621623,-0.05367567567567577
0022400279,0.4166666666666667,0.5568333333333333,-0.1401666666666666
0022400280,0.4583333333333333,0.53525,-0.07691666666666669
0022400281,0.6818181818181818,0.5450909090909091,0.1367272727272727
0022400282,0.6388888888888888,0.5582222222222222,0.08066666666666666
0022400283,0.71875,0.5396875,0.1790625
0022400284,0.4857142857142857,0.5622857142857142,-0.07657142857142846
0022400285,0.45161290322580644,0.5655483870967741,-0.11393548387096769
0022400286,0.56,0.4732800000000001,0.08671999999999996
0022400287,0.5675675675675675,0.5595675675675675,0.008000000000000007
0022400288,0.6333333333333333,0.56,0.07333333333333325
0022400289,0.4722222222222222,0.5270555555555554,-0.05483333333333318
0022400290,0.5641025641025641,0.5470769230769231,0.01702564102564097
0022400291,0.5,0.5581875,-0.05818749999999995
0022400292,0.4444444444444444,0.5615,-0.11705555555555558
0022400293,0.6363636363636364,0.552969696969697,0.08339393939393935
0022400294,0.43333333333333335,0.5442666666666667,-0.11093333333333333
0022400295,0.5,0.5502142857142858,-0.05021428571428577
0022400296,0.56,0.5448,0.015200000000000102
0022400297,0.6341463414634146,0.5694634146341464,0.06468292682926824
0022400298,0.5555555555555556,0.5583703703703703,-0.0028148148148147145
0022400299,0.5,0.5580588235294117,-0.05805882352941172
0022400300,0.3939393939393939,0.5427272727272727,-0.1487878787878788
0022400301,0.6060606060606061,0.554969696969697,0.051090909090909076
0022400302,0.5945945945945946,0.546,0.04859459459459459
0022400303,0.5652173913043478,0.5397391304347826,0.025478260869565172
0022400304,0.5384615384615384,0.5471538461538462,-0.008692307692307777
0022400305,0.6046511627906976,0.5650697674418605,0.03958139534883709
0022400306,0.5555555555555556,0.561,-0.005444444444444474
0022400307,0.8235294117647058,0.5562941176470588,0.267235294117647
0022400308,0.6333333333333333,0.5502,0.08313333333333328
0022400309,0.53125,0.5280625,0.0031875000000000098
0022400310,0.4634146341463415,0.5299512195121951,-0.06653658536585366
0022400311,0.6470588235294118,0.562764705882353,0.08429411764705885
0022400312,0.5151515151515151,0.526969696969697,-0.011818181818181839
0022400313,0.375,0.555125,-0.18012499999999998
0022400314,0.6,0.5556666666666666,0.044333333333333336
0022400315,0.6206896551724138,0.5380689655172414,0.08262068965517244
0022400316,0.64,0.5263199999999999,0.11368000000000011
0022400317,0.4444444444444444,0.5507407407407406,-0.10629629629629622
0022400318,0.6153846153846154,0.5559230769230769,0.059461538461538566
0022400319,0.5161290322580645,0.517483870967742,-0.0013548387096774528
0022400320,0.5806451612903226,0.549032258064516,0.031612903225806566
0022400321,0.3,0.48880000000000007,-0.18880000000000008
0022400322,0.59375,0.5595625,0.03418750000000004
0022400323,0.6666666666666666,0.5678571428571428,0.09880952380952379
0022400324,0.6666666666666666,0.5451666666666667,0.12149999999999994
0022400325,0.5172413793103449,0.5406896551724139,-0.02344827586206899
0022400326,0.59375,0.5473125,0.04643750000000002
0022400327,0.6,0.5078666666666667,0.09213333333333329
0022400328,0.5,0.5505,-0.05049999999999999
0022400329,0.5384615384615384,0.5478461538461538,-0.009384615384615325
0022400330,0.6111111111111112,0.5448888888888889,0.0662222222222223
0022400331,0.5853658536585366,0.5265365853658536,0.05882926829268298
0022400332,0.6470588235294118,0.5585882352941177,0.08847058823529408
0022400333,0.6111111111111112,0.5574444444444445,0.05366666666666664
0022400334,0.7222222222222222,0.5511111111111111,0.1711111111111111
0022400335,0.4642857142857143,0.5547142857142858,-0.09042857142857152
0022400336,0.5714285714285714,0.526,0.045428571428571374
0022400337,0.4722222222222222,0.5630555555555555,-0.09083333333333332
0022400338,0.47619047619047616,0.5596190476190476,-0.08342857142857141
0022400339,0.5588235294117647,0.5520588235294117,0.006764705882353006
0022400340,0.6052631578947368,0.5467368421052631,0.05852631578947376
0022400341,0.65,0.55875,0.09125000000000005
0022400342,0.6,0.5529714285714286,0.04702857142857142
0022400343,0.3333333333333333,0.5078518518518519,-0.17451851851851857
0022400344,0.47058823529411764,0.5319411764705883,-0.06135294117647061
0022400345,0.5405405405405406,0.5422702702702703,-0.0017297297297297343
0022400346,0.5588235294117647,0.5633529411764706,-0.004529411764705893
0022400347,0.5,0.5545384615384615,-0.054538461538461536
0022400348,0.5882352941176471,0.5274705882352941,0.06076470588235294
0022400349,0.6206896551724138,0.5542758620689656,0.0664137931034482
0022400350,0.6410256410256411,0.563025641025641,0.07800000000000007
0022400351,0.7586206896551724,0.550344827586207,0.20827586206896542
0022400352,0.6571428571428571,0.5554857142857142,0.10165714285714289
0022400353,0.5641025641025641,0.5553333333333332,0.008769230769230862
0022400354,0.6,0.5479428571428571,0.05205714285714291
0022400355,0.696969696969697,0.5584242424242425,0.13854545454545453
0022400356,0.5294117647058824,0.5480588235294117,-0.01864705882352935
0022400357,0.6896551724137931,0.5442758620689656,0.14537931034482754
0022400358,0.5483870967741935,0.562,-0.01361290322580655
0022400359,0.5,0.553,-0.05300000000000005
0022400360,0.5882352941176471,0.5337647058823529,0.05447058823529416
0022400361,0.30303030303030304,0.554969696969697,-0.25193939393939396
0022400362,0.42424242424242425,0.5477575757575758,-0.12351515151515152
0022400363,0.5769230769230769,0.5492307692307693,0.02769230769230757
0022400364,0.4166666666666667,0.5356666666666667,-0.11900000000000005
0022400365,0.6571428571428571,0.5585714285714286,0.09857142857142853
0022400366,0.5172413793103449,0.5449655172413793,-0.027724137931034454
0022400367,0.6666666666666666,0.5363809523809523,0.13028571428571434
0022400368,0.5666666666666667,0.5367999999999999,0.029866666666666708
0022400369,0.5789473684210527,0.5584210526315789,0.020526315789473726
0022400370,0.7058823529411765,0.5193529411764705,0.18652941176470605
0022400371,0.7058823529411765,0.5573529411764706,0.1485294117647059
0022400372,0.25,0.553875,-0.303875
0022400373,0.5333333333333333,0.5553333333333333,-0.02200000000000002
0022400374,0.5714285714285714,0.5446666666666666,0.026761904761904765
0022400375,0.4583333333333333,0.5469166666666667,-0.0885833333333334
0022400376,0.4666666666666667,0.5425333333333333,-0.07586666666666664
0022400377,0.5909090909090909,0.5700909090909091,0.020818181818181847
0022400378,0.6896551724137931,0.524,0.16565517241379313
0022400379,0.5925925925925926,0.546962962962963,0.045629629629629576
0022400380,0.5806451612903226,0.5460645161290322,0.034580645161290446
0022400381,0.75,0.5560833333333333,0.19391666666666674
0022400382,0.631578947368421,0.4936842105263158,0.13789473684210524
0022400383,0.4722222222222222,0.5556111111111111,-0.08338888888888885
0022400384,0.45454545454545453,0.5711515151515151,-0.11660606060606055
0022400385,0.5862068965517241,0.5414482758620691,0.04475862068965497
0022400386,0.52,0.55272,-0.03271999999999997
0022400387,0.5454545454545454,0.5597575757575758,-0.014303030303030373
0022400388,0.6666666666666666,0.5046666666666666,0.16200000000000003
0022400389,0.55,0.548,0.0020000000000000018
0022400390,0.5151515151515151,0.5354545454545455,-0.020303030303030378
0022400391,0.56,0.53808,0.02192000000000005
0022400392,0.6111111111111112,0.5619444444444445,0.04916666666666669
0022400393,0.5142857142857142,0.5086857142857143,0.005599999999999938
0022400394,0.5625,0.5400625,0.0224375
0022400395,0.5357142857142857,0.5432857142857144,-0.007571428571428673
0022400396,0.6,0.5633333333333332,0.036666666666666736
0022400397,0.5777777777777777,0.5596,0.018177777777777737
0022400398,0.5555555555555556,0.5511851851851852,0.004370370370370358
0022400399,0.6578947368421053,0.558,0.09989473684210526
0022400400,0.4838709677419355,0.5613548387096774,-0.0774838709677419
0022400401,0.475,0.5558000000000001,-0.0808000000000001
0022400402,0.6666666666666666,0.56,0.10666666666666658
0022400403,0.5384615384615384,0.5466923076923076,-0.008230769230769153
0022400404,0.5769230769230769,0.4612307692307692,0.11569230769230765
0022400405,0.44,0.54096,-0.10096
0022400406,0.5454545454545454,0.5477272727272726,-0.002272727272727204
0022400407,0.5,0.5578125,-0.057812500000000044
0022400408,0.5833333333333334,0.55725,0.026083333333333347
0022400409,0.65625,0.5569375,0.09931250000000003
0022400410,0.6,0.5649714285714286,0.03502857142857141
0022400411,0.5862068965517241,0.553448275862069,0.03275862068965507
0022400412,0.47058823529411764,0.5497647058823529,-0.07917647058823529
0022400413,0.5294117647058824,0.5021176470588234,0.027294117647058913
0022400414,0.5294117647058824,0.5381764705882354,-0.008764705882353008
0022400415,0.65,0.5410999999999999,0.10890000000000011
0022400416,0.5862068965517241,0.5534482758620689,0.03275862068965518
0022400417,0.5882352941176471,0.5529411764705883,0.03529411764705881
0022400418,0.5588235294117647,0.5705294117647058,-0.011705882352941122
0022400419,0.4,0.5505142857142857,-0.1505142857142857
0022400420,0.5,0.5594117647058823,-0.059411764705882275
0022400421,0.4642857142857143,0.5225,-0.05821428571428566
0022400422,0.5806451612903226,0.5258064516129032,0.05483870967741944
0022400423,0.5128205128205128,0.5504615384615383,-0.03764102564102556
0022400424,0.59375,0.550625,0.04312499999999997
0022400425,0.6666666666666666,0.558,0.10866666666666658
0022400426,0.5833333333333334,0.55425,0.02908333333333335
0022400427,0.5151515151515151,0.5544242424242425,-0.03927272727272735
0022400428,0.5357142857142857,0.541,-0.005285714285714338
0022400429,0.6206896551724138,0.5157241379310344,0.10496551724137937
0022400430,0.41379310344827586,0.551448275862069,-0.13765517241379316
0022400431,0.5714285714285714,0.5386428571428571,0.03278571428571431
0022400432,0.5277777777777778,0.5284444444444445,-0.0006666666666667043
0022400433,0.6216216216216216,0.558,0.06362162162162155
0022400434,0.6285714285714286,0.5629142857142856,0.06565714285714297
0022400435,0.5,0.48827777777777776,0.011722222222222245
0022400436,0.5,0.5522777777777779,-0.05227777777777787
0022400437,0.45454545454545453,0.5356969696969698,-0.08115151515151525
0022400438,0.6216216216216216,0.5592972972972973,0.06232432432432433
0022400439,0.5357142857142857,0.5454285714285714,-0.009714285714285675
0022400440,0.46875,0.51375,-0.04500000000000004
0022400441,0.7297297297297297,0.5535675675675675,0.17616216216216218
0022400442,0.6875,0.54875,0.13875000000000004
0022400443,0.5555555555555556,0.5671111111111111,-0.011555555555555541
0022400444,0.5483870967741935,0.5372258064516129,0.01116129032258062
0022400445,0.6428571428571429,0.5562142857142858,0.08664285714285713
0022400446,0.5517241379310345,0.4859310344827586,0.06579310344827588
0022400447,0.5641025641025641,0.5602051282051281,0.0038974358974359635
0022400448,0.6388888888888888,0.5552777777777779,0.08361111111111097
0022400449,0.5454545454545454,0.49790909090909086,0.04754545454545456
0022400450,0.6,0.5598857142857143,0.04011428571428566
0022400451,0.7307692307692307,0.5563846153846155,0.17438461538461525
0022400452,0.7307692307692307,0.5353846153846153,0.19538461538461538
0022400453,0.5869565217391305,0.572608695652174,0.014347826086956506
0022400454,0.4,0.53752,-0.13751999999999998
0022400455,0.46875,0.5575625,-0.08881249999999996
0022400456,0.6521739130434783,0.546,0.10617391304347823
0022400457,0.6785714285714286,0.5551428571428572,0.12342857142857144
0022400458,0.6363636363636364,0.5670303030303031,0.06933333333333325
0022400459,0.5,0.5576875,-0.0576875
0022400460,0.5,0.5584117647058824,-0.058411764705882385
0022400461,0.5185185185185185,0.5527407407407408,-0.034222222222222265
0022400462,0.6129032258064516,0.5208387096774194,0.09206451612903221
0022400463,0.5,0.5475384615384616,-0.04753846153846164
0022400464,0.45454545454545453,0.528090909090909,-0.07354545454545452
0022400465,0.40540540540540543,0.5667567567567567,-0.1613513513513513
0022400466,0.7407407407407407,0.5482962962962963,0.19244444444444442
0022400467,0.48484848484848486,0.5075757575757575,-0.022727272727272596
0022400468,0.6666666666666666,0.5479166666666666,0.11875000000000002
0022400469,0.40625,0.4728125,-0.06656250000000002
0022400470,0.6956521739130435,0.560695652173913,0.13495652173913042
0022400471,0.48148148148148145,0.5306666666666666,-0.049185185185185165
0022400472,0.6470588235294118,0.5648235294117646,0.08223529411764718
0022400473,0.6129032258064516,0.5520645161290322,0.060838709677419445
0022400474,0.5,0.5555882352941176,-0.055588235294117605
0022400475,0.44,0.55872,-0.11871999999999999
0022400476,0.575,0.5634499999999999,0.01155000000000006
0022400477,0.6285714285714286,0.5564,0.07217142857142855
0022400478,0.696969696969697,0.5491515151515152,0.14781818181818185
0022400479,0.7222222222222222,0.5627222222222221,0.1595000000000001
0022400480,0.64,0.5484000000000001,0.0915999999999999
0022400481,0.5483870967741935,0.5241290322580644,0.024258064516129108
0022400482,0.43333333333333335,0.5105999999999999,-0.0772666666666666
0022400483,0.631578947368421,0.5243157894736842,0.10726315789473684
0022400484,0.5,0.5561176470588235,-0.056117647058823494
0022400485,0.5172413793103449,0.5565517241379311,-0.03931034482758622
0022400486,0.5925925925925926,0.5354814814814814,0.05711111111111111
0022400487,0.6,0.5431999999999999,0.05680000000000007
0022400488,0.5333333333333333,0.5582666666666667,-0.024933333333333363
0022400489,0.5769230769230769,0.5345384615384616,0.04238461538461524
0022400490,0.6666666666666666,0.5567407407407406,0.10992592592592598
0022400491,0.4411764705882353,0.5654117647058823,-0.124235294117647
0022400492,0.5,0.5595333333333333,-0.05953333333333333
0022400493,0.5,0.5271818181818181,-0.027181818181818085
0022400494,0.59375,0.56,0.03374999999999995
0022400495,0.4838709677419355,0.5594838709677419,-0.07561290322580638
0022400496,0.6333333333333333,0.5444666666666667,0.08886666666666665
0022400497,0.48148148148148145,0.5565185185185185,-0.07503703703703707
0022400498,0.5454545454545454,0.5003636363636363,0.04509090909090907
0022400499,0.4864864864864865,0.5538378378378378,-0.06735135135135129
0022400500,0.5666666666666667,0.5468,0.0198666666666667
0022400501,0.6,0.5581714285714285,0.04182857142857144
0022400502,0.6764705882352942,0.5151176470588235,0.1613529411764707
0022400503,0.5357142857142857,0.5563571428571429,-0.020642857142857185
0022400504,0.56,0.5421600000000001,0.017839999999999967
0022400505,0.53125,0.5603125,-0.02906249999999999
0022400506,0.46875,0.5180625,-0.04931249999999998
0022400507,0.5,0.5395384615384615,-0.03953846153846152
0022400508,0.7391304347826086,0.5220869565217392,0.21704347826086945
0022400509,0.5897435897435898,0.5643589743589744,0.02538461538461534
0022400510,0.6052631578947368,0.5594210526315789,0.045842105263157906
0022400511,0.7307692307692307,0.555,0.17576923076923068
0022400512,0.6153846153846154,0.5550769230769231,0.060307692307692284
0022400513,0.5357142857142857,0.5432142857142856,-0.007499999999999951
0022400514,0.5769230769230769,0.5552307692307693,0.021692307692307566
0022400515,0.5428571428571428,0.5379999999999999,0.004857142857142893
0022400516,0.5862068965517241,0.5521379310344828,0.034068965517241256
0022400517,0.7407407407407407,0.5224444444444446,0.2182962962962961
0022400518,0.7272727272727273,0.5591515151515152,0.16812121212121212
0022400519,0.38235294117647056,0.5490588235294117,-0.16670588235294115
0022400520,0.48936170212765956,0.5707234042553191,-0.08136170212765953
0022400521,0.5405405405405406,0.5458918918918919,-0.005351351351351341
0022400522,0.5666666666666667,0.5495333333333333,0.017133333333333334
0022400523,0.5454545454545454,0.5572727272727273,-0.011818181818181839
0022400524,0.64,0.5496800000000001,0.09031999999999996
0022400525,0.7307692307692307,0.537923076923077,0.19284615384615378
0022400526,0.6944444444444444,0.5672777777777778,0.12716666666666665
0022400527,0.5588235294117647,0.5365294117647058,0.02229411764705891
0022400528,0.5,0.5443076923076924,-0.04430769230769238
0022400529,0.6206896551724138,0.5548965517241379,0.06579310344827594
0022400530,0.45454545454545453,0.555,-0.10045454545454552
0022400531,0.5428571428571428,0.5350857142857143,0.00777142857142854
0022400532,0.48484848484848486,0.5614545454545455,-0.07660606060606068
0022400533,0.6666666666666666,0.562,0.10466666666666657
0022400534,0.6842105263157895,0.5657894736842105,0.11842105263157898
0022400535,0.46875,0.5420625,-0.0733125
0022400536,0.44,0.55144,-0.11144000000000004
0022400537,0.5833333333333334,0.5126666666666666,0.07066666666666677
0022400538,0.5555555555555556,0.5296296296296297,0.025925925925925908
0022400539,0.5625,0.550625,0.011874999999999969
0022400540,0.6176470588235294,0.559,0.058647058823529385
0022400541,0.6333333333333333,0.5491333333333334,0.08419999999999994
0022400542,0.5757575757575758,0.5561212121212121,0.019636363636363674
0022400543,0.4117647058823529,0.5598823529411765,-0.14811764705882358
0022400544,0.6578947368421053,0.5676315789473684,0.09026315789473693
0022400545,0.5,0.5586315789473684,-0.05863157894736837
0022400546,0.6666666666666666,0.5428095238095239,0.12385714285714278
0022400547,0.5757575757575758,0.5525454545454545,0.02321212121212135
0022400548,0.6333333333333333,0.5487333333333333,0.08460000000000001
0022400549,0.6944444444444444,0.5648888888888889,0.12955555555555553
0022400550,0.6086956521739131,0.5247826086956523,0.08391304347826078
0022400551,0.5714285714285714,0.5390285714285714,0.032399999999999984
0022400552,0.5185185185185185,0.5626666666666666,-0.04414814814814816
0022400553,0.5238095238095238,0.5300952380952381,-0.006285714285714228
0022400554,0.59375,0.5636875,0.030062499999999992
0022400555,0.5714285714285714,0.5225714285714287,0.04885714285714271
0022400556,0.5,0.5567777777777778,-0.056777777777777816
0022400557,0.5666666666666667,0.5250666666666667,0.04159999999999997
0022400558,0.5862068965517241,0.5515172413793104,0.034689655172413736
0022400559,0.65625,0.55925,0.09699999999999998
0022400560,0.48484848484848486,0.558060606060606,-0.07321212121212117
0022400561,0.5517241379310345,0.5284827586206896,0.023241379310344867
0022400562,0.5161290322580645,0.5495483870967741,-0.033419354838709614
0022400563,0.5714285714285714,0.5479285714285713,0.023500000000000076
0022400564,0.46153846153846156,0.5416923076923076,-0.08015384615384602
0022400565,0.6388888888888888,0.5282777777777778,0.110611111111111
0022400566,0.5483870967741935,0.5512903225806451,-0.002903225806451637
0022400567,0.5161290322580645,0.5401935483870969,-0.024064516129032376
0022400568,0.5806451612903226,0.5601290322580647,0.020516129032257968
0022400569,0.6666666666666666,0.5438518518518518,0.12281481481481482
0022400570,0.45454545454545453,0.5538181818181818,-0.09927272727272723
0022400571,0.6,0.555,0.04499999999999993
0022400572,0.41935483870967744,0.5540645161290323,-0.13470967741935486
0022400573,0.5789473684210527,0.5687894736842105,0.010157894736842144
0022400574,0.5555555555555556,0.4754074074074074,0.08014814814814819
0022400575,0.6428571428571429,0.5381428571428571,0.10471428571428576
0022400576,0.4666666666666667,0.5539333333333333,-0.0872666666666666
0022400577,0.5,0.5747894736842105,-0.07478947368421052
0022400578,0.6086956521739131,0.5492173913043478,0.059478260869565314
0022400579,0.6666666666666666,0.5323333333333333,0.1343333333333333
0022400580,0.4523809523809524,0.544047619047619,-0.09166666666666662
0022400581,0.5384615384615384,0.5678974358974359,-0.029435897435897473
0022400582,0.5517241379310345,0.5360689655172414,0.015655172413793106
0022400583,0.35714285714285715,0.5449285714285714,-0.18778571428571428
0022400584,0.5517241379310345,0.5466206896551723,0.005103448275862177
0022400585,0.6666666666666666,0.5486666666666665,0.1180000000000001
0022400586,0.43478260869565216,0.5795217391304347,-0.14473913043478254
0022400587,0.6774193548387096,0.549032258064516,0.12838709677419358
0022400588,0.59375,0.5533125,0.040437500000000015
0022400589,0.5428571428571428,0.5495428571428572,-0.006685714285714406
0022400590,0.5757575757575758,0.5644242424242425,0.011333333333333306
0022400591,0.6470588235294118,0.557764705882353,0.08929411764705875
0022400592,0.5263157894736842,0.5444210526315789,-0.018105263157894735
0022400593,0.5,0.5499375,-0.04993749999999997
0022400594,0.5277777777777778,0.5369444444444444,-0.009166666666666656
0022400595,0.37037037037037035,0.5277777777777778,-0.15740740740740744
0022400596,0.56,0.5506400000000001,0.009359999999999924
0022400597,0.6388888888888888,0.5650555555555555,0.0738333333333333
0022400598,0.6363636363636364,0.5544848484848485,0.08187878787878788
0022400599,0.5357142857142857,0.5537857142857142,-0.018071428571428516
0022400600,0.4166666666666667,0.531,-0.11433333333333334
0022400601,0.5476190476190477,0.5635714285714284,-0.015952380952380718
0022400602,0.5588235294117647,0.556235294117647,0.002588235294117669
0022400603,0.42424242424242425,0.5611515151515152,-0.13690909090909092
0022400604,0.625,0.52575,0.09924999999999995
0022400605,0.6410256410256411,0.5546666666666668,0.08635897435897433
0022400606,0.6,0.5395333333333333,0.06046666666666667
0022400607,0.34782608695652173,0.5441739130434783,-0.19634782608695656
0022400608,0.5588235294117647,0.5608235294117646,-0.0019999999999998908
0022400609,0.46153846153846156,0.45730769230769236,0.004230769230769205
0022400610,0.5555555555555556,0.5267407407407407,0.02881481481481485
0022400611,0.75,0.5478125,0.20218749999999996
0022400612,0.6666666666666666,0.5394814814814816,0.12718518518518507
0022400613,0.5714285714285714,0.5435238095238095,0.027904761904761877
0022400614,0.48484848484848486,0.5428484848484849,-0.05800000000000005
0022400615,0.6071428571428571,0.5451428571428572,0.061999999999999944
0022400616,0.5263157894736842,0.4970526315789474,0.02926315789473677
0022400617,0.5,0.5425833333333333,-0.042583333333333306
0022400618,0.6060606060606061,0.5412121212121213,0.06484848484848482
0022400619,0.5588235294117647,0.5348235294117646,0.024000000000000132
0022400620,0.625,0.5130625,0.11193750000000002
0022400621,0.55,0.5362,0.013800000000000034
0022400622,0.53125,0.53925,-0.008000000000000007
0022400623,0.4878048780487805,0.5617560975609756,-0.07395121951219508
0022400624,0.4482758620689655,0.5288965517241379,-0.08062068965517233
0022400625,0.475,0.5465,-0.07150000000000001
0022400626,0.59375,0.5289375,0.06481250000000005
0022400627,0.5416666666666666,0.5525,-0.010833333333333361
0022400628,0.5454545454545454,0.5473939393939393,-0.0019393939393939075
0022400629,0.6296296296296297,0.5486666666666667,0.0809629629629629
0022400630,0.6046511627906976,0.5534418604651163,0.051209302325581296
0022400631,0.5,0.5297999999999999,-0.029799999999999938
0022400632,0.5,0.4876923076923077,0.012307692307692297
0022400633,0.5454545454545454,0.5496363636363637,-0.0041818181818182865
0022400634,0.5416666666666666,0.549,-0.007333333333333414
0022400635,0.47368421052631576,0.5711578947368421,-0.09747368421052632
0022400636,0.6111111111111112,0.5697777777777778,0.04133333333333333
0022400637,0.5333333333333333,0.5542666666666667,-0.02093333333333336
0022400638,0.6666666666666666,0.5634358974358975,0.10323076923076913
0022400639,0.5555555555555556,0.5562777777777778,-0.0007222222222221797
0022400640,0.5957446808510638,0.5664680851063829,0.02927659574468089
0022400641,0.5769230769230769,0.5153846153846153,0.06153846153846154
0022400642,0.5172413793103449,0.5524827586206896,-0.03524137931034477
0022400643,0.5588235294117647,0.5375882352941177,0.02123529411764702
0022400644,0.6521739130434783,0.5429565217391303,0.10921739130434793
0022400645,0.4,0.5302400000000002,-0.13024000000000013
0022400646,0.6842105263157895,0.5707894736842105,0.11342105263157898
0022400647,0.717948717948718,0.5648717948717948,0.1530769230769231
0022400648,0.5806451612903226,0.5553548387096774,0.02529032258064523
0022400649,0.5384615384615384,0.5598461538461538,-0.021384615384615335
0022400650,0.6363636363636364,0.5596363636363637,0.07672727272727264
0022400651,0.5294117647058824,0.5599411764705883,-0.030529411764705916
0022400652,0.6285714285714286,0.5389142857142856,0.08965714285714299
0022400653,0.41379310344827586,0.5551724137931034,-0.1413793103448276
0022400654,0.5428571428571428,0.5445714285714287,-0.0017142857142858903
0022400655,0.4444444444444444,0.5534444444444444,-0.10899999999999999
0022400656,0.5517241379310345,0.5420689655172414,0.0096551724137931
0022400657,0.48148148148148145,0.5363703703703703,-0.05488888888888882
0022400658,0.625,0.56525,0.05974999999999997
0022400659,0.5454545454545454,0.543909090909091,0.0015454545454544055
0022400660,0.5,0.5679411764705883,-0.06794117647058828
0022400661,0.55,0.5718000000000001,-0.02180000000000004
0022400662,0.45714285714285713,0.5594285714285714,-0.10228571428571426
0022400663,0.6060606060606061,0.560969696969697,0.04509090909090907
0022400664,0.5833333333333334,0.5616666666666668,0.021666666666666612
0022400665,0.5428571428571428,0.5435428571428571,-0.0006857142857142895
0022400666,0.5517241379310345,0.518896551724138,0.03282758620689652
0022400667,0.3333333333333333,0.42244444444444446,-0.08911111111111114
0022400668,0.6666666666666666,0.5572,0.1094666666666666
0022400669,0.6129032258064516,0.5654193548387098,0.04748387096774187
0022400670,0.4482758620689655,0.5545517241379311,-0.10627586206896555
0022400671,0.5428571428571428,0.5550285714285714,-0.01217142857142861
0022400672,0.4722222222222222,0.5477222222222222,-0.07550000000000001
0022400673,0.5833333333333334,0.5633333333333332,0.02000000000000013
0022400674,0.47368421052631576,0.5537368421052631,-0.08005263157894732
0022400675,0.6060606060606061,0.5565454545454545,0.04951515151515162
0022400676,0.47058823529411764,0.5555294117647058,-0.08494117647058819
0022400677,0.6129032258064516,0.5547741935483871,0.05812903225806454
0022400678,0.5428571428571428,0.5486285714285714,-0.0057714285714285385
0022400679,0.5666666666666667,0.5555333333333334,0.011133333333333217
0022400680,0.5925925925925926,0.5551111111111111,0.03748148148148145
0022400681,0.5714285714285714,0.5521428571428572,0.01928571428571424
0022400682,0.5555555555555556,0.5564444444444444,-0.000888888888888828
0022400683,0.5333333333333333,0.5046666666666666,0.02866666666666673
0022400684,0.6285714285714286,0.5518285714285714,0.07674285714285711
0022400685,0.6176470588235294,0.5600588235294117,0.05758823529411772
0022400686,0.5777777777777777,0.5708888888888889,0.006888888888888833
0022400687,0.4523809523809524,0.5613333333333332,-0.10895238095238086
0022400688,0.6296296296296297,0.5488888888888888,0.08074074074074089
0022400689,0.43333333333333335,0.5580666666666666,-0.12473333333333325
0022400690,0.5161290322580645,0.5466451612903227,-0.0305161290322582
0022400691,0.6538461538461539,0.49053846153846153,0.16330769230769232
0022400692,0.6206896551724138,0.5437241379310345,0.07696551724137934
0022400693,0.5666666666666667,0.5478,0.018866666666666698
0022400694,0.5833333333333334,0.5632222222222222,0.02011111111111119
0022400695,0.4230769230769231,0.5086153846153847,-0.08553846153846162
0022400696,0.44,0.51936,-0.07936000000000004
0022400697,0.5,0.555,-0.05500000000000005
0022400698,0.5151515151515151,0.5443030303030303,-0.02915151515151515
0022400699,0.4666666666666667,0.5536666666666668,-0.08700000000000008
0022400700,0.47058823529411764,0.5589411764705883,-0.08835294117647063
0022400701,0.4888888888888889,0.5635555555555556,-0.07466666666666671
0022400702,0.5,0.5275,-0.02749999999999997
0022400703,0.6060606060606061,0.5472121212121213,0.05884848484848482
0022400704,0.5,0.5537857142857142,-0.053785714285714215
0022400705,0.56,0.5424800000000001,0.01751999999999998
0022400706,0.4666666666666667,0.5538666666666665,-0.08719999999999983
0022400707,0.6875,0.5454375,0.14206249999999998
0022400708,0.4444444444444444,0.5055,-0.06105555555555553
0022400709,0.5833333333333334,0.5614444444444445,0.021888888888888847
0022400710,0.5135135135135135,0.5657297297297298,-0.052216216216216305
0022400711,0.5,0.5411176470588235,-0.04111764705882348
0022400712,0.7352941176470589,0.5516470588235295,0.18364705882352939
0022400713,0.5862068965517241,0.5504827586206897,0.03572413793103435
0022400714,0.6451612903225806,0.5574193548387097,0.08774193548387088
0022400715,0.68,0.5488,0.1312000000000001
0022400716,0.56,0.55448,0.00552000000000008
0022400717,0.44,0.55976,-0.11976000000000003
0022400718,0.5675675675675675,0.5670270270270271,0.000540540540540424
0022400719,0.7037037037037037,0.5508148148148148,0.15288888888888896
0022400720,0.5588235294117647,0.5644705882352942,-0.0056470588235294494
0022400721,0.5833333333333334,0.5444166666666668,0.0389166666666666
0022400722,0.5714285714285714,0.5384761904761904,0.032952380952380955
0022400723,0.4117647058823529,0.554,-0.14223529411764713
0022400724,0.5945945945945946,0.5348648648648647,0.0597297297297299
0022400725,0.6341463414634146,0.5544878048780488,0.07965853658536581
0022400726,0.41379310344827586,0.4868965517241379,-0.07310344827586207
0022400727,0.5294117647058824,0.5018823529411764,0.027529411764705913
0022400728,0.6296296296296297,0.5614814814814815,0.06814814814814818
0022400729,0.5588235294117647,0.564,-0.005176470588235227
0022400730,0.46875,0.543125,-0.07437499999999997
0022400731,0.5789473684210527,0.5566842105263159,0.022263157894736763
0022400732,0.5161290322580645,0.5508387096774193,-0.03470967741935482
0022400733,0.37037037037037035,0.5420740740740742,-0.1717037037037038
0022400734,0.46875,0.5343125,-0.06556249999999997
0022400735,0.5454545454545454,0.5563030303030303,-0.010848484848484885
0022400736,0.4166666666666667,0.5460833333333333,-0.12941666666666657
0022400737,0.5714285714285714,0.5459285714285714,0.025499999999999967
0022400738,0.6388888888888888,0.5585,0.08038888888888884
0022400739,0.5294117647058824,0.5330588235294117,-0.0036470588235293366
0022400740,0.5357142857142857,0.5444285714285714,-0.008714285714285674
0022400741,0.5277777777777778,0.5505555555555556,-0.022777777777777786
0022400742,0.5641025641025641,0.5604615384615385,0.0036410256410256414
0022400743,0.5862068965517241,0.5337241379310345,0.05248275862068963
0022400744,0.6875,0.558875,0.128625
0022400745,0.375,0.56545,-0.19045
0022400746,0.6666666666666666,0.5402857142857143,0.12638095238095237
0022400747,0.47058823529411764,0.5607647058823529,-0.0901764705882353
0022400748,0.48484848484848486,0.5448484848484849,-0.06000000000000005
0022400749,0.48,0.55496,-0.07496000000000003
0022400750,0.5476190476190477,0.5610952380952381,-0.01347619047619042
0022400751,0.5483870967741935,0.549032258064516,-0.000645161290322549
0022400752,0.38235294117647056,0.5605294117647058,-0.17817647058823527
0022400753,0.39473684210526316,0.5666842105263158,-0.17194736842105263
0022400754,0.6176470588235294,0.5518235294117646,0.06582352941176484
0022400755,0.43902439024390244,0.5678048780487804,-0.128780487804878
0022400756,0.5161290322580645,0.549741935483871,-0.033612903225806456
0022400757,0.6285714285714286,0.5538285714285714,0.07474285714285711
0022400758,0.38461538461538464,0.49884615384615383,-0.11423076923076919
0022400759,0.7222222222222222,0.5552222222222222,0.16700000000000004
0022400760,0.5,0.5633809523809523,-0.06338095238095232
0022400761,0.4827586206896552,0.5128275862068965,-0.03006896551724131
0022400762,0.5,0.5558125,-0.05581250000000004
0022400763,0.5277777777777778,0.5525555555555556,-0.024777777777777787
0022400764,0.5294117647058824,0.5554117647058824,-0.026000000000000023
0022400765,0.6388888888888888,0.5515555555555555,0.08733333333333337
0022400766,0.4166666666666667,0.4703333333333334,-0.053666666666666696
0022400767,0.45454545454545453,0.5476969696969698,-0.09315151515151526
0022400768,0.5625,0.525125,0.03737500000000005
0022400769,0.5833333333333334,0.5323333333333332,0.051000000000000156
0022400770,0.45454545454545453,0.5572727272727273,-0.10272727272727272
0022400771,0.6176470588235294,0.5550588235294117,0.06258823529411772
0022400772,0.6785714285714286,0.5575,0.12107142857142861
0022400773,0.7021276595744681,0.5483404255319149,0.15378723404255323
0022400774,0.5185185185185185,0.5438518518518518,-0.02533333333333332
0022400775,0.5476190476190477,0.5472380952380952,0.00038095238095248174
0022400776,0.4782608695652174,0.554695652173913,-0.07643478260869563
0022400777,0.5294117647058824,0.5517647058823529,-0.022352941176470575
0022400778,0.5862068965517241,0.546344827586207,0.03986206896551714
0022400779,0.4375,0.559875,-0.12237500000000001
0022400780,0.6363636363636364,0.5615757575757575,0.07478787878787885
0022400781,0.6578947368421053,0.557,0.10089473684210526
0022400782,0.6071428571428571,0.5612857142857142,0.04585714285714293
0022400783,0.4827586206896552,0.5366206896551723,-0.053862068965517096
0022400784,0.5714285714285714,0.5615428571428571,0.009885714285714275
0022400785,0.5757575757575758,0.5546666666666668,0.02109090909090905
0022400786,0.6296296296296297,0.5503703703703703,0.07925925925925936
0022400787,0.4666666666666667,0.5558666666666666,-0.08919999999999995
0022400788,0.6,0.5609714285714286,0.03902857142857141
0022400789,0.6333333333333333,0.5571333333333334,0.07619999999999993
0022400790,0.4146341463414634,0.5662439024390244,-0.15160975609756105
0022400791,0.6216216216216216,0.5653513513513514,0.056270270270270206
0022400792,0.3333333333333333,0.5459047619047619,-0.21257142857142858
0022400793,0.6410256410256411,0.5547179487179488,0.08630769230769231
0022400794,0.4482758620689655,0.5440689655172414,-0.09579310344827585
0022400795,0.4722222222222222,0.5611111111111111,-0.0888888888888889
0022400796,0.5757575757575758,0.5472727272727272,0.028484848484848557
0022400797,0.391304347826087,0.5492173913043479,-0.1579130434782609
0022400798,0.5,0.5594761904761905,-0.05947619047619046
0022400799,0.6756756756756757,0.5615135135135135,0.11416216216216213
0022400800,0.5142857142857142,0.5627428571428572,-0.048457142857142976
0022400801,0.6410256410256411,0.5583589743589744,0.08266666666666667
0022400802,0.5625,0.5576875,0.004812499999999997
0022400803,0.5833333333333334,0.5605555555555556,0.022777777777777786
0022400804,0.4666666666666667,0.5352666666666667,-0.0686
0022400805,0.7,0.5429333333333334,0.15706666666666658
0022400806,0.5,0.5042666666666666,-0.004266666666666641
0022400807,0.5862068965517241,0.5601379310344828,0.02606896551724125
0022400808,0.5277777777777778,0.5585555555555556,-0.030777777777777793
0022400809,0.6071428571428571,0.5523571428571429,0.054785714285714215
0022400810,0.5135135135135135,0.5615135135135135,-0.04800000000000004
0022400811,0.5833333333333334,0.5538333333333334,0.02949999999999997
0022400812,0.47058823529411764,0.547235294117647,-0.0766470588235294
0022400813,0.5,0.5586000000000001,-0.058600000000000096
0022400814,0.625,0.5581,0.06689999999999996
0022400815,0.6388888888888888,0.5664444444444444,0.07244444444444442
0022400816,0.5882352941176471,0.5628823529411765,0.025352941176470578
0022400817,0.75,0.563875,0.18612499999999998
0022400818,0.5454545454545454,0.5538181818181818,-0.008363636363636351
0022400819,0.5909090909090909,0.5647272727272727,0.026181818181818195
0022400820,0.4594594594594595,0.5652432432432434,-0.10578378378378389
0022400821,0.4444444444444444,0.5377222222222222,-0.09327777777777779
0022400822,0.5862068965517241,0.5144827586206895,0.0717241379310346
0022400823,0.7027027027027027,0.5562162162162163,0.14648648648648643
0022400824,0.5789473684210527,0.5697894736842105,0.009157894736842143
0022400825,0.4444444444444444,0.4482962962962963,-0.003851851851851884
0022400826,0.5555555555555556,0.5442222222222222,0.011333333333333417
0022400827,0.4,0.5586666666666666,-0.15866666666666662
0022400828,0.40625,0.5565625,-0.15031249999999996
0022400829,0.6666666666666666,0.5541481481481482,0.11251851851851846
0022400830,0.6,0.5463199999999999,0.05368000000000006
0022400831,0.6153846153846154,0.544923076923077,0.07046153846153846
0022400832,0.5897435897435898,0.5661538461538461,0.02358974358974364
0022400833,0.59375,0.555,0.03874999999999995
0022400834,0.6896551724137931,0.5599310344827586,0.12972413793103454
0022400835,0.5416666666666666,0.55075,-0.009083333333333332
0022400836,0.6296296296296297,0.5391111111111111,0.09051851851851855
0022400837,0.5,0.5450833333333334,-0.045083333333333364
0022400838,0.5161290322580645,0.5461935483870968,-0.03006451612903227
0022400839,0.5333333333333333,0.5702666666666667,-0.036933333333333374
0022400840,0.5238095238095238,0.5577142857142857,-0.03390476190476188
0022400841,0.68,0.546,0.134
0022400842,0.7619047619047619,0.550952380952381,0.2109523809523809
0022400843,0.5652173913043478,0.5470434782608695,0.018173913043478263
0022400844,0.6538461538461539,0.5559230769230769,0.097923076923077
0022400845,0.5263157894736842,0.5515263157894736,-0.02521052631578946
0022400846,0.6538461538461539,0.5134615384615384,0.14038461538461544
0022400847,0.5454545454545454,0.5297272727272727,0.0157272727272727
0022400848,0.6956521739130435,0.5599130434782608,0.1357391304347827
0022400849,0.5909090909090909,0.5345,0.056409090909090964
0022400850,0.4166666666666667,0.5491666666666667,-0.1325
0022400851,0.6296296296296297,0.5000740740740741,0.12955555555555553
0022400852,0.5384615384615384,0.5610769230769231,-0.022615384615384704
0022400853,0.4444444444444444,0.5600555555555555,-0.11561111111111111
0022400854,0.5714285714285714,0.5625714285714285,0.008857142857142897
0022400855,0.5,0.546,-0.04600000000000004
0022400856,0.6333333333333333,0.5564666666666666,0.07686666666666675
0022400857,0.625,0.5368333333333333,0.08816666666666673
0022400858,0.43478260869565216,0.5540869565217391,-0.11930434782608695
0022400859,0.5,0.5393333333333332,-0.03933333333333322
0022400860,0.3157894736842105,0.5007368421052631,-0.18494736842105264
0022400861,0.47619047619047616,0.571047619047619,-0.09485714285714286
0022400862,0.5925925925925926,0.5612592592592592,0.031333333333333324
0022400863,0.5806451612903226,0.5523870967741936,0.028258064516129
0022400864,0.5,0.56675,-0.06674999999999998
0022400865,0.6111111111111112,0.5592222222222222,0.051888888888888984
0022400866,0.48484848484848486,0.5610909090909091,-0.07624242424242422
0022400867,0.5581395348837209,0.564,-0.005860465116279023
0022400868,0.6,0.55912,0.04088000000000003
0022400869,0.6538461538461539,0.5553076923076924,0.09853846153846146
0022400870,0.42857142857142855,0.5795102040816326,-0.15093877551020402
0022400871,0.6206896551724138,0.5486896551724137,0.07200000000000006
0022400872,0.56,0.55072,0.009280000000000066
0022400873,0.5769230769230769,0.5484615384615384,0.028461538461538427
0022400874,0.6666666666666666,0.5464242424242425,0.12024242424242415
0022400875,0.5897435897435898,0.5515897435897437,0.038153846153846094
0022400876,0.4782608695652174,0.5335652173913042,-0.05530434782608684
0022400877,0.38235294117647056,0.556,-0.1736470588235295
0022400878,0.4117647058823529,0.5327058823529413,-0.12094117647058833
0022400879,0.4375,0.5544375,-0.11693750000000003
0022400880,0.4583333333333333,0.5318333333333333,-0.07349999999999995
0022400881,0.3902439024390244,0.5709756097560976,-0.18073170731707322
0022400882,0.45454545454545453,0.5452727272727272,-0.09072727272727271
0022400883,0.6136363636363636,0.578090909090909,0.03554545454545466
0022400884,0.5483870967741935,0.5204516129032258,0.02793548387096767
0022400885,0.5185185185185185,0.560962962962963,-0.04244444444444451
0022400886,0.45161290322580644,0.5341290322580644,-0.08251612903225797
0022400887,0.6129032258064516,0.5468387096774193,0.0660645161290323
0022400888,0.5185185185185185,0.5612592592592592,-0.042740740740740746
0022400889,0.631578947368421,0.5702105263157895,0.06136842105263152
0022400890,0.5769230769230769,0.5464615384615384,0.03046153846153843
0022400891,0.68,0.5536800000000001,0.12632
0022400892,0.4838709677419355,0.5570967741935484,-0.07322580645161292
0022400893,0.5806451612903226,0.5575483870967741,0.023096774193548497
0022400894,0.3870967741935484,0.547483870967742,-0.1603870967741936
0022400895,0.6944444444444444,0.5515555555555557,0.14288888888888873
0022400896,0.5862068965517241,0.5379310344827586,0.0482758620689655
0022400897,0.6666666666666666,0.5361111111111111,0.13055555555555554
0022400898,0.45161290322580644,0.5532903225806451,-0.1016774193548387
0022400899,0.5172413793103449,0.5615172413793103,-0.04427586206896539
0022400900,0.4583333333333333,0.55825,-0.09991666666666671
0022400901,0.5,0.5587894736842105,-0.0587894736842105
0022400902,0.5405405405405406,0.5557837837837838,-0.01524324324324322
0022400903,0.5238095238095238,0.556952380952381,-0.03314285714285714
0022400904,0.5531914893617021,0.5354468085106382,0.017744680851063954
0022400905,0.375,0.5333499999999999,-0.15834999999999988
0022400906,0.4642857142857143,0.5342857142857143,-0.06999999999999995
0022400907,0.47368421052631576,0.5546315789473684,-0.0809473684210526
0022400908,0.48,0.54912,-0.06912000000000007
0022400909,0.5454545454545454,0.5348484848484848,0.010606060606060619
0022400910,0.5333333333333333,0.5639333333333334,-0.03060000000000007
0022400911,0.48,0.546,-0.06600000000000006
0022400912,0.56,0.5456000000000001,0.014399999999999968
0022400913,0.68,0.5316000000000001,0.14839999999999998
0022400914,0.6285714285714286,0.5527428571428571,0.07582857142857147
0022400915,0.4838709677419355,0.5501290322580645,-0.06625806451612903
0022400916,0.4642857142857143,0.5356428571428571,-0.07135714285714279
0022400917,0.631578947368421,0.5484736842105262,0.0831052631578948
0022400918,0.6,0.52376,0.07623999999999997
0022400919,0.6346153846153846,0.5793076923076923,0.05530769230769228
0022400920,0.5294117647058824,0.5683529411764706,-0.03894117647058826
0022400921,0.35,0.5424,-0.19240000000000002
0022400922,0.5833333333333334,0.5495,0.03383333333333338
0022400923,0.6764705882352942,0.5498823529411764,0.12658823529411778
0022400924,0.5675675675675675,0.5609729729729729,0.0065945945945946605
0022400925,0.5357142857142857,0.551,-0.015285714285714347
0022400926,0.5952380952380952,0.5726666666666667,0.022571428571428576
0022400927,0.5833333333333334,0.5608888888888889,0.02244444444444449
0022400928,0.43333333333333335,0.5517333333333333,-0.11839999999999995
0022400929,0.5238095238095238,0.5497142857142857,-0.025904761904761875
0022400930,0.6060606060606061,0.5626060606060606,0.04345454545454552
0022400931,0.56,0.56,0.0
0022400932,0.696969696969697,0.5564848484848485,0.14048484848484855
0022400933,0.6206896551724138,0.5263448275862068,0.09434482758620699
0022400934,0.5483870967741935,0.566258064516129,-0.01787096774193553
0022400935,0.5135135135135135,0.5424864864864865,-0.028972972972972966
0022400936,0.5517241379310345,0.5571724137931034,-0.005448275862068974
0022400937,0.55,0.5615500000000001,-0.01155000000000006
0022400938,0.5,0.55025,-0.05025000000000002
0022400939,0.5833333333333334,0.5662777777777779,0.01705555555555549
0022400940,0.6428571428571429,0.47257142857142853,0.17028571428571437
0022400941,0.6451612903225806,0.5478064516129032,0.09735483870967743
0022400942,0.6176470588235294,0.5577647058823529,0.0598823529411765
0022400943,0.41379310344827586,0.5537241379310344,-0.1399310344827585
0022400944,0.5238095238095238,0.5506190476190477,-0.02680952380952384
0022400945,0.5526315789473685,0.510421052631579,0.042210526315789476
0022400946,0.5641025641025641,0.5506153846153845,0.01348717948717959
0022400947,0.4838709677419355,0.530258064516129,-0.046387096774193504
0022400948,0.5416666666666666,0.4845,0.05716666666666664
0022400949,0.42424242424242425,0.5672121212121213,-0.14296969696969702
0022400950,0.696969696969697,0.533939393939394,0.16303030303030297
0022400951,0.5185185185185185,0.5310370370370371,-0.012518518518518595
0022400952,0.6551724137931034,0.5585517241379311,0.09662068965517234
0022400953,0.5,0.5557857142857142,-0.055785714285714216
0022400954,0.6363636363636364,0.5497727272727273,0.08659090909090905
0022400955,0.5555555555555556,0.5355555555555556,0.020000000000000018
0022400956,0.5428571428571428,0.5484571428571428,-0.005599999999999938
0022400957,0.71875,0.557125,0.16162500000000002
0022400958,0.23076923076923078,0.5520769230769231,-0.32130769230769235
0022400959,0.5,0.5581333333333333,-0.05813333333333326
0022400960,0.5172413793103449,0.5577241379310344,-0.04048275862068951
0022400961,0.5263157894736842,0.5503157894736843,-0.024000000000000132
0022400962,0.3684210526315789,0.5369473684210527,-0.1685263157894738
0022400963,0.5135135135135135,0.5664864864864865,-0.05297297297297299
0022400964,0.6333333333333333,0.5544666666666667,0.07886666666666664
0022400965,0.5405405405405406,0.5166486486486487,0.023891891891891892
0022400966,0.45652173913043476,0.5651739130434783,-0.10865217391304355
0022400967,0.5517241379310345,0.5564827586206896,-0.0047586206896551575
0022400968,0.6206896551724138,0.5431034482758621,0.07758620689655171
0022400969,0.6785714285714286,0.5606428571428571,0.1179285714285715
0022400970,0.4444444444444444,0.5546666666666668,-0.11022222222222233
0022400971,0.48,0.5656,-0.08560000000000001
0022400972,0.64,0.5581600000000001,0.08183999999999991
0022400973,0.42857142857142855,0.4962857142857142,-0.06771428571428567
0022400974,0.48148148148148145,0.5462962962962964,-0.06481481481481494
0022400975,0.6,0.5573999999999999,0.04260000000000008
0022400976,0.6216216216216216,0.5555135135135135,0.06610810810810808
0022400977,0.46511627906976744,0.5503255813953488,-0.08520930232558138
0022400978,0.4838709677419355,0.5587096774193548,-0.07483870967741935
0022400979,0.6666666666666666,0.5525,0.11416666666666664
0022400980,0.4411764705882353,0.5591764705882354,-0.1180000000000001
0022400981,0.4838709677419355,0.5478064516129032,-0.0639354838709677
0022400982,0.5128205128205128,0.5624615384615383,-0.04964102564102557
0022400983,0.7575757575757576,0.5422424242424243,0.21533333333333327
0022400984,0.5238095238095238,0.5433333333333332,-0.019523809523809388
0022400985,0.5853658536585366,0.5558536585365853,0.029512195121951246
0022400986,0.47368421052631576,0.5575789473684211,-0.0838947368421053
0022400987,0.5333333333333333,0.5498,-0.01646666666666663
0022400988,0.5,0.5516153846153845,-0.05161538461538451
0022400989,0.5,0.5483333333333333,-0.04833333333333334
0022400990,0.48484848484848486,0.5492121212121213,-0.0643636363636364
0022400991,0.5806451612903226,0.5355483870967741,0.04509677419354852
0022400992,0.6944444444444444,0.561,0.13344444444444437
0022400993,0.5806451612903226,0.5519354838709678,0.028709677419354818
0022400994,0.5357142857142857,0.5413571428571429,-0.005642857142857172
0022400995,0.4090909090909091,0.5384545454545455,-0.1293636363636364
0022400996,0.40625,0.514625,-0.108375
0022400997,0.7073170731707317,0.5745365853658536,0.13278048780487806
0022400998,0.6818181818181818,0.5651818181818181,0.11663636363636365
0022400999,0.7272727272727273,0.5557575757575758,0.1715151515151515
0022401000,0.5,0.5350714285714286,-0.03507142857142864
0022401001,0.5128205128205128,0.5512820512820513,-0.03846153846153855
0022401002,0.6,0.54784,0.052159999999999984
0022401003,0.45161290322580644,0.5534193548387097,-0.1018064516129033
0022401004,0.6410256410256411,0.5636923076923076,0.07733333333333348
0022401005,0.47058823529411764,0.5183529411764706,-0.04776470588235293
0022401006,0.6,0.5518,0.04820000000000002
0022401007,0.5185185185185185,0.5459259259259258,-0.027407407407407325
0022401008,0.4444444444444444,0.5511851851851852,-0.1067407407407408
0022401009,0.6206896551724138,0.5437931034482758,0.07689655172413801
0022401010,0.53125,0.559125,-0.027874999999999983
0022401011,0.5555555555555556,0.5501666666666667,0.0053888888888888875
0022401012,0.5757575757575758,0.5394545454545455,0.03630303030303028
0022401013,0.5833333333333334,0.5501111111111111,0.033222222222222264
0022401014,0.38461538461538464,0.517,-0.13238461538461538
0022401015,0.56,0.5492800000000001,0.010719999999999952
0022401016,0.4375,0.56325,-0.12575000000000003
0022401017,0.75,0.5513333333333332,0.19866666666666677
0022401018,0.5925925925925926,0.549037037037037,0.04355555555555557
0022401019,0.6060606060606061,0.5431515151515153,0.0629090909090908
0022401020,0.5555555555555556,0.5441481481481482,0.011407407407407422
0022401021,0.7692307692307693,0.5473846153846154,0.22184615384615392
0022401022,0.5555555555555556,0.5612777777777779,-0.005722222222222295
0022401023,0.6896551724137931,0.5526206896551724,0.13703448275862073
0022401024,0.47058823529411764,0.5436470588235295,-0.07305882352941184
0022401025,0.6451612903225806,0.5406451612903226,0.10451612903225804
0022401026,0.4411764705882353,0.535,-0.09382352941176475
0022401027,0.4666666666666667,0.5534000000000001,-0.08673333333333344
0022401028,0.6071428571428571,0.5527857142857142,0.05435714285714288
0022401029,0.4594594594594595,0.5383783783783783,-0.07891891891891883
0022401030,0.6111111111111112,0.5385555555555556,0.0725555555555556
0022401031,0.6,0.5363500000000001,0.06364999999999987
0022401032,0.64,0.55448,0.08552000000000004
0022401033,0.5,0.5084,-0.008399999999999963
0022401034,0.5652173913043478,0.5615652173913044,0.0036521739130433994
0022401035,0.6,0.5558285714285714,0.04417142857142853
0022401036,0.6857142857142857,0.5621714285714284,0.12354285714285729
0022401037,0.38095238095238093,0.5327619047619048,-0.15180952380952384
0022401038,0.5151515151515151,0.5626060606060607,-0.04745454545454553
0022401039,0.6486486486486487,0.5516756756756758,0.09697297297297292
0022401040,0.625,0.5579166666666667,0.06708333333333327
0022401041,0.6129032258064516,0.5558064516129033,0.057096774193548305
0022401042,0.5333333333333333,0.5537333333333333,-0.020399999999999974
0022401043,0.45714285714285713,0.5474285714285714,-0.09028571428571425
0022401044,0.5862068965517241,0.5495862068965519,0.03662068965517218
0022401045,0.47058823529411764,0.5664705882352942,-0.09588235294117653
0022401046,0.6857142857142857,0.5638285714285713,0.12188571428571437
0022401047,0.5416666666666666,0.5585833333333332,-0.01691666666666658
0022401048,0.6153846153846154,0.5587692307692307,0.056615384615384734
0022401049,0.4722222222222222,0.4911111111111111,-0.0188888888888889
0022401050,0.7714285714285715,0.5469142857142856,0.2245142857142859
0022401051,0.4827586206896552,0.5571724137931034,-0.07441379310344826
0022401052,0.5384615384615384,0.5491538461538462,-0.010692307692307779
0022401053,0.64,0.5548,0.08520000000000005
0022401054,0.6052631578947368,0.5591578947368421,0.04610526315789476
0022401055,0.6,0.5493142857142856,0.050685714285714334
0022401056,0.5483870967741935,0.5458064516129032,0.002580645161290307
0022401057,0.5,0.551,-0.051000000000000045
0022401058,0.625,0.555625,0.06937499999999996
0022401059,0.6451612903225806,0.549741935483871,0.09541935483870967
0022401060,0.6,0.5546666666666666,0.04533333333333334
0022401061,0.5714285714285714,0.5170714285714285,0.05435714285714288
0022401062,0.8,0.5579000000000001,0.24209999999999998
0022401063,0.6071428571428571,0.5489285714285713,0.058214285714285774
0022401064,0.5,0.5603529411764706,-0.06035294117647061
0022401065,0.5666666666666667,0.5512666666666667,0.01539999999999997
0022401066,0.5714285714285714,0.5624571428571428,0.00897142857142863
0022401067,0.574468085106383,0.5711914893617022,0.003276595744680866
0022401068,0.5263157894736842,0.5654736842105262,-0.03915789473684206
0022401069,0.625,0.52575,0.09924999999999995
0022401070,0.46153846153846156,0.5520769230769231,-0.09053846153846157
0022401071,0.42857142857142855,0.5622857142857142,-0.13371428571428562
0022401072,0.5853658536585366,0.5741951219512196,0.011170731707316972
0022401073,0.45161290322580644,0.5466451612903226,-0.09503225806451615
0022401074,0.5806451612903226,0.5529677419354839,0.027677419354838695
0022401075,0.5151515151515151,0.545090909090909,-0.02993939393939382
0022401076,0.5,0.55075,-0.05074999999999996
0022401077,0.6774193548387096,0.5512258064516129,0.12619354838709673
0022401078,0.48717948717948717,0.5516410256410257,-0.06446153846153851
0022401079,0.6129032258064516,0.5543225806451613,0.05858064516129036
0022401080,0.6129032258064516,0.5614193548387097,0.051483870967741874
0022401081,0.41935483870967744,0.557741935483871,-0.13838709677419353
0022401082,0.4583333333333333,0.5504166666666667,-0.09208333333333335
0022401083,0.5217391304347826,0.5557826086956521,-0.03404347826086951
0022401084,0.5853658536585366,0.5776097560975612,0.007756097560975395
0022401085,0.5483870967741935,0.5520645161290322,-0.0036774193548386735
0022401086,0.5333333333333333,0.5596666666666665,-0.02633333333333321
0022401087,0.5652173913043478,0.5455652173913043,0.019652173913043525
0022401088,0.6176470588235294,0.5503529411764706,0.06729411764705884
0022401089,0.5454545454545454,0.5500909090909091,-0.004636363636363661
0022401090,0.5185185185185185,0.5537037037037037,-0.03518518518518521
0022401091,0.5483870967741935,0.5604516129032259,-0.012064516129032365
0022401092,0.5172413793103449,0.5386896551724137,-0.021448275862068877
0022401093,0.52,0.52104,-0.0010399999999999299
0022401094,0.68,0.5581600000000001,0.12183999999999995
0022401095,0.45714285714285713,0.5662285714285715,-0.1090857142857144
0022401096,0.5,0.5480714285714284,-0.04807142857142843
0022401097,0.6111111111111112,0.5568333333333333,0.05427777777777787
0022401098,0.5757575757575758,0.5632727272727273,0.012484848484848543
0022401099,0.46153846153846156,0.4853846153846154,-0.02384615384615385
0022401100,0.5789473684210527,0.5539473684210526,0.025000000000000022
0022401101,0.4666666666666667,0.5611999999999999,-0.09453333333333325
0022401102,0.5106382978723404,0.5283404255319148,-0.017702127659574463
0022401103,0.6363636363636364,0.5622424242424242,0.07412121212121214
0022401104,0.46153846153846156,0.546,-0.08446153846153848
0022401105,0.5588235294117647,0.5468823529411765,0.011941176470588233
0022401106,0.6296296296296297,0.5519259259259258,0.07770370370370383
0022401107,0.6551724137931034,0.5558620689655174,0.09931034482758605
0022401108,0.5128205128205128,0.554051282051282,-0.04123076923076918
0022401109,0.5806451612903226,0.559483870967742,0.021161290322580628
0022401110,0.32,0.52256,-0.20256000000000002
0022401111,0.5416666666666666,0.48466666666666663,0.056999999999999995
0022401112,0.5,0.5349285714285714,-0.03492857142857142
0022401113,0.6923076923076923,0.5184615384615384,0.17384615384615387
0022401114,0.4838709677419355,0.5325161290322581,-0.04864516129032259
0022401115,0.5666666666666667,0.5604666666666667,0.006199999999999983
0022401116,0.7333333333333333,0.5364,0.1969333333333333
0022401117,0.6756756756756757,0.5477297297297298,0.12794594594594588
0022401118,0.47368421052631576,0.5298947368421052,-0.05621052631578943
0022401119,0.4864864864864865,0.532054054054054,-0.045567567567567524
0022401120,0.7391304347826086,0.5532173913043479,0.18591304347826076
0022401121,0.5428571428571428,0.5305142857142857,0.0123428571428571
0022401122,0.4375,0.540625,-0.10312500000000002
0022401123,0.59375,0.5528125,0.04093749999999996
0022401124,0.6956521739130435,0.5471304347826086,0.14852173913043487
0022401125,0.7307692307692307,0.5496923076923076,0.18107692307692314
0022401126,0.6764705882352942,0.5638235294117646,0.11264705882352954
0022401127,0.3939393939393939,0.528060606060606,-0.13412121212121209
0022401128,0.5517241379310345,0.5471724137931034,0.004551724137931035
0022401129,0.5294117647058824,0.5669411764705883,-0.03752941176470592
0022401130,0.45714285714285713,0.5410285714285714,-0.08388571428571429
0022401131,0.5757575757575758,0.5391515151515152,0.03660606060606064
0022401132,0.5675675675675675,0.5553513513513515,0.012216216216216047
0022401133,0.575,0.5632,0.011799999999999922
0022401134,0.46875,0.5455625,-0.07681249999999995
0022401135,0.5,0.5333846153846153,-0.033384615384615346
0022401136,0.5757575757575758,0.5644848484848485,0.011272727272727323
0022401137,0.6470588235294118,0.5552941176470588,0.09176470588235297
0022401138,0.4074074074074074,0.5532592592592592,-0.14585185185185184
0022401139,0.6060606060606061,0.5616969696969697,0.04436363636363638
0022401140,0.42424242424242425,0.5516363636363637,-0.12739393939393945
0022401141,0.5151515151515151,0.5694545454545455,-0.05430303030303041
0022401142,0.5483870967741935,0.5572258064516129,-0.008838709677419399
0022401143,0.36363636363636365,0.5292727272727272,-0.16563636363636358
0022401144,0.7837837837837838,0.5644324324324325,0.2193513513513513
0022401145,0.52,0.54072,-0.02071999999999996
0022401146,0.4838709677419355,0.5512903225806451,-0.06741935483870964
0022401147,0.5357142857142857,0.5483571428571429,-0.012642857142857178
0022401148,0.47368421052631576,0.5302631578947369,-0.05657894736842112
0022401149,0.6585365853658537,0.5564390243902438,0.10209756097560985
0022401150,0.5789473684210527,0.5568947368421053,0.022052631578947324
0022401151,0.5,0.5366470588235295,-0.03664705882352948
0022401152,0.32,0.4959200000000001,-0.17592000000000008
0022401153,0.6111111111111112,0.5066666666666667,0.10444444444444445
0022401154,0.5555555555555556,0.5028888888888889,0.05266666666666664
0022401155,0.48148148148148145,0.5463703703703704,-0.06488888888888894
0022401156,0.6153846153846154,0.5530769230769231,0.062307692307692286
0022401157,0.4594594594594595,0.5635135135135135,-0.10405405405405405
0022401158,0.5217391304347826,0.513304347826087,0.008434782608695568
0022401159,0.6785714285714286,0.5484285714285715,0.13014285714285712
0022401160,0.55,0.5504000000000001,-0.00040000000000006697
0022401161,0.45454545454545453,0.5367878787878787,-0.08224242424242417
0022401162,0.575,0.54845,0.026549999999999963
0022401163,0.46153846153846156,0.556,-0.09446153846153849
0022401164,0.53125,0.559,-0.027750000000000052
0022401165,0.48484848484848486,0.5295151515151515,-0.04466666666666663
0022401166,0.5909090909090909,0.5263636363636363,0.06454545454545468
0022401167,0.6111111111111112,0.5654444444444443,0.045666666666666855
0022401168,0.3793103448275862,0.5585517241379311,-0.1792413793103449
0022401169,0.717948717948718,0.557948717948718,0.15999999999999992
0022401170,0.5757575757575758,0.5553939393939393,0.020363636363636473
0022401171,0.6666666666666666,0.550969696969697,0.11569696969696963
0022401172,0.6842105263157895,0.5520526315789474,0.13215789473684214
0022401173,0.5769230769230769,0.546,0.03092307692307683
0022401174,0.7272727272727273,0.5545454545454545,0.17272727272727284
0022401175,0.6451612903225806,0.5601935483870968,0.08496774193548384
0022401176,0.5384615384615384,0.5397692307692307,-0.001307692307692232
0022401177,0.5555555555555556,0.5405185185185185,0.015037037037037071
0022401178,0.52,0.53496,-0.014959999999999973
0022401179,0.42857142857142855,0.5389714285714285,-0.1104
0022401180,0.5,0.5217222222222222,-0.0217222222222222
0022401181,0.64,0.54728,0.09272000000000002
0022401182,0.6428571428571429,0.5502857142857143,0.09257142857142864
0022401183,0.5151515151515151,0.5565454545454545,-0.041393939393939316
0022401184,0.5384615384615384,0.5526153846153846,-0.014153846153846183
0022401185,0.6,0.5422,0.05779999999999996
0022401186,0.5,0.4697777777777778,0.030222222222222206
0022401187,0.5555555555555556,0.5554074074074073,0.00014814814814823052
0022401188,0.4594594594594595,0.5715675675675677,-0.11210810810810817
0022401189,0.4864864864864865,0.5496216216216216,-0.06313513513513513
0022401190,0.5416666666666666,0.5484166666666668,-0.006750000000000145
0022401191,0.4642857142857143,0.5468571428571429,-0.08257142857142863
0022401192,0.46875,0.5570625,-0.08831250000000002
0022401193,0.5142857142857142,0.5163428571428571,-0.0020571428571428685
0022401194,0.4,0.54904,-0.14903999999999995
0022401195,0.6,0.5543199999999999,0.045680000000000054
0022401196,0.6153846153846154,0.5458461538461538,0.06953846153846166
0022401197,0.5,0.5180625,-0.01806249999999998
0022401198,0.4857142857142857,0.5625714285714284,-0.07685714285714268
0022401199,0.6071428571428571,0.5606428571428571,0.046499999999999986
0022401200,0.5714285714285714,0.5372857142857143,0.03414285714285714
0022401201,0.5,0.555375,-0.05537499999999995
0022401202,0.625,0.5461666666666666,0.07883333333333342
0022401203,0.5416666666666666,0.53,0.011666666666666603
0022401204,0.4782608695652174,0.5441739130434783,-0.06591304347826088
0022401205,0.5263157894736842,0.5473684210526317,-0.021052631578947545
0022401206,0.4666666666666667,0.48393333333333327,-0.017266666666666597
0022401207,0.5555555555555556,0.5556666666666666,-0.00011111111111106187
0022401208,0.5142857142857142,0.4686857142857143,0.04559999999999992
0022401209,0.696969696969697,0.5576969696969696,0.13927272727272744
0022401210,0.39285714285714285,0.5381428571428571,-0.1452857142857143
0022401211,0.5588235294117647,0.5611176470588235,-0.00229411764705878
0022401212,0.5428571428571428,0.5635999999999999,-0.020742857142857063
0022401213,0.5555555555555556,0.5401666666666668,0.015388888888888785
0022401214,0.6551724137931034,0.5590344827586207,0.09613793103448276
0022401215,0.5666666666666667,0.5116666666666666,0.05500000000000005
0022401216,0.35294117647058826,0.5585882352941177,-0.20564705882352946
0022401217,0.5333333333333333,0.4990666666666666,0.03426666666666672
0022401218,0.625,0.5385,0.08650000000000002
0022401219,0.5,0.5215,-0.021499999999999964
0022401220,0.5208333333333334,0.5617916666666667,-0.04095833333333332
0022401221,0.5405405405405406,0.5443243243243244,-0.003783783783783856
0022401222,0.5135135135135135,0.55,-0.03648648648648656
0022401223,0.525,0.5628,-0.037799999999999945
0022401224,0.4523809523809524,0.5415238095238094,-0.08914285714285702
0022401225,0.5,0.5456666666666666,-0.04566666666666663
0022401226,0.6,0.5596,0.04039999999999999
0022401227,0.5,0.51625,-0.016249999999999987
0022401228,0.5185185185185185,0.5274074074074074,-0.008888888888888946
0022401229,0.5897435897435898,0.5567692307692307,0.032974358974359075
0022401230,0.5681818181818182,0.5746818181818182,-0.00649999999999995
