game_id,season,WMI,ATTENDANCE
0021900001,2019-20,0.5581395348837209,20787.0
0021900003,2019-20,1.2627118644067796,15424.0
0021900006,2019-20,0.6325581395348837,17732.0
0021900011,2019-20,1.7648556876061123,18306.0
0021900015,2019-20,0.7324675324675325,18055.0
0021900019,2019-20,1.1885218551885215,17732.0
0021900020,2019-20,1.0277777777777777,17794.0
0021900021,2019-20,0.6715686274509804,17027.0
0021900023,2019-20,1.1587561374795416,19557.0
0021900026,2019-20,0.8359456635318704,17467.0
0021900028,2019-20,0.8740894901144641,17078.0
0021900032,2019-20,1.0806754221388368,18055.0
0021900033,2019-20,0.6568047337278107,18354.0
0021900037,2019-20,0.7736263736263737,15517.0
0021900038,2019-20,0.9519230769230772,19707.0
0021900041,2019-20,0.4037763253449528,13565.0
0021900042,2019-20,0.924941724941725,19812.0
0021900043,2019-20,1.1697936210131332,14094.0
0021900045,2019-20,1.5,18055.0
0021900048,2019-20,1.2638392857142855,18083.0
0021900049,2019-20,0.6695121951219513,14805.0
0021900050,2019-20,0.7678571428571428,15870.0
0021900053,2019-20,0.3336864406779661,16605.0
0021900055,2019-20,0.9183673469387752,17595.0
0021900061,2019-20,1.2052593133674214,20476.0
0021900062,2019-20,0.9378205128205128,18203.0
0021900072,2019-20,1.1,18624.0
0021900073,2019-20,1.0461538461538462,20671.0
0021900074,2019-20,1.097902097902098,20358.0
0021900075,2019-20,0.9981060606060608,16273.0
0021900078,2019-20,1.1761363636363635,17222.0
0021900079,2019-20,0.8879781420765027,17025.0
0021900083,2019-20,0.5408805031446541,18064.0
0021900084,2019-20,0.9159836065573772,19669.0
0021900095,2019-20,1.2771739130434785,14285.0
0021900097,2019-20,0.8886486486486486,13341.0
0021900098,2019-20,0.7403846153846154,17709.0
0021900109,2019-20,0.5230009262117938,19487.0
0021900110,2019-20,1.0909090909090908,18306.0
0021900111,2019-20,1.0526949713941582,19068.0
0021900115,2019-20,1.129610655737705,19068.0
0021900120,2019-20,0.6428571428571429,15647.0
0021900122,2019-20,1.118455843469064,20257.0
0021900123,2019-20,0.903846153846154,19520.0
0021900124,2019-20,1.3366093366093368,18306.0
0021900125,2019-20,0.5958485958485958,20089.0
0021900132,2019-20,0.7521337126600285,13553.0
0021900135,2019-20,1.370689655172414,18203.0
0021900138,2019-20,1.4426716141001856,20041.0
0021900143,2019-20,0.5580419580419581,18627.0
0021900147,2019-20,0.6848357791754017,20294.0
0021900152,2019-20,1.074410163339383,18306.0
0021900154,2019-20,0.4861538461538462,13155.0
0021900157,2019-20,0.966346153846154,18055.0
0021900162,2019-20,1.1251646903820816,19812.0
0021900163,2019-20,0.9473684210526316,17627.0
0021900164,2019-20,1.5371102327624069,17147.0
0021900167,2019-20,0.7447916666666666,16778.0
0021900168,2019-20,1.7401129943502824,16296.0
0021900170,2019-20,1.3482142857142856,16422.0
0021900172,2019-20,1.047817047817048,18203.0
0021900173,2019-20,1.037313432835821,18064.0
0021900174,2019-20,0.488095238095238,18997.0
0021900175,2019-20,0.890909090909091,19148.0
0021900177,2019-20,0.8385416666666667,19401.0
0021900180,2019-20,0.763157894736842,19926.0
0021900181,2019-20,0.861328125,18534.0
0021900184,2019-20,0.8251231527093597,16633.0
0021900185,2019-20,1.3454545454545457,16344.0
0021900194,2019-20,1.7945098039215688,19637.0
0021900197,2019-20,1.2738970588235294,19068.0
0021900200,2019-20,2.014925373134328,16732.0
0021900201,2019-20,0.787878787878788,18997.0
0021900202,2019-20,1.1016949152542372,20384.0
0021900203,2019-20,1.3872340425531915,14579.0
0021900212,2019-20,0.8181818181818182,19068.0
0021900214,2019-20,0.6225563909774436,13903.0
0021900215,2019-20,1.025136612021858,15399.0
0021900216,2019-20,0.8670212765957446,15053.0
0021900220,2019-20,0.7536231884057971,18203.0
0021900222,2019-20,1.178867924528302,19520.0
0021900223,2019-20,1.6630434782608696,18306.0
0021900224,2019-20,0.8898809523809524,19068.0
0021900225,2019-20,0.7111501316944688,17362.0
0021900226,2019-20,1.2085714285714284,17891.0
0021900227,2019-20,0.525,16446.0
0021900228,2019-20,1.1852502194907817,16931.0
0021900232,2019-20,0.5768556399766219,17794.0
0021900236,2019-20,1.164772727272727,18770.0
0021900240,2019-20,0.9417360285374554,17143.0
0021900244,2019-20,0.9216255442670538,19156.0
0021900246,2019-20,0.812807881773399,19800.0
0021900248,2019-20,0.9085213032581452,17385.0
0021900250,2019-20,0.899822695035461,18064.0
0021900254,2019-20,0.6112054329371815,15535.0
0021900260,2019-20,1.287593984962406,16721.0
0021900264,2019-20,0.8325508607198748,18626.0
0021900268,2019-20,0.4880952380952381,15006.0
0021900271,2019-20,1.0256410256410255,18109.0
0021900272,2019-20,0.6657183499288762,15827.0
0021900274,2019-20,0.8679245283018867,16605.0
0021900275,2019-20,0.5882352941176471,18203.0
0021900278,2019-20,0.766599597585513,20139.0
0021900280,2019-20,0.6861111111111112,17583.0
0021900281,2019-20,0.5974025974025974,20517.0
0021900284,2019-20,1.7274725274725276,17026.0
0021900289,2019-20,0.884012539184953,15427.0
0021900290,2019-20,0.6711864406779662,15052.0
0021900293,2019-20,0.9210526315789476,11221.0
0021900298,2019-20,1.0508021390374334,17257.0
0021900301,2019-20,0.5236547490068617,19800.0
0021900303,2019-20,0.8466898954703833,18354.0
0021900304,2019-20,1.960511679644049,19658.0
0021900312,2019-20,0.8558673469387754,18203.0
0021900319,2019-20,0.8164924506387921,15607.0
0021900321,2019-20,1.0696661828737302,18446.0
0021900322,2019-20,0.7786833855799373,14894.0
0021900325,2019-20,0.8598958333333334,18841.0
0021900326,2019-20,0.9115853658536586,18203.0
0021900328,2019-20,0.5117845117845118,18354.0
0021900331,2019-20,0.2065527065527065,19110.0
0021900335,2019-20,1.0384894698620188,16679.0
0021900337,2019-20,1.508362369337979,19600.0
0021900340,2019-20,0.2943722943722943,19566.0
0021900345,2019-20,1.2287234042553192,14775.0
0021900346,2019-20,0.5655737704918034,18055.0
0021900348,2019-20,0.4939516129032258,13694.0
0021900352,2019-20,0.9047619047619048,10626.0
0021900353,2019-20,0.782608695652174,20591.0
0021900354,2019-20,0.8047619047619048,19600.0
0021900356,2019-20,0.5791666666666667,17122.0
0021900357,2019-20,0.5075702956020187,15637.0
0021900360,2019-20,0.974025974025974,15631.0
0021900365,2019-20,0.5363984674329502,16723.0
0021900366,2019-20,0.5859680819030412,18064.0
0021900367,2019-20,0.9990512333965844,19156.0
0021900368,2019-20,1.2890094979647218,18354.0
0021900372,2019-20,1.521254355400697,20620.0
0021900374,2019-20,0.8683712121212122,20013.0
0021900378,2019-20,0.188034188034188,17583.0
0021900379,2019-20,0.875668449197861,18306.0
0021900380,2019-20,1.1554054054054057,20013.0
0021900382,2019-20,0.8048289738430583,18426.0
0021900384,2019-20,0.5210526315789473,20333.0
0021900390,2019-20,0.5012048192771085,16962.0
0021900396,2019-20,0.8870967741935484,18055.0
0021900398,2019-20,1.0248933143669985,17727.0
0021900399,2019-20,2.1437444543034605,18203.0
0021900400,2019-20,1.1676909569798068,14193.0
0021900402,2019-20,1.3786717752234992,17923.0
0021900404,2019-20,1.1495601173020529,15177.0
0021900405,2019-20,1.3005847953216374,18306.0
0021900407,2019-20,0.6249999999999999,17023.0
0021900409,2019-20,1.4151967435549524,14987.0
0021900410,2019-20,0.7263157894736841,20715.0
0021900412,2019-20,0.3887867647058823,18203.0
0021900416,2019-20,1.4003511852502195,16739.0
0021900420,2019-20,2.5105263157894737,19432.0
0021900423,2019-20,1.0355841972541329,19800.0
0021900429,2019-20,0.5384615384615385,18064.0
0021900430,2019-20,0.8313111545988259,16187.0
0021900431,2019-20,1.8934169278996864,16496.0
0021900435,2019-20,1.004398826979472,15603.0
0021900439,2019-20,1.1066176470588236,19800.0
0021900442,2019-20,1.1530797101449275,18203.0
0021900444,2019-20,1.037037037037037,18007.0
0021900446,2019-20,1.553392658509455,17164.0
0021900447,2019-20,1.1552579365079363,19413.0
0021900449,2019-20,1.3834894613583135,19890.0
0021900451,2019-20,0.5474095796676441,16041.0
0021900458,2019-20,0.6748490945674045,18997.0
0021900464,2019-20,0.7925493060628196,17583.0
0021900465,2019-20,0.75,18306.0
0021900467,2019-20,1.191304347826087,18418.0
0021900468,2019-20,1.0390625,17311.0
0021900470,2019-20,0.7952000000000001,19767.0
0021900475,2019-20,0.79375,19865.0
0021900479,2019-20,0.9703703703703704,15411.0
0021900483,2019-20,0.9144088669950738,17583.0
0021900486,2019-20,0.4964285714285714,19800.0
0021900489,2019-20,0.6948571428571428,19520.0
0021900494,2019-20,0.8165207460982109,15824.0
0021900496,2019-20,1.8758434547908232,19896.0
0021900502,2019-20,0.8808333333333334,18354.0
0021900503,2019-20,0.8033240997229917,18203.0
0021900505,2019-20,0.6197368421052631,19812.0
0021900506,2019-20,0.7545045045045045,17819.0
0021900508,2019-20,0.7288135593220338,17859.0
0021900511,2019-20,0.6794380587484036,19398.0
0021900517,2019-20,0.6708074534161491,19156.0
0021900526,2019-20,0.9078947368421052,16420.0
0021900530,2019-20,1.7642045454545456,20327.0
0021900533,2019-20,1.6831168831168832,16808.0
0021900534,2019-20,1.0,19068.0
0021900537,2019-20,1.3241379310344827,14181.0
0021900538,2019-20,0.7879699248120301,18997.0
0021900544,2019-20,1.0285714285714285,14138.0
0021900548,2019-20,0.5427277872099604,17274.0
0021900549,2019-20,1.0356718192627823,19800.0
0021900550,2019-20,0.8797814207650274,15677.0
0021900551,2019-20,0.4727826417967262,14117.0
0021900555,2019-20,0.8953168044077136,13965.0
0021900558,2019-20,1.3815244407622205,16514.0
0021900559,2019-20,0.8709394205443372,20314.0
0021900563,2019-20,1.1596638655462184,13445.0
0021900568,2019-20,0.9616240266963292,16011.0
0021900573,2019-20,1.0599294947121032,14562.0
0021900584,2019-20,0.8108108108108107,18861.0
0021900587,2019-20,1.1018867924528304,19800.0
0021900590,2019-20,0.9257744009351258,14751.0
0021900591,2019-20,1.2741935483870968,13780.0
0021900592,2019-20,1.3842592592592593,15257.0
0021900595,2019-20,0.7004310344827587,19111.0
0021900596,2019-20,1.0862068965517242,16299.0
0021900609,2019-20,0.6789802289281998,18203.0
0021900612,2019-20,1.1025912215758855,17029.0
0021900613,2019-20,0.7389162561576355,18997.0
0021900616,2019-20,0.895619253650622,16717.0
0021900617,2019-20,2.058672156459084,18064.0
0021900619,2019-20,0.5431034482758621,16248.0
0021900624,2019-20,0.7071759259259259,18354.0
0021900626,2019-20,1.129891304347826,17959.0
0021900628,2019-20,1.4656862745098038,19156.0
0021900630,2019-20,0.4514824797843666,17812.0
0021900631,2019-20,0.8695652173913043,19939.0
0021900637,2019-20,0.8327868852459016,18422.0
0021900638,2019-20,1.790450928381963,19520.0
0021900640,2019-20,0.6479591836734694,17300.0
0021900641,2019-20,0.887509130752374,16801.0
0021900644,2019-20,0.665158371040724,19600.0
0021900645,2019-20,0.9629981024667932,18055.0
0021900650,2019-20,1.2346230158730158,14847.0
0021900652,2019-20,1.1314285714285717,19493.0
0021900653,2019-20,0.4715447154471545,19783.0
0021900655,2019-20,1.2142857142857142,18846.0
0021900656,2019-20,1.1415525114155252,14338.0
0021900658,2019-20,0.9972299168975068,19600.0
0021900661,2019-20,1.1137387387387387,18875.0
0021900663,2019-20,0.972481343283582,18365.0
0021900672,2019-20,0.7993951612903226,18883.0
0021900673,2019-20,0.5259451445515195,19632.0
0021900676,2019-20,1.0194660734149057,16398.0
0021900678,2019-20,0.5792891319207109,18354.0
0021900680,2019-20,0.5117845117845118,18306.0
0021900681,2019-20,0.6473829201101928,15890.0
0021900686,2019-20,1.1612903225806452,18354.0
0021900688,2019-20,1.038244514106583,17831.0
0021900690,2019-20,0.8377110694183865,17214.0
0021900695,2019-20,0.6388888888888888,16071.0
0021900696,2019-20,1.143018018018018,13449.0
0021900699,2019-20,2.1228070175438596,14342.0
0021900708,2019-20,0.9723076923076924,17923.0
0021900714,2019-20,0.95,17695.0
0021900718,2019-20,1.1730639730639731,19520.0
0021900725,2019-20,1.575305291723202,17260.0
0021900728,2019-20,1.2182112068965518,17923.0
0021900731,2019-20,0.9142857142857144,18196.0
0021900732,2019-20,0.7452631578947368,19156.0
0021900737,2019-20,0.6428571428571429,15488.0
0021900738,2019-20,0.5557109557109557,18055.0
0021900742,2019-20,0.5858050847457628,16303.0
0021900749,2019-20,0.6886574074074074,15819.0
0021900750,2019-20,0.5092213114754098,19068.0
0021900758,2019-20,0.428125,19800.0
0021900760,2019-20,0.6905241935483871,18203.0
0021900762,2019-20,0.8526645768025078,18306.0
0021900764,2019-20,0.9558823529411764,18895.0
0021900770,2019-20,0.787878787878788,20476.0
0021900771,2019-20,0.7764705882352941,19156.0
0021900776,2019-20,0.6774193548387096,18306.0
0021900779,2019-20,0.9833333333333334,15980.0
0021900780,2019-20,0.7648401826484018,17923.0
0021900781,2019-20,0.8299632352941175,19800.0
0021900786,2019-20,0.7402597402597403,18203.0
0021900787,2019-20,1.269717624148004,16309.0
0021900790,2019-20,0.8011695906432748,18055.0
0021900792,2019-20,2.175925925925926,19726.0
0021900794,2019-20,0.4565998972778634,16761.0
0021900808,2019-20,1.719077568134172,16607.0
0021900813,2019-20,0.4646464646464646,18978.0
0021900817,2019-20,1.3164983164983164,19860.0
0021900818,2019-20,0.6167973124300112,19156.0
0021900819,2019-20,1.1676136363636362,17865.0
0021900821,2019-20,0.693040293040293,17356.0
0021900822,2019-20,0.7854763491005996,20806.0
0021900824,2019-20,1.9191176470588232,17078.0
0021900827,2019-20,0.6222222222222222,18895.0
0021900837,2019-20,0.6871794871794873,17050.0
0021900842,2019-20,1.6378657487091224,18997.0
0021900848,2019-20,0.8452620967741936,19393.0
0021900849,2019-20,0.8333333333333333,17336.0
0021900851,2019-20,1.171578947368421,16580.0
0021900852,2019-20,1.8947368421052633,16162.0
0021900859,2019-20,1.477832512315271,16911.0
0021900864,2019-20,1.7311827956989247,13152.0
0021900866,2019-20,0.900900900900901,15021.0
0021900868,2019-20,1.068124474348192,19600.0
0021900874,2019-20,0.4420062695924765,16872.0
0021900875,2019-20,0.6739576213260424,18203.0
0021900879,2019-20,0.8518518518518517,19800.0
0021900881,2019-20,1.16871921182266,17794.0
0021900884,2019-20,0.3064327485380116,17142.0
0021900889,2019-20,1.0813148788927336,19600.0
0021900892,2019-20,0.7830508474576271,19156.0
0021900893,2019-20,0.8832425892317,18354.0
0021900899,2019-20,0.9167701863354036,17499.0
0021900903,2019-20,0.7786885245901639,18142.0
0021900907,2019-20,1.35,18407.0
0021900908,2019-20,1.0775862068965516,17635.0
0021900909,2019-20,0.6915535444947211,12008.0
0021900910,2019-20,0.785622593068036,19156.0
0021900911,2019-20,0.959079283887468,15264.0
0021900914,2019-20,1.147897897897898,15553.0
0021900918,2019-20,0.8609693877551021,15138.0
0021900919,2019-20,1.7838541666666663,19600.0
0021900923,2019-20,0.9021323127392018,20459.0
0021900926,2019-20,0.7712418300653594,13311.0
0021900929,2019-20,0.5472242249459264,18064.0
0021900936,2019-20,0.9653564290473018,18384.0
0021900941,2019-20,1.2761194029850746,16590.0
0021900942,2019-20,0.7066085693536674,19432.0
0021900944,2019-20,1.1459888059701493,18064.0
0021900946,2019-20,0.7843373493975904,15916.0
0021900949,2019-20,1.051669316375199,19156.0
0021900952,2019-20,0.8242424242424243,20324.0
0021900954,2019-20,0.8004326663061114,17995.0
0021900956,2019-20,0.8691834942932397,16449.0
0021900957,2019-20,1.2313111545988258,14399.0
0021900959,2019-20,0.6181818181818182,18306.0
0021900960,2019-20,0.7863520408163266,17053.0
0021900962,2019-20,0.8583959899749373,17837.0
0021900964,2019-20,1.4173697270471466,15388.0
0021900968,2019-20,0.9534147444595208,18997.0
0021900969,2019-20,1.1796875,15393.0
0021900973,2019-20,0.4994054696789536,20302.0
0052000121,2020-21,1.0142857142857145,6022.0
0052000131,2020-21,0.9826302729528535,7019.0
0052000211,2020-21,0.8477611940298507,7505.0
0042000121,2020-21,1.1742424242424243,9107.0
0042000171,2020-21,1.0509641873278237,6117.0
0042000131,2020-21,1.193650793650794,15047.0
0042000141,2020-21,0.7456140350877193,13750.0
0042000163,2020-21,1.5352380952380953,8050.0
0042000104,2020-21,0.7074268567141785,10665.0
0042000165,2020-21,1.0323312535450937,10463.0
0042000175,2020-21,0.8893951946975972,7428.0
0042000201,2020-21,0.8108108108108109,18624.0
0042000221,2020-21,0.8379501385041551,18007.0
0042000213,2020-21,0.5612244897959183,16310.0
0042000204,2020-21,1.1447145279819106,16502.0
0042000215,2020-21,0.8685661764705883,16067.0
0042000205,2020-21,0.8229729729729729,18624.0
0042000206,2020-21,1.7361111111111112,16610.0
0042000217,2020-21,0.728395061728395,16287.0
0042000207,2020-21,1.07648401826484,18624.0
0042000311,2020-21,0.4826388888888888,16583.0
0042000312,2020-21,0.7247223845704267,16645.0
0042000301,2020-21,0.78698224852071,16310.0
0042000314,2020-21,1.6645768025078371,18222.0
0042000404,2020-21,0.9449423815620998,16911.0
0042000405,2020-21,0.735632183908046,16562.0
0022000274,2020-21,0.9766233766233766,1008.0
0022000287,2020-21,0.300395256916996,3154.0
0022000313,2020-21,0.861038961038961,1341.0
0022000317,2020-21,0.7189542483660131,1440.0
0022000330,2020-21,2.103529411764706,1259.0
0022000344,2020-21,0.7853881278538812,3535.0
0022000358,2020-21,0.6703216374269007,3313.0
0022000365,2020-21,1.1130434782608696,1493.0
0022000370,2020-21,0.7175324675324675,1000.0
0022000372,2020-21,1.5241935483870968,1485.0
0022000384,2020-21,0.8251953125,1000.0
0022000389,2020-21,1.668458781362007,1491.0
0022000392,2020-21,1.2857142857142858,3251.0
0022000411,2020-21,0.8391393442622951,2211.0
0022000433,2020-21,0.5068027210884354,3181.0
0022000441,2020-21,0.72,1940.0
0022000449,2020-21,1.0699588477366255,4287.0
0022000465,2020-21,1.0556962025316456,1940.0
0022000480,2020-21,1.0957854406130267,2720.0
0022000483,2020-21,1.1003134796238243,1981.0
0022000485,2020-21,0.7719298245614035,3338.0
0022000496,2020-21,1.4933333333333334,3296.0
0022000503,2020-21,1.1851851851851851,1800.0
0022000515,2020-21,1.3868852459016392,1981.0
0022000520,2020-21,0.7592307692307694,1800.0
0022000533,2020-21,0.9098360655737704,2700.0
0022000543,2020-21,0.6711111111111111,2720.0
0022000544,2020-21,1.1174603174603177,3969.0
0022000548,2020-21,1.4263059701492538,2700.0
0022000555,2020-21,0.8859180035650623,1961.0
0022000580,2020-21,0.3053589484327603,2160.0
0022000587,2020-21,1.1916666666666669,1364.0
0022000596,2020-21,0.525,3264.0
0022000602,2020-21,0.6433566433566433,2861.0
0022000604,2020-21,0.9166666666666666,1637.0
0022000611,2020-21,1.2876447876447876,3071.0
0022000616,2020-21,0.9798850574712644,750.0
0022000618,2020-21,1.391304347826087,3071.0
0022000623,2020-21,0.600924499229584,2217.0
0022000627,2020-21,0.342127659574468,1531.0
0022000628,2020-21,0.9372233400402412,3172.0
0022000016,2020-21,0.3586065573770491,3297.0
0022000647,2020-21,1.137931034482759,1773.0
0022000650,2020-21,0.5875,1981.0
0022000655,2020-21,0.6620689655172414,3222.0
0022000658,2020-21,0.6852057842046718,2319.0
0022000669,2020-21,1.3020833333333333,3280.0
0022000670,2020-21,0.975438596491228,3891.0
0022000679,2020-21,1.2880143112701252,1817.0
0022000683,2020-21,0.7358585858585859,750.0
0022000686,2020-21,1.1507692307692308,4215.0
0022000689,2020-21,1.222591362126246,3700.0
0022000691,2020-21,0.8633333333333334,5546.0
0022000695,2020-21,0.6908212560386473,3280.0
0022000703,2020-21,1.010909090909091,3850.0
0022000704,2020-21,0.7617354196301565,2021.0
0022000708,2020-21,0.8112379280070237,2298.0
0022000709,2020-21,0.8395061728395061,1732.0
0022000171,2020-21,1.3441509433962264,3173.0
0022000723,2020-21,0.5056352459016393,2298.0
0022000725,2020-21,0.8395061728395061,2314.0
0022000730,2020-21,0.981081081081081,3459.0
0022000734,2020-21,0.896354852876592,3700.0
0022000735,2020-21,1.0843989769820972,2949.0
0022000743,2020-21,0.755859375,5546.0
0022000751,2020-21,0.7435897435897437,3276.0
0022000762,2020-21,1.3244485294117647,1773.0
0022000763,2020-21,1.078817733990148,1620.0
0022000768,2020-21,1.1231231231231231,3093.0
0022000456,2020-21,0.4729064039408867,3399.0
0022000778,2020-21,1.683673469387755,2298.0
0022000783,2020-21,0.8747771836007129,5110.0
0022000790,2020-21,1.0663865546218487,3777.0
0022000792,2020-21,1.1645569620253164,2298.0
0022000793,2020-21,1.081578947368421,1912.0
0022000797,2020-21,0.7820895522388059,3750.0
0022000805,2020-21,0.7370095440084835,4148.0
0022000807,2020-21,0.8727272727272727,4148.0
0022000809,2020-21,0.8591549295774648,1833.0
0022000810,2020-21,1.60752688172043,4054.0
0022000811,2020-21,1.43,2341.0
0022000812,2020-21,0.7809847198641765,1436.0
0022000820,2020-21,0.7697437697437697,5546.0
0022000824,2020-21,0.9590163934426228,1427.0
0022000825,2020-21,0.9821428571428572,3676.0
0022000830,2020-21,1.4246575342465753,4094.0
0022000831,2020-21,0.8613406795224978,1184.0
0022000832,2020-21,0.9016129032258065,750.0
0022000837,2020-21,0.9403508771929824,2141.0
0022000846,2020-21,0.5611861861861862,4094.0
0022000853,2020-21,0.8787878787878788,4303.0
0022000855,2020-21,0.7585733882030178,1710.0
0022000858,2020-21,0.7004524886877828,2298.0
0022000862,2020-21,0.8680351906158358,1981.0
0022000864,2020-21,0.6844897959183674,3772.0
0022000868,2020-21,1.0149253731343284,750.0
0022000873,2020-21,0.6828885400313971,3280.0
0022000874,2020-21,0.699902248289345,4005.0
0022000878,2020-21,1.0933098591549295,3700.0
0022000883,2020-21,1.5684891240446797,4094.0
0022000885,2020-21,0.4647058823529412,2133.0
0022000886,2020-21,1.4638888888888888,1981.0
0022000899,2020-21,1.9955357142857144,1773.0
0022000901,2020-21,0.7067873303167421,3313.0
0022000264,2020-21,1.9611940298507464,3700.0
0022000197,2020-21,1.0122448979591836,2133.0
0022000915,2020-21,0.9494680851063828,3252.0
0022000919,2020-21,0.9537197231833908,2133.0
0022000920,2020-21,1.1199095022624437,1981.0
0022000923,2020-21,0.9828629032258064,1638.0
0022000927,2020-21,0.6882911392405063,2298.0
0022000931,2020-21,0.8352272727272727,3225.0
0022000933,2020-21,0.7595628415300547,4148.0
0022000940,2020-21,1.1991101223581755,4022.0
0022000943,2020-21,0.5587301587301587,750.0
0022000945,2020-21,0.7450980392156862,3232.0
0022000950,2020-21,0.586593707250342,2298.0
0022000956,2020-21,0.913154533844189,2691.0
0022000961,2020-21,1.0111111111111113,3924.0
0022000962,2020-21,1.3351016799292663,1638.0
0022000964,2020-21,0.8066666666666668,4351.0
0022000965,2020-21,1.6826241134751774,6506.0
0022000966,2020-21,1.2505843852267415,2818.0
0022000967,2020-21,1.221256038647343,3280.0
0022000973,2020-21,0.9796526054590572,3978.0
0022000982,2020-21,0.5970149253731343,2454.0
0022000983,2020-21,0.7596253902185224,4148.0
0022000984,2020-21,1.32,750.0
0022000987,2020-21,1.2,3700.0
0022000989,2020-21,0.5253623188405797,1714.0
0022000183,2020-21,1.1743993371996686,1436.0
0022000235,2020-21,1.157894736842105,3280.0
0022000997,2020-21,1.3054054054054052,2494.0
0022000998,2020-21,0.9044444444444444,4602.0
0022001003,2020-21,0.618925831202046,5119.0
0022001008,2020-21,0.8317460317460317,6506.0
0022001010,2020-21,0.9303977272727272,1939.0
0022001015,2020-21,0.6284626038781164,4044.0
0022001020,2020-21,0.7423728813559323,4196.0
0022001026,2020-21,1.2295081967213113,3054.0
0022001028,2020-21,1.2426564495530013,2507.0
0022001030,2020-21,1.3215725806451613,4155.0
0022000448,2020-21,0.992063492063492,3997.0
0022001039,2020-21,1.1402298850574712,4155.0
0022001041,2020-21,1.4814814814814814,3550.0
0022001042,2020-21,0.25,3120.0
0022001046,2020-21,0.4921946740128559,4087.0
0022000255,2020-21,0.660377358490566,2876.0
0022000458,2020-21,0.6507230255839822,1981.0
0022001053,2020-21,1.5114709851551955,8359.0
0022000263,2020-21,1.43,3502.0
0022001057,2020-21,0.5152394775036284,4493.0
0022001059,2020-21,1.3511029411764708,4155.0
0022001064,2020-21,0.5025974025974026,1981.0
0022001073,2020-21,0.9763313609467456,1981.0
0022001078,2020-21,0.5112781954887218,4738.0
0022001080,2020-21,0.826171875,5333.0
0022100003,2021-22,0.6751918158567775,15521.0
0022100004,2021-22,1.205128205128205,20088.0
0022100005,2021-22,0.8101851851851851,19812.0
0022100007,2021-22,0.6031746031746031,15975.0
0022100013,2021-22,1.3866153105440535,17467.0
0022100016,2021-22,0.5412642669007902,18064.0
0022100019,2021-22,0.8294117647058823,15407.0
0022100021,2021-22,1.9166666666666663,20367.0
0022100028,2021-22,1.3771929824561404,17147.0
0022100034,2021-22,0.7484879032258065,16748.0
0022100040,2021-22,1.9814285714285715,18997.0
0022100041,2021-22,0.7347140039447732,17238.0
0022100046,2021-22,1.3055555555555554,19800.0
0022100053,2021-22,0.7369281045751634,18354.0
0022100056,2021-22,0.55863539445629,19156.0
0022100059,2021-22,1.0425,15541.0
0022100060,2021-22,0.6957730812013349,17341.0
0022100061,2021-22,0.4696691176470589,15783.0
0022100062,2021-22,1.0202140309155767,14678.0
0022100067,2021-22,0.5532821824381926,20972.0
0022100069,2021-22,0.6461538461538461,19228.0
0022100070,2021-22,0.8840970350404311,18064.0
0022100071,2021-22,0.9447004608294932,19800.0
0022100074,2021-22,1.2294484911550467,17507.0
0022100078,2021-22,1.2071428571428573,15813.0
0022100080,2021-22,1.194679054054054,16508.0
0022100081,2021-22,1.15625,10578.0
0022100087,2021-22,0.4914529914529915,17136.0
0022100094,2021-22,0.9240694789081888,13889.0
0022100102,2021-22,0.8298701298701299,13722.0
0022100105,2021-22,0.9386694386694386,18306.0
0022100107,2021-22,0.4672131147540984,18997.0
0022100108,2021-22,0.2821213778020776,16231.0
0022100111,2021-22,0.6540983606557377,20438.0
0022100114,2021-22,0.623942745608328,12977.0
0022100116,2021-22,1.3216619981325863,16356.0
0022100123,2021-22,1.0462365591397849,18997.0
0022100124,2021-22,1.0390625,14235.0
0022100127,2021-22,0.229064039408867,19800.0
0022100131,2021-22,0.2789757412398921,16841.0
0022100133,2021-22,1.4708994708994707,16046.0
0022100134,2021-22,0.7623106060606061,19600.0
0022100135,2021-22,1.1164835164835163,20936.0
0022100136,2021-22,0.4577218728162124,20052.0
0022100137,2021-22,1.1935483870967742,15412.0
0022100141,2021-22,1.0274725274725276,13386.0
0022100143,2021-22,0.7215909090909092,12993.0
0022100144,2021-22,1.9819524200164067,12972.0
0022100149,2021-22,0.8167619047619049,12416.0
0022100153,2021-22,0.7826546800634584,13566.0
0022100154,2021-22,1.3852941176470588,18997.0
0022100158,2021-22,0.528138528138528,18056.0
0022100162,2021-22,1.278409090909091,15350.0
0022100167,2021-22,0.8666666666666666,15232.0
0022100170,2021-22,0.7928913192071086,18997.0
0022100171,2021-22,0.7673981191222571,20112.0
0022100173,2021-22,0.7263157894736841,16150.0
0022100174,2021-22,0.7788461538461539,19257.0
0022100175,2021-22,1.3753327417923693,19156.0
0022100179,2021-22,0.7408163265306122,14650.0
0022100180,2021-22,0.9933333333333332,12881.0
0022100189,2021-22,0.9033977348434375,19800.0
0022100190,2021-22,0.6462264150943396,19432.0
0022100194,2021-22,1.370967741935484,19559.0
0022100199,2021-22,1.2685185185185184,17186.0
0022100203,2021-22,0.4777777777777778,16792.0
0022100206,2021-22,0.9307479224376732,16274.0
0022100208,2021-22,0.6568627450980393,16142.0
0022100218,2021-22,0.3837597330367074,16680.0
0022100222,2021-22,0.8365650969529085,14838.0
0022100223,2021-22,0.5362903225806451,17492.0
0022100230,2021-22,0.8575498575498576,16787.0
0022100231,2021-22,0.6849217638691323,20088.0
0022100233,2021-22,1.1847014925373134,16966.0
0022100234,2021-22,1.521332554061952,17341.0
0022100236,2021-22,1.4795081967213115,19520.0
0022100241,2021-22,0.9596774193548386,20476.0
0022100248,2021-22,1.2827586206896553,17149.0
0022100249,2021-22,1.1100746268656718,15532.0
0022100250,2021-22,0.7608225108225107,21813.0
0022100253,2021-22,0.717948717948718,17387.0
0022100254,2021-22,0.4992492492492493,16575.0
0022100260,2021-22,0.997737556561086,14715.0
0022100261,2021-22,0.9469759734879868,18306.0
0022100262,2021-22,0.9148185483870968,13948.0
0022100266,2021-22,0.8965250965250964,17067.0
0022100267,2021-22,1.5066997518610423,18055.0
0022100268,2021-22,0.4255744255744255,15572.0
0022100271,2021-22,1.4631410256410255,16074.0
0022100276,2021-22,0.6596491228070175,14081.0
0022100279,2021-22,1.3805650684931503,14997.0
0022100286,2021-22,1.1746031746031746,14579.0
0022100287,2021-22,0.7948051948051948,15360.0
0022100289,2021-22,1.4233766233766234,18306.0
0022100291,2021-22,0.9981012658227848,18997.0
0022100292,2021-22,1.0009861932938855,21011.0
0022100296,2021-22,0.5238095238095237,21110.0
0022100297,2021-22,0.6140350877192983,14687.0
0022100298,2021-22,1.2661764705882357,20223.0
0022100304,2021-22,0.8799999999999999,18997.0
0022100305,2021-22,1.253580901856764,20193.0
0022100309,2021-22,0.666314119513485,14191.0
0022100314,2021-22,0.8441558441558441,18081.0
0022100319,2021-22,0.707977207977208,12656.0
0022100320,2021-22,0.4677966101694916,14191.0
0022100322,2021-22,0.3073200241984271,19156.0
0022100324,2021-22,0.7675675675675676,17341.0
0022100326,2021-22,1.0193050193050193,13222.0
0022100328,2021-22,0.6725806451612903,19812.0
0022100329,2021-22,1.095686274509804,19800.0
0022100335,2021-22,0.4324324324324324,17092.0
0022100336,2021-22,1.3972461273666092,17732.0
0022100337,2021-22,0.5771929824561404,13697.0
0022100339,2021-22,0.4547591069330199,18306.0
0022100341,2021-22,1.2413793103448278,18997.0
0022100343,2021-22,1.3584905660377358,18116.0
0022100346,2021-22,0.7172413793103448,18064.0
0022100348,2021-22,1.5805457746478877,15004.0
0022100349,2021-22,1.6955903271692745,18113.0
0022100350,2021-22,0.6767676767676768,16383.0
0022100353,2021-22,0.7240896358543417,14462.0
0022100360,2021-22,1.2833333333333334,15292.0
0022100363,2021-22,1.0251503553854564,19559.0
0022100366,2021-22,1.3068783068783068,15709.0
0022100368,2021-22,1.0149253731343284,10499.0
0022100371,2021-22,0.5546218487394958,19800.0
0022100375,2021-22,1.164179104477612,15035.0
0022100378,2021-22,1.29979035639413,17064.0
0022100382,2021-22,1.125,16335.0
0022100385,2021-22,0.8205128205128205,19800.0
0022100391,2021-22,0.9047619047619048,17156.0
0022100402,2021-22,0.9575396825396826,16591.0
0022100405,2021-22,0.5269726247987118,17018.0
0022100407,2021-22,0.9989189189189192,15456.0
0022100413,2021-22,0.8385281385281386,17325.0
0022100416,2021-22,0.6466275659824048,16184.0
0022100419,2021-22,1.1784511784511784,20389.0
0022100420,2021-22,0.6372549019607844,20270.0
0022100422,2021-22,0.8341880341880341,13253.0
0022100429,2021-22,0.9845422116527944,17053.0
0022100435,2021-22,0.5303030303030304,19156.0
0022100437,2021-22,0.875268817204301,18306.0
0022100438,2021-22,1.777777777777778,15504.0
0022100442,2021-22,0.4042553191489361,16292.0
0022100444,2021-22,1.1015965166908563,15123.0
0022100447,2021-22,0.6852098600932711,18306.0
0022100448,2021-22,1.952820512820513,21560.0
0022100450,2021-22,0.7850346020761245,15977.0
0022100455,2021-22,0.9366197183098592,16127.0
0022100457,2021-22,0.4212025316455696,19156.0
0022100460,2021-22,1.0977982590885815,15721.0
0022100461,2021-22,1.086848635235732,18306.0
0022100477,2021-22,0.6714640198511167,13954.0
0022100478,2021-22,0.4867816091954023,20408.0
0022100479,2021-22,0.7719734660033167,19600.0
0022100480,2021-22,1.4519704433497538,18208.0
0022100482,2021-22,0.8081632653061225,17003.0
0022100485,2021-22,1.43796992481203,18064.0
0022100489,2021-22,0.7134502923976608,17341.0
0022100491,2021-22,0.888255777144666,18997.0
0022100500,2021-22,1.2105263157894737,17759.0
0022100505,2021-22,0.938508064516129,17071.0
0022100510,2021-22,0.7867203219315895,6960.0
0022100513,2021-22,0.95852534562212,15835.0
0022100514,2021-22,0.4732620320855614,18064.0
0022100520,2021-22,1.728395061728395,17794.0
0022100524,2021-22,0.9343715239154616,16071.0
0022100530,2021-22,0.4738985560903369,17515.0
0022100533,2021-22,0.6881118881118881,17745.0
0052100121,2021-22,1.139240506329114,17136.0
0052100201,2021-22,0.8664772727272727,19432.0
0052100211,2021-22,0.465040650406504,19068.0
0042100171,2021-22,1.3718354430379749,20013.0
0042100111,2021-22,0.8154479265590376,19156.0
0042100121,2021-22,0.4,17717.0
0042100122,2021-22,1.4362837413684872,17688.0
0042100133,2021-22,0.8436385255648037,19800.0
0042100163,2021-22,1.6849315068493147,19627.0
0042100103,2021-22,0.9994711792702274,18421.0
0042100143,2021-22,1.197860962566845,18962.0
0042100154,2021-22,0.9133833646028768,19832.0
0042100174,2021-22,0.8201754385964912,18306.0
0042100164,2021-22,1.0319783197831978,19628.0
0042100114,2021-22,0.7345679012345679,18099.0
0042100105,2021-22,0.963768115942029,19553.0
0042100155,2021-22,1.1036036036036037,17794.0
0042100165,2021-22,0.7348345588235294,18064.0
0042100146,2021-22,0.4898851831601968,18710.0
0042100176,2021-22,0.951343500363108,18306.0
0042100156,2021-22,0.8672641912078533,20323.0
0042100231,2021-22,0.7802579365079365,17794.0
0042100232,2021-22,0.5266812865497077,17794.0
0042100213,2021-22,1.1774647887323944,17736.0
0042100234,2021-22,1.4482758620689655,18064.0
0042100215,2021-22,0.6581632653061225,19156.0
0042100306,2021-22,0.8281101614434947,19156.0
0042100307,2021-22,1.3035190615835777,20200.0
0042100404,2021-22,1.315500685871056,19156.0
0022100540,2021-22,1.412405303030303,18911.0
0022100541,2021-22,1.2099871959026889,19043.0
0022100542,2021-22,1.2568359375,17732.0
0022100544,2021-22,0.8401544401544402,18306.0
0022100546,2021-22,1.3708920187793427,19156.0
0022100547,2021-22,1.2795698924731185,17808.0
0022100548,2021-22,1.111531190926276,13699.0
0022100553,2021-22,1.1340996168582376,8902.0
0022100555,2021-22,1.0656,20502.0
0022100560,2021-22,1.3095823095823096,15091.0
0022100562,2021-22,1.099624060150376,18178.0
0022100566,2021-22,1.1372549019607845,17919.0
0022100568,2021-22,0.8567821067821069,13116.0
0022100569,2021-22,0.8947368421052632,13014.0
0022100570,2021-22,0.3428571428571428,19156.0
0022100577,2021-22,0.9993011879804334,13104.0
0022100578,2021-22,1.4448,17529.0
0022100580,2021-22,1.5923076923076924,15986.0
0022100593,2021-22,0.8666666666666667,18644.0
0022100598,2021-22,0.8005555555555556,13223.0
0022100601,2021-22,0.9616161616161616,14772.0
0022100602,2021-22,0.8423645320197044,15606.0
0022100607,2021-22,1.004043126684636,14253.0
0022100609,2021-22,1.105,19156.0
0022100611,2021-22,1.38,12110.0
0022100612,2021-22,0.6966101694915254,13985.0
0022100614,2021-22,0.4625,17794.0
0022100615,2021-22,0.7048192771084337,15155.0
0022100616,2021-22,0.5652573529411764,15077.0
0022100626,2021-22,0.7197265625,12199.0
0022100628,2021-22,0.6565743944636678,15881.0
0022100636,2021-22,0.6766917293233082,19600.0
0022100638,2021-22,0.7945696721311476,12160.0
0022100646,2021-22,1.148051948051948,15284.0
0022100647,2021-22,0.7849898580121704,19156.0
0022100651,2021-22,0.8475665748393021,13601.0
0022100657,2021-22,1.188034188034188,18105.0
0022100659,2021-22,0.5527217358203274,15080.0
0022100660,2021-22,0.9495982468955444,16903.0
0022100662,2021-22,0.3156199677938808,19600.0
0022100663,2021-22,1.664516129032258,19266.0
0022100666,2021-22,0.7691435053885423,16071.0
0022100669,2021-22,0.6664198445020362,15380.0
0022100675,2021-22,0.6350806451612904,19218.0
0022100677,2021-22,0.6436781609195402,18306.0
0022100678,2021-22,2.775,14547.0
0022100679,2021-22,0.8918918918918919,12907.0
0022100682,2021-22,0.3507692307692308,19584.0
0022100683,2021-22,0.7524064171122995,18064.0
0022100686,2021-22,1.5827922077922076,20182.0
0022100687,2021-22,0.5545454545454545,16385.0
0022100688,2021-22,0.7494521548575603,19156.0
0022100689,2021-22,0.5705329153605014,14755.0
0022100690,2021-22,1.5714285714285714,18013.0
0022100694,2021-22,0.903846153846154,18064.0
0022100696,2021-22,1.1187739463601534,17341.0
0022100704,2021-22,0.6982758620689655,16437.0
0022100707,2021-22,1.2804097311139562,14060.0
0022100708,2021-22,0.9451530612244898,18064.0
0022100709,2021-22,0.7603074772886094,17321.0
0022100712,2021-22,0.7853881278538812,15581.0
0022100730,2021-22,0.459375,14378.0
0022100714,2021-22,1.4688542825361512,16023.0
0022100716,2021-22,0.8250000000000001,13544.0
0022100721,2021-22,0.4621621621621621,16422.0
0022100472,2021-22,1.2617297908422838,20269.0
0022100728,2021-22,1.2998246639392168,14662.0
0022100731,2021-22,0.9773755656108598,18306.0
0022100735,2021-22,0.6233766233766235,19469.0
0022100741,2021-22,0.8132660418168709,15106.0
0022100747,2021-22,1.1570621468926554,20380.0
0022100748,2021-22,1.036619718309859,19600.0
0022100750,2021-22,1.4408602150537633,18064.0
0022100751,2021-22,0.6461538461538462,17391.0
0022100755,2021-22,0.4538375973303671,13376.0
0022100758,2021-22,0.5535714285714285,17071.0
0022100759,2021-22,0.492063492063492,17637.0
0022100761,2021-22,0.530289727831431,20424.0
0022100767,2021-22,0.9325396825396824,14168.0
0022100771,2021-22,1.92,17070.0
0022101079,2021-22,0.9375,20077.0
0022101080,2021-22,0.7315270935960592,17164.0
0022101081,2021-22,0.9545454545454544,19812.0
0022101086,2021-22,0.2854442344045368,14227.0
0022101100,2021-22,1.0205761316872428,19162.0
0022101101,2021-22,0.6495297805642632,18943.0
0022101107,2021-22,0.7093889716840536,13097.0
0022101108,2021-22,1.3820536540240518,16366.0
0022101113,2021-22,1.2978494623655914,19520.0
0022101115,2021-22,0.1580333625987708,19304.0
0022101119,2021-22,1.309523809523809,18516.0
0022101120,2021-22,0.691358024691358,18166.0
0022101122,2021-22,0.9023569023569024,17614.0
0022101123,2021-22,0.6774193548387096,19432.0
0022101126,2021-22,0.6631541974007726,19812.0
0022101127,2021-22,0.7536231884057971,19800.0
0022101128,2021-22,1.0873015873015872,18055.0
0022101130,2021-22,0.7171875,18188.0
0022101131,2021-22,0.8451977401129944,21467.0
0022101135,2021-22,1.134453781512605,19068.0
0022101142,2021-22,0.9362179487179486,13365.0
0022101144,2021-22,1.6283643892339543,15821.0
0022101145,2021-22,0.8382030679327976,18064.0
0022101148,2021-22,1.2578125,17917.0
0022101149,2021-22,1.071008593396653,21519.0
0022101153,2021-22,1.574337121212121,19156.0
0022101154,2021-22,1.2173913043478262,14857.0
0022101159,2021-22,0.7894736842105263,19612.0
0022101160,2021-22,1.3636363636363635,18997.0
0022101163,2021-22,0.5464716006884681,18126.0
0022101165,2021-22,1.1336405529953917,18064.0
0022101170,2021-22,0.8320512820512821,19432.0
0022101179,2021-22,0.6745283018867925,16897.0
0022101182,2021-22,0.8818359375,19800.0
0022101187,2021-22,0.4908835904628331,18306.0
0022101198,2021-22,0.895341802782819,18046.0
0022101206,2021-22,0.7189542483660131,19800.0
0022101207,2021-22,0.5282258064516129,19993.0
0022101210,2021-22,0.9236111111111112,18306.0
0022101215,2021-22,1.1824324324324325,18627.0
0022101220,2021-22,0.7517531556802244,19520.0
0022101224,2021-22,0.8444444444444444,17136.0
0022101229,2021-22,1.44375,17071.0
0022200003,2022-23,0.8012820512820513,20190.0
0022200004,2022-23,1.3611615245009074,15027.0
0022200008,2022-23,0.8056265984654731,19800.0
0022200009,2022-23,1.546994535519126,18202.0
0022200010,2022-23,0.7222222222222223,17136.0
0022200013,2022-23,1.2581699346405228,17071.0
0022200014,2022-23,1.6121212121212125,17611.0
0022200015,2022-23,0.7888888888888889,20060.0
0022200018,2022-23,1.2453183520599251,12073.0
0022200019,2022-23,2.3834745762711864,20476.0
0022200021,2022-23,0.8657786885245901,17732.0
0022200025,2022-23,0.7105590062111801,17136.0
0022200026,2022-23,0.7065972222222222,18064.0
0022200027,2022-23,0.6457204767063922,19393.0
0022200031,2022-23,0.9144144144144144,19600.0
0022200035,2022-23,1.6252667520273154,19983.0
0022200036,2022-23,1.2952380952380953,16296.0
0022200037,2022-23,0.6246246246246246,18997.0
0022200039,2022-23,1.5456410256410256,19432.0
0022200040,2022-23,1.034159159159159,18665.0
0022200045,2022-23,0.6607054148037754,19600.0
0022200048,2022-23,0.7249378624689311,16260.0
0022200053,2022-23,0.390625,14020.0
0022200057,2022-23,1.3246618106139438,17987.0
0022200058,2022-23,0.935064935064935,19812.0
0022200066,2022-23,0.7410256410256411,18039.0
0022200072,2022-23,0.5780590717299577,19156.0
0022200077,2022-23,1.6507936507936507,16562.0
0022200082,2022-23,1.2047898338220917,19079.0
0022200084,2022-23,0.5672268907563026,19010.0
0022200085,2022-23,1.6150576806314512,17341.0
0022200086,2022-23,0.9059233449477352,20307.0
0022200087,2022-23,0.8654970760233918,18206.0
0022200096,2022-23,1.3257575757575757,12020.0
0022200098,2022-23,0.8039314516129032,15770.0
0022200100,2022-23,0.7638533674339302,17341.0
0022200102,2022-23,1.872,14887.0
0022200104,2022-23,0.3261904761904761,19600.0
0022200105,2022-23,0.4065306122448979,13109.0
0022200107,2022-23,1.203931203931204,19432.0
0022200109,2022-23,0.783625730994152,19600.0
0022200115,2022-23,1.3936651583710409,19877.0
0022200116,2022-23,1.6929945054945057,19462.0
0022200117,2022-23,1.0551508844953177,18997.0
0022200118,2022-23,0.6591619762351469,18846.0
0022200121,2022-23,1.3567251461988303,13141.0
0022200122,2022-23,1.1620535714285714,20679.0
0022200124,2022-23,1.325490196078431,19156.0
0022200127,2022-23,0.8518145161290323,20177.0
0022200130,2022-23,0.5454545454545454,17071.0
0022200132,2022-23,1.2121212121212122,18846.0
0022200133,2022-23,1.4367816091954022,19398.0
0022200134,2022-23,1.0034722222222223,17654.0
0022200150,2022-23,1.6651583710407238,19600.0
0022200152,2022-23,1.6174089068825912,17371.0
0022200154,2022-23,0.9472340425531914,11574.0
0022200155,2022-23,1.5356643356643358,20011.0
0022200156,2022-23,0.9688581314878892,18064.0
0022200158,2022-23,2.2833333333333337,16516.0
0022200160,2022-23,0.9819209039548022,14069.0
0022200166,2022-23,1.0014903129657229,19621.0
0022200168,2022-23,1.0328638497652582,15180.0
0022200169,2022-23,1.0295566502463054,13507.0
0022200171,2022-23,1.4516129032258065,13816.0
0022200174,2022-23,0.949691658552418,19600.0
0022200182,2022-23,1.206947890818859,18064.0
0022200183,2022-23,0.8545081967213114,17849.0
0022200190,2022-23,1.2701612903225807,20277.0
0022200191,2022-23,1.0303030303030305,15367.0
0022200193,2022-23,1.3082706766917294,19432.0
0022200195,2022-23,0.9752747252747254,19761.0
0022200199,2022-23,0.647854203409759,16988.0
0022200201,2022-23,1.535632183908046,19156.0
0022200202,2022-23,1.2,19600.0
0022200207,2022-23,1.0114285714285711,19810.0
0022200209,2022-23,1.098989898989899,19012.0
0022200213,2022-23,1.4093406593406594,12630.0
0022200219,2022-23,1.0486555697823303,18210.0
0022200221,2022-23,0.7123552123552124,19393.0
0022200224,2022-23,0.9292307692307692,18772.0
0022200225,2022-23,0.8141711229946524,19432.0
0022200227,2022-23,0.8881118881118882,21031.0
0022200232,2022-23,0.9322655989322656,18206.0
0022200235,2022-23,1.5772058823529411,18051.0
0022200236,2022-23,0.6630369026013309,14478.0
0022200237,2022-23,1.0936974789915963,20515.0
0022200238,2022-23,0.7965367965367964,19595.0
0022200241,2022-23,0.9607535321821036,14289.0
0022200242,2022-23,0.6014047410008779,17866.0
0022200245,2022-23,1.211864406779661,18055.0
0022200246,2022-23,0.9028822055137844,20244.0
0022200252,2022-23,0.3671232876712328,16583.0
0022200257,2022-23,1.3823529411764706,16826.0
0022200258,2022-23,0.7611111111111111,19635.0
0022200260,2022-23,0.7578947368421052,16910.0
0022200267,2022-23,0.9335839598997492,17341.0
0022200268,2022-23,0.872093023255814,13656.0
0022200272,2022-23,1.2110599078341011,17924.0
0022200274,2022-23,1.090034965034965,19812.0
0022200277,2022-23,0.9243951612903224,19600.0
0022200278,2022-23,1.223684210526316,16669.0
0022200281,2022-23,0.6273115220483642,16082.0
0022200283,2022-23,1.472693032015066,17071.0
0022200286,2022-23,0.8169014084507041,19800.0
0022200289,2022-23,0.6256410256410256,17071.0
0022200296,2022-23,0.7975,19524.0
0022200299,2022-23,0.6593939393939394,19778.0
0022200304,2022-23,0.7821428571428573,13109.0
0022200307,2022-23,0.6000000000000001,16407.0
0022200308,2022-23,0.5610963075751807,16034.0
0022200310,2022-23,0.7171717171717171,20277.0
0022200311,2022-23,0.6111801242236025,17251.0
0022200316,2022-23,0.91198224852071,17277.0
0022200319,2022-23,0.8750000000000001,15605.0
0022200325,2022-23,0.9166666666666669,18106.0
0022200326,2022-23,1.0404761904761903,15231.0
0022200328,2022-23,0.6312217194570136,19156.0
0022200331,2022-23,1.1896551724137931,17938.0
0022200334,2022-23,1.2931286549707603,17071.0
0022200343,2022-23,0.991714995857498,18206.0
0022200352,2022-23,0.9821428571428572,13945.0
0022200356,2022-23,0.9941520467836258,15331.0
0022200362,2022-23,0.7623529411764705,19520.0
0022200363,2022-23,0.4240561896400351,14429.0
0022200364,2022-23,0.3663203936577364,16903.0
0022200367,2022-23,0.4369501466275659,19265.0
0022200370,2022-23,0.5445378151260505,15472.0
0022200371,2022-23,0.491675338189386,14073.0
0022200372,2022-23,1.148910411622276,18206.0
0022200374,2022-23,0.8922908693275015,19600.0
0022200376,2022-23,1.5865384615384617,18189.0
0022200379,2022-23,1.0504201680672267,17008.0
0022200380,2022-23,1.1767241379310345,18072.0
0022200381,2022-23,0.580952380952381,19432.0
0022200382,2022-23,1.0913312693498451,20852.0
0022200386,2022-23,0.96875,20277.0
0022200387,2022-23,1.5387978142076504,19600.0
0022200388,2022-23,0.5684210526315789,14280.0
0022200389,2022-23,0.2108262108262108,18404.0
0022200393,2022-23,1.7251851851851852,19636.0
0022200395,2022-23,0.8465930719451846,18681.0
0022200396,2022-23,1.03988603988604,20190.0
0022200400,2022-23,0.7285714285714285,17227.0
0022200401,2022-23,0.9130434782608696,16268.0
0022200406,2022-23,0.6230936819172114,13434.0
0022200413,2022-23,0.841248303934871,18661.0
0022200414,2022-23,0.725609756097561,14303.0
0022200415,2022-23,1.1532467532467532,15069.0
0022200417,2022-23,0.9722222222222222,19800.0
0022200418,2022-23,0.8878676470588235,18820.0
0022200419,2022-23,0.5511494252873563,14783.0
0022200424,2022-23,1.306715063520871,16210.0
0022200426,2022-23,0.9480337078651686,18206.0
0022200431,2022-23,0.8884636413340623,19432.0
0022200433,2022-23,0.6319444444444444,19800.0
0022200435,2022-23,1.2933860938383268,14885.0
0022200440,2022-23,0.8672268907563024,19432.0
0022200444,2022-23,0.9092896174863389,17071.0
0022200445,2022-23,0.8705483323911815,19156.0
0022200446,2022-23,1.0745173745173746,14513.0
0022200447,2022-23,0.9208523592085236,19488.0
0022200450,2022-23,0.8606060606060607,19235.0
0022200451,2022-23,0.8799048751486327,18153.0
0022200453,2022-23,0.6846673095467695,20408.0
0022200454,2022-23,1.3533834586466165,17809.0
0022200457,2022-23,1.142018779342723,18271.0
0022200458,2022-23,0.6056338028169014,14672.0
0022200460,2022-23,0.4253420582986318,17803.0
0022200464,2022-23,1.3492063492063493,17071.0
0022200468,2022-23,1.1930926216640505,17226.0
0022200471,2022-23,0.9510567296996664,19294.0
0022200473,2022-23,0.8109393579072532,16164.0
0022200474,2022-23,1.2461538461538464,15107.0
0022200480,2022-23,1.8925518925518925,19996.0
0022200485,2022-23,0.7751710654936461,19812.0
0022200486,2022-23,1.6666666666666663,19600.0
0022200487,2022-23,1.0495867768595042,16989.0
0022200488,2022-23,0.7056277056277056,15214.0
0022200492,2022-23,1.6671597633136097,18997.0
0022200497,2022-23,1.05818759936407,19642.0
0022200499,2022-23,0.8270874424720579,20190.0
0022200500,2022-23,0.6561085972850679,19911.0
0022200503,2022-23,0.6927935687625609,16351.0
0022200506,2022-23,0.9168918918918918,20476.0
0022200512,2022-23,1.0344444444444445,20377.0
0022200513,2022-23,0.477124183006536,18064.0
0022200517,2022-23,1.193033381712627,18030.0
0022200519,2022-23,0.8111111111111112,21537.0
0022200520,2022-23,1.0206981773246833,18669.0
0022200521,2022-23,1.9315491507977351,18064.0
0022200522,2022-23,0.9054127938764353,17985.0
0022200524,2022-23,1.46551724137931,17274.0
0022200525,2022-23,0.8452380952380953,19156.0
0022200530,2022-23,0.985655737704918,17984.0
0022200531,2022-23,1.064516129032258,19800.0
0022200535,2022-23,1.2589285714285714,19638.0
0022200536,2022-23,0.9542143600416232,18064.0
0022200537,2022-23,0.4410364886303543,17946.0
0022200538,2022-23,1.6434176111595464,16731.0
0022200540,2022-23,1.010204081632653,21524.0
0022200542,2022-23,0.626808100289296,18354.0
0022200546,2022-23,1.2920237310481213,18206.0
0052200121,2022-23,0.8064516129032258,18997.0
0052200111,2022-23,1.0916666666666668,19800.0
0052200131,2022-23,0.6572769953051643,18715.0
0052200201,2022-23,2.0341880341880345,19678.0
0042200131,2022-23,1.0572320499479708,19432.0
0042200161,2022-23,0.4900900900900901,18253.0
0042200171,2022-23,1.5106769650159018,17071.0
0042200123,2022-23,0.8496376811594204,17910.0
0042200173,2022-23,0.6492997198879552,19068.0
0042200113,2022-23,1.1849999999999998,18536.0
0042200144,2022-23,0.9505376344086022,18978.0
0042200164,2022-23,1.9431034482758625,18064.0
0042200104,2022-23,1.0782932891466446,19614.0
0042200154,2022-23,1.1182795698924732,18997.0
0042200115,2022-23,0.9466666666666668,19156.0
0042200145,2022-23,1.1243243243243244,19691.0
0042200175,2022-23,0.9035714285714284,17071.0
0042200105,2022-23,0.643125,18113.0
0042200165,2022-23,0.5855614973262032,18253.0
0042200211,2022-23,1.1851851851851851,19156.0
0042200202,2022-23,0.984258492129246,19812.0
0042200231,2022-23,0.6362704918032787,18064.0
0042200214,2022-23,0.861328125,21264.0
0042200224,2022-23,0.5884502923976609,17071.0
0042200234,2022-23,0.7263157894736841,18997.0
0042200206,2022-23,0.5067873303167422,19737.0
0042200311,2022-23,0.7642916321458161,19633.0
0042200312,2022-23,0.8456989247311828,19742.0
0042200302,2022-23,1.005952380952381,19156.0
0042200314,2022-23,0.9174714661984196,18997.0
0042200306,2022-23,0.6721194879089615,20201.0
0042200402,2022-23,0.6428571428571429,19537.0
0042200405,2022-23,0.8203389830508475,19537.0
0022200552,2022-23,0.7964426877470356,19432.0
0022200554,2022-23,1.1438419117647058,20531.0
0022200556,2022-23,0.725,18055.0
0022200558,2022-23,0.7660455486542443,18064.0
0022200563,2022-23,0.845771144278607,18206.0
0022200565,2022-23,0.5684848484848484,19432.0
0022200567,2022-23,1.3476540418315432,20033.0
0022200568,2022-23,0.7493112947658402,19812.0
0022200569,2022-23,0.8132992327365728,19800.0
0022200573,2022-23,0.5362426035502958,18064.0
0022200574,2022-23,1.6409036860879906,18997.0
0022200575,2022-23,1.7056451612903225,17611.0
0022200580,2022-23,1.0413978494623657,16548.0
0022200582,2022-23,1.0317857142857143,19800.0
0022200586,2022-23,0.7923351158645275,18636.0
0022200591,2022-23,0.9651063829787234,18354.0
0022200595,2022-23,0.6626712328767123,17611.0
0022200598,2022-23,0.6726726726726726,15805.0
0022200599,2022-23,1.0408602150537634,19901.0
0022200604,2022-23,0.6392045454545454,19068.0
0022200606,2022-23,0.5925925925925927,19156.0
0022200607,2022-23,0.9686609686609688,18167.0
0022200611,2022-23,0.4948610582413399,19600.0
0022200614,2022-23,0.5928689883913765,18206.0
0022200616,2022-23,1.047065044949762,18176.0
0022200619,2022-23,0.3624338624338624,17032.0
0022200620,2022-23,1.3491295938104448,17154.0
0022200622,2022-23,0.8617424242424243,18249.0
0022200623,2022-23,0.7141242937853107,16454.0
0022200630,2022-23,0.4803921568627451,18997.0
0022200631,2022-23,0.9147727272727272,18105.0
0022200633,2022-23,1.1717267552182162,16071.0
0022200634,2022-23,1.26973965002134,20476.0
0022200638,2022-23,1.4559460760712566,18206.0
0022200646,2022-23,0.7334558823529412,18206.0
0022200653,2022-23,1.0664857530529173,19641.0
0022200655,2022-23,0.9942028985507246,18020.0
0022200659,2022-23,1.095519864750634,19812.0
0022200662,2022-23,0.7796078431372551,16477.0
0022200664,2022-23,0.9558823529411764,17657.0
0022200670,2022-23,1.1896551724137931,20125.0
0022200671,2022-23,1.4019886363636365,15678.0
0022200672,2022-23,0.7050691244239632,16892.0
0022200676,2022-23,1.4285714285714288,16112.0
0022200677,2022-23,1.175438596491228,18142.0
0022200679,2022-23,1.2686567164179103,19156.0
0022200680,2022-23,0.6473347547974413,16318.0
0022200681,2022-23,1.1973999315771469,17071.0
0022200689,2022-23,1.0109739368998627,18206.0
0022200690,2022-23,1.0243386243386243,18997.0
0022200691,2022-23,1.0561075394506136,17932.0
0022200692,2022-23,0.6852551984877125,19800.0
0022200694,2022-23,0.742827868852459,17928.0
0022200697,2022-23,1.1416666666666666,17071.0
0022200698,2022-23,0.6229148375768218,17861.0
0022200699,2022-23,0.6007403490216817,19600.0
0022200702,2022-23,1.388920293951385,19557.0
0022200703,2022-23,1.6600938967136152,17071.0
0022200704,2022-23,1.2046736502820306,18064.0
0022200709,2022-23,1.7652116402116402,13811.0
0022200713,2022-23,0.7214170692431563,16102.0
0022200714,2022-23,0.5930956423316355,19705.0
0022200715,2022-23,0.375558867362146,19812.0
0022200716,2022-23,1.4384313725490196,14699.0
0022200717,2022-23,0.8434547908232118,20077.0
0022200721,2022-23,0.946122448979592,19772.0
0022200725,2022-23,1.668618266978923,15079.0
0022200726,2022-23,0.7540625,18064.0
0022200730,2022-23,1.4846743295019158,19156.0
0022200734,2022-23,0.6862745098039216,17071.0
0022200738,2022-23,1.6156292594275328,19788.0
0022200741,2022-23,0.7155555555555556,21255.0
0022200743,2022-23,0.723155588020453,19411.0
0022200748,2022-23,1.1060606060606062,18354.0
0022200749,2022-23,0.6530214424951267,19156.0
0022200758,2022-23,0.6998359759431383,15342.0
0022200761,2022-23,1.2719298245614037,19777.0
0022200762,2022-23,1.270935960591133,17071.0
0022200763,2022-23,1.0128676470588236,18262.0
0022200764,2022-23,0.8620689655172414,19432.0
0022200765,2022-23,0.7723577235772358,19812.0
0022200766,2022-23,1.7464146023468057,20068.0
0022200771,2022-23,2.5993220338983054,14589.0
0022200774,2022-23,1.1344594594594593,17136.0
0022200776,2022-23,1.2012288786482337,18206.0
0022200778,2022-23,1.35,17274.0
0022200780,2022-23,1.1034782608695652,19044.0
0022200782,2022-23,0.91820987654321,19670.0
0022200784,2022-23,0.4741000877963126,17341.0
0022200785,2022-23,1.5149253731343284,18007.0
0022200786,2022-23,0.3075396825396825,17274.0
0022200793,2022-23,0.676923076923077,17732.0
0022200795,2022-23,1.4575577066269547,19812.0
0022200805,2022-23,1.073529411764706,17794.0
0022200810,2022-23,0.819047619047619,16981.0
0022200816,2022-23,1.367816091954023,19438.0
0022200817,2022-23,1.590547263681592,17093.0
0022200821,2022-23,0.8602150537634408,18997.0
0022200825,2022-23,0.8971193415637859,19600.0
0022200827,2022-23,0.8500000000000001,15881.0
0022200830,2022-23,0.7776639344262295,18450.0
0022200835,2022-23,1.2608800773694389,17899.0
0022200837,2022-23,0.3017543859649123,21057.0
0022200839,2022-23,0.6665637542451375,19800.0
0022200840,2022-23,1.3504611330698286,19600.0
0022200846,2022-23,0.7921390778533635,17732.0
0022200848,2022-23,0.7379679144385026,18223.0
0022200854,2022-23,0.7624633431085044,18111.0
0022200856,2022-23,0.8258823529411766,19800.0
0022200857,2022-23,0.353726362625139,14078.0
0022200859,2022-23,1.5888888888888888,15004.0
0022200861,2022-23,1.1858823529411766,19755.0
0022200864,2022-23,0.9327846364883402,14920.0
0022200865,2022-23,0.9683397683397684,20325.0
0022200869,2022-23,0.5015873015873016,17623.0
0022200874,2022-23,1.046875,15599.0
0022200879,2022-23,0.5590062111801243,16748.0
0022200884,2022-23,1.2662473794549267,17136.0
0022200887,2022-23,1.264516129032258,16125.0
0022200888,2022-23,0.6193277310924371,18846.0
0022200889,2022-23,0.8324450366422385,21205.0
0022200890,2022-23,0.5147058823529412,19800.0
0022200892,2022-23,1.36002886002886,18206.0
0022200895,2022-23,1.2304526748971192,20476.0
0022200898,2022-23,0.7526881720430106,17136.0
0022200902,2022-23,0.8785830178474852,19068.0
0022200903,2022-23,0.8472222222222223,20190.0
0022200904,2022-23,0.6894736842105263,19109.0
0022200908,2022-23,1.5755968169761274,20993.0
0022200910,2022-23,2.4000000000000004,17636.0
0022200911,2022-23,1.0471311475409837,16983.0
0022200913,2022-23,0.955579058699101,20411.0
0022200916,2022-23,1.1700759789596729,18064.0
0022200918,2022-23,0.7392566782810686,19689.0
0022200920,2022-23,1.08544921875,20859.0
0022200922,2022-23,0.7962703962703962,16038.0
0022200923,2022-23,1.3176470588235294,17395.0
0022200925,2022-23,0.8118518518518518,19800.0
0022200929,2022-23,1.0922779922779922,20277.0
0022200934,2022-23,0.611439842209073,18098.0
0022200949,2022-23,1.0557692307692308,19600.0
0022200954,2022-23,0.6849122807017544,18111.0
0022200955,2022-23,0.6945812807881774,18997.0
0022200956,2022-23,1.4528301886792452,18174.0
0022200960,2022-23,1.4205064342050644,18100.0
0022200961,2022-23,1.065217391304348,18111.0
0022200962,2022-23,0.9244629244629244,20311.0
0022200963,2022-23,0.5040322580645161,21225.0
0022200964,2022-23,2.577586206896552,18997.0
0022200966,2022-23,0.8927125506072875,18846.0
0022200969,2022-23,1.220659015179563,19156.0
0022200970,2022-23,0.718918918918919,19068.0
0022200973,2022-23,0.8571428571428572,18746.0
0022200971,2022-23,0.5197685631629702,19432.0
0022200974,2022-23,0.7941176470588235,19600.0
0022200975,2022-23,1.6343859649122807,19520.0
0022200769,2022-23,1.08708357685564,17855.0
0022200979,2022-23,1.183189655172414,19812.0
0022200983,2022-23,1.2109375,20277.0
0022200985,2022-23,0.9924812030075189,15087.0
0022200987,2022-23,0.7222222222222221,19600.0
0022200993,2022-23,1.51996151996152,16027.0
0022200994,2022-23,0.7021604938271605,16552.0
0022200995,2022-23,1.5795586527293843,17341.0
0022200997,2022-23,0.9190789473684212,18068.0
0022200998,2022-23,0.7085714285714285,21001.0
0022200999,2022-23,1.323657474600871,18161.0
0022201000,2022-23,1.207627118644068,19757.0
0022201001,2022-23,1.2467532467532467,17136.0
0022201007,2022-23,0.9818181818181818,17347.0
0022201010,2022-23,0.9714285714285716,17794.0
0022201012,2022-23,1.481178396072013,18064.0
0022201013,2022-23,1.3261784511784511,17071.0
0022201014,2022-23,0.6245901639344262,19739.0
0022201015,2022-23,0.7223684210526315,17342.0
0022201019,2022-23,1.484126984126984,18997.0
0022201022,2022-23,0.6142369991474851,19721.0
0022201024,2022-23,0.8518145161290323,18055.0
0022201037,2022-23,0.732620320855615,21886.0
0022201039,2022-23,1.2110762800417971,17136.0
0022201040,2022-23,1.1208791208791211,18354.0
0022201046,2022-23,1.228607918263091,17071.0
0022201048,2022-23,0.8493647912885661,18201.0
0022201050,2022-23,0.8382030679327978,20109.0
0022201051,2022-23,1.4185136897001305,15841.0
0022201052,2022-23,1.0622950819672132,15221.0
0022201054,2022-23,1.0952380952380951,18997.0
0022201055,2022-23,0.5467695274831245,19812.0
0022201056,2022-23,0.6469907407407407,17533.0
0022201062,2022-23,1.4369811320754715,18206.0
0022201064,2022-23,1.2602316602316603,17897.0
0022201068,2022-23,1.43,17341.0
0022201070,2022-23,1.3541666666666663,18997.0
0022201071,2022-23,1.6084843128590365,12449.0
0022201072,2022-23,0.7848990342405618,21145.0
0022201073,2022-23,0.5030030030030029,19812.0
0022201075,2022-23,1.0583554376657829,17794.0
0022201076,2022-23,1.152875175315568,18206.0
0022201082,2022-23,0.6848989298454221,19068.0
0022201085,2022-23,1.3337601365770375,19800.0
0022201086,2022-23,0.8165322580645161,20377.0
0022201088,2022-23,1.1232876712328763,17794.0
0022201090,2022-23,0.7058823529411765,17136.0
0022201093,2022-23,0.4886877828054299,17607.0
0022201094,2022-23,0.5406574394463668,17732.0
0022201103,2022-23,0.8130252100840335,18064.0
0022201106,2022-23,1.048469387755102,18997.0
0022201113,2022-23,1.216589861751152,19264.0
0022201115,2022-23,0.6508844953173778,18056.0
0022201121,2022-23,0.5699414443721535,18064.0
0022201126,2022-23,0.7566137566137565,19781.0
0022201131,2022-23,0.545609548167093,17748.0
0022201133,2022-23,1.568825910931174,16507.0
0022201134,2022-23,1.0209364293871337,15428.0
0022201137,2022-23,1.0620689655172415,17074.0
0022201142,2022-23,0.6454918032786885,15047.0
0022201149,2022-23,0.9235621521335808,16506.0
0022201155,2022-23,1.1948790896159316,15844.0
0022201164,2022-23,1.2175324675324677,17732.0
0022201166,2022-23,1.430272952853598,18978.0
0022201167,2022-23,0.4289592760180996,17678.0
0022201170,2022-23,0.6583011583011583,18183.0
0022201175,2022-23,0.7526315789473683,19752.0
0022201178,2022-23,0.5917686318131257,19449.0
0022201180,2022-23,1.5169811320754716,17893.0
0022201181,2022-23,0.8571428571428572,21104.0
0022201186,2022-23,1.1422475106685632,18206.0
0022201192,2022-23,0.5431034482758621,19156.0
0022201194,2022-23,1.006849315068493,17232.0
0022201199,2022-23,1.1859649122807017,16023.0
0022201202,2022-23,0.5215074229158736,19102.0
0022201205,2022-23,0.8212560386473429,17627.0
0022201209,2022-23,0.3597883597883597,18656.0
0022201210,2022-23,0.2771739130434782,20313.0
0022201213,2022-23,1.2016129032258065,18206.0
0022201220,2022-23,0.5133333333333334,19812.0
0022201225,2022-23,0.9904761904761904,18978.0
0022201228,2022-23,0.633816425120773,18997.0
0022201229,2022-23,1.1238293444328824,17071.0
0022300062,2023-24,0.9142857142857144,18064.0
0022300063,2023-24,0.6490240240240241,16129.0
0022300065,2023-24,0.751864125932063,19812.0
0022300067,2023-24,0.4511784511784512,17931.0
0022300068,2023-24,0.8276797829036635,19695.0
0022300069,2023-24,0.9126466753585396,19800.0
0022300073,2023-24,1.1083333333333334,18947.0
0022300075,2023-24,1.2193362193362194,17783.0
0022300076,2023-24,1.116161616161616,18997.0
0022300078,2023-24,0.8494897959183674,16617.0
0022300079,2023-24,1.0441176470588236,17692.0
0022300080,2023-24,0.7118644067796611,19156.0
0022300081,2023-24,0.7708565072302558,19432.0
0022300082,2023-24,1.365582191780822,19555.0
0022300083,2023-24,0.9515151515151516,18354.0
0022300084,2023-24,0.919345412039743,20238.0
0022300085,2023-24,0.9552238805970148,18206.0
0022300100,2023-24,0.6353812905217661,18198.0
0022300102,2023-24,0.5576662143826323,15021.0
0022300111,2023-24,1.5277777777777777,18997.0
0022300113,2023-24,0.7283531409168081,17071.0
0022300115,2023-24,1.3607536764705883,16912.0
0022300119,2023-24,0.6,19600.0
0022300121,2023-24,1.0149253731343284,15764.0
0022300124,2023-24,0.4371523915461623,20103.0
0022300126,2023-24,1.3559322033898304,18064.0
0022300127,2023-24,0.8831983276718056,18997.0
0022300130,2023-24,0.949343339587242,18206.0
0022300001,2023-24,0.6,16744.0
0022300002,2023-24,0.9565217391304348,17717.0
0022300004,2023-24,0.2236842105263157,20645.0
0022300005,2023-24,1.068181818181818,16827.0
0022300007,2023-24,0.6847426470588235,18592.0
0022300133,2023-24,1.2969924812030074,15945.0
0022300141,2023-24,0.8311688311688312,18354.0
0022300143,2023-24,0.3857142857142857,20052.0
0022300149,2023-24,1.3918367346938776,17935.0
0022300150,2023-24,1.468599033816425,19725.0
0022300154,2023-24,0.7786666666666667,18024.0
0022300159,2023-24,1.8251811594202896,19953.0
0022300162,2023-24,0.6932966023875115,18220.0
0022300164,2023-24,0.9842788790157212,16781.0
0022300165,2023-24,0.5330882352941176,17341.0
0022300169,2023-24,0.4567948229920061,19737.0
0022300170,2023-24,0.7248995983935743,17829.0
0022300171,2023-24,1.57979797979798,14648.0
0022300172,2023-24,0.8986486486486487,19986.0
0022300009,2023-24,1.2030769230769232,17602.0
0022300011,2023-24,0.6827880512091039,16236.0
0022300012,2023-24,0.5744016649323621,16977.0
0022300015,2023-24,1.3640238704177323,17071.0
0022300178,2023-24,0.5587752870420996,17732.0
0022300179,2023-24,1.0026737967914436,17220.0
0022300182,2023-24,1.0,18055.0
0022300184,2023-24,0.9685960591133004,18036.0
0022300187,2023-24,1.2693602693602692,18997.0
0022300189,2023-24,0.8357685563997662,19800.0
0022300018,2023-24,0.5634920634920635,16963.0
0022300024,2023-24,0.7348345588235294,19661.0
0022300025,2023-24,0.7726326742976067,18064.0
0022300193,2023-24,1.2461355529131986,17060.0
0022300196,2023-24,0.4670126019273536,19092.0
0022300031,2023-24,3.9677419354838706,19800.0
0022300033,2023-24,0.6971428571428572,20235.0
0022300034,2023-24,0.6499999999999999,15278.0
0022300035,2023-24,0.7038596491228071,18206.0
0022300037,2023-24,0.9883126369612856,19370.0
0022300203,2023-24,1.1692307692307693,15536.0
0022300204,2023-24,1.7379310344827588,18063.0
0022300205,2023-24,0.8774928774928774,18128.0
0022300207,2023-24,0.70020964360587,18064.0
0022300213,2023-24,1.0223619846261356,17798.0
0022300214,2023-24,1.022727272727273,18206.0
0022300216,2023-24,1.3547758284600389,18997.0
0022300217,2023-24,0.7874608150470219,19134.0
0022300218,2023-24,0.6089965397923875,19403.0
0022300039,2023-24,0.7375346260387813,17162.0
0022300040,2023-24,1.3506493506493509,20565.0
0022300225,2023-24,0.8322704081632654,16432.0
0022300226,2023-24,0.9285714285714286,18237.0
0022300227,2023-24,0.7571428571428571,17340.0
0022300228,2023-24,2.261739130434783,19156.0
0022300230,2023-24,1.591334894613583,17091.0
0022300233,2023-24,0.8724489795918369,16012.0
0022300236,2023-24,0.7936670071501531,17071.0
0022300238,2023-24,0.6682692307692307,18997.0
0022300045,2023-24,0.923076923076923,19812.0
0022300049,2023-24,0.9601706970128022,17880.0
0022300051,2023-24,1.5,18064.0
0022300239,2023-24,1.3309222423146472,17125.0
0022300242,2023-24,0.5763546798029556,19432.0
0022300243,2023-24,0.3438461538461538,18206.0
0022300245,2023-24,1.3841113841113843,17602.0
0022300247,2023-24,0.9030654515327258,19812.0
0022300251,2023-24,0.5808477237048666,19432.0
0022300254,2023-24,0.7299927901946647,14508.0
0022300256,2023-24,1.2606951871657754,18206.0
0022300257,2023-24,1.2496798975672214,17071.0
0022300054,2023-24,1.061394380853278,15844.0
0022300056,2023-24,0.7263071895424836,19691.0
0022300058,2023-24,0.7221719457013576,18024.0
0022300059,2023-24,0.5703564727954972,20103.0
0022300060,2023-24,1.0440214158239145,18039.0
0022300260,2023-24,0.7153097798259088,19800.0
0022300266,2023-24,1.3135985198889917,16072.0
0022300269,2023-24,0.3608529250956807,19838.0
0022300272,2023-24,1.3272727272727274,17646.0
0022300275,2023-24,0.5974025974025974,19156.0
0022300279,2023-24,1.1551724137931034,17071.0
0022300280,2023-24,0.3962264150943396,19370.0
0022300281,2023-24,1.4915254237288136,17731.0
0022300287,2023-24,0.9643892339544512,20277.0
0022300289,2023-24,0.4324324324324324,18206.0
0022301202,2023-24,1.2526395173454,16693.0
0022301203,2023-24,0.6827731092436974,18664.0
0022301208,2023-24,0.6818181818181819,15568.0
0022301209,2023-24,1.1409313725490198,15906.0
0022301214,2023-24,0.9614906832298136,18064.0
0022301229,2023-24,0.5294117647058824,16837.0
0022301216,2023-24,0.7852987837123215,11526.0
0022301222,2023-24,0.8150793650793652,17112.0
0022300292,2023-24,0.9035812672176308,15543.0
0022300300,2023-24,0.8059512503956948,17440.0
0022300304,2023-24,1.6556919642857144,17102.0
0022300306,2023-24,0.6012539184952977,20377.0
0022300308,2023-24,0.9582309582309582,17071.0
0022300316,2023-24,1.632,18354.0
0022300317,2023-24,0.8088235294117646,17071.0
0022300318,2023-24,0.7120253164556961,18206.0
0022300324,2023-24,1.093253968253968,17794.0
0022300326,2023-24,1.4732142857142856,16080.0
0022300332,2023-24,0.8597014925373134,16941.0
0022300337,2023-24,1.0525494276795004,19815.0
0022300339,2023-24,0.7122257053291535,18064.0
0022300340,2023-24,0.525101763907734,19611.0
0022300347,2023-24,1.015846994535519,17071.0
0022300348,2023-24,0.9172413793103448,18547.0
0022300349,2023-24,1.1800000000000002,19432.0
0022300351,2023-24,0.5396825396825397,19773.0
0022300353,2023-24,0.6881720430107526,19819.0
0022300359,2023-24,1.4870719776380157,18997.0
0022300360,2023-24,0.6445012787723785,18355.0
0022300362,2023-24,0.9222222222222224,18064.0
0022300363,2023-24,0.8241758241758241,18233.0
0022300381,2023-24,0.4948849104859334,18690.0
0022300383,2023-24,1.1707070707070708,17732.0
0022300392,2023-24,0.8896825396825395,17399.0
0022300406,2023-24,0.919278252611586,19811.0
0022300408,2023-24,0.6848112379280069,21420.0
0022300409,2023-24,0.4136904761904761,18055.0
0022300410,2023-24,0.641566265060241,18538.0
0022300420,2023-24,1.2368421052631575,20377.0
0022300421,2023-24,1.4799321650650084,19156.0
0022300424,2023-24,0.9736170212765958,17753.0
0022300432,2023-24,1.5811764705882354,19156.0
0022300434,2023-24,1.0185185185185186,18055.0
0022300440,2023-24,0.9077380952380952,18411.0
0022300443,2023-24,0.6374012291483758,18024.0
0022300445,2023-24,2.3972413793103446,17042.0
0052300121,2023-24,0.9855889724310776,18591.0
0052300101,2023-24,1.6786600496277917,19788.0
0042300111,2023-24,0.7065897065897065,19812.0
0042300141,2023-24,1.225,18203.0
0042300112,2023-24,0.9904761904761904,19812.0
0042300152,2023-24,0.5603448275862069,19711.0
0042300172,2023-24,0.7580025608194622,19370.0
0042300123,2023-24,0.8567460317460317,17274.0
0042300114,2023-24,1.241477272727273,21048.0
0042300174,2023-24,0.6123188405797101,20411.0
0042300155,2023-24,0.2176,19861.0
0042300115,2023-24,0.5443471640654739,19812.0
0042300135,2023-24,0.8724385245901639,19432.0
0042300116,2023-24,1.654577883472057,21093.0
0042300136,2023-24,1.2482853223593964,19193.0
0042300211,2023-24,1.347962382445141,19812.0
0042300213,2023-24,0.5375,17274.0
0042300223,2023-24,1.134906231094979,20325.0
0042300224,2023-24,0.9158653846153848,20607.0
0042300226,2023-24,1.0710685483870968,20555.0
0042300301,2023-24,1.0725326991676576,19156.0
0042300311,2023-24,0.4278416347381865,19433.0
0042300312,2023-24,1.4352,19636.0
0042300303,2023-24,0.4637904468412943,17274.0
0042300304,2023-24,0.8247978436657681,17274.0
0042300314,2023-24,0.7687165775401069,20477.0
0042300403,2023-24,0.7154944473823375,20311.0
0022300452,2023-24,0.8692307692307693,19800.0
0022300462,2023-24,1.3385057471264368,18203.0
0022300464,2023-24,0.3881902679059595,17832.0
0022300467,2023-24,1.5798611111111112,17770.0
0022300474,2023-24,1.0478468899521531,18206.0
0022300476,2023-24,0.6291666666666668,17832.0
0022300477,2023-24,0.611111111111111,19082.0
0022300478,2023-24,1.3233082706766917,18064.0
0022300488,2023-24,1.0294117647058825,19659.0
0022300490,2023-24,0.7217630853994491,18064.0
0022300492,2023-24,0.929032258064516,17941.0
0022300497,2023-24,0.8179723502304148,19432.0
0022300498,2023-24,0.8047945205479452,17732.0
0022300499,2023-24,0.7157328268439379,19349.0
0022300501,2023-24,0.5326704545454545,20111.0
0022300503,2023-24,0.7811731647348086,17071.0
0022300505,2023-24,0.4615384615384615,18997.0
0022300506,2023-24,0.6602497398543185,14418.0
0022300507,2023-24,0.3977272727272727,16009.0
0022300516,2023-24,1.0671641791044777,18997.0
0022300517,2023-24,0.6842105263157895,19156.0
0022300521,2023-24,0.954822954822955,16089.0
0022300523,2023-24,0.5129032258064516,21149.0
0022300526,2023-24,0.915032679738562,19370.0
0022300530,2023-24,0.7166666666666667,20040.0
0022300534,2023-24,0.5701545778834721,13987.0
0022300535,2023-24,1.1628038439796493,19650.0
0022300548,2023-24,1.2525354969574036,18354.0
0022300552,2023-24,0.8518518518518519,17612.0
0022300553,2023-24,1.0389395194697597,18024.0
0022300556,2023-24,1.2000000000000002,20010.0
0022300557,2023-24,1.0645161290322582,19812.0
0022300562,2023-24,0.8494897959183674,17893.0
0022300567,2023-24,0.9476923076923076,17071.0
0022300570,2023-24,0.9862068965517242,14541.0
0022300578,2023-24,0.5458333333333333,17021.0
0022300579,2023-24,1.2973790322580645,19466.0
0022300580,2023-24,1.0666666666666669,19312.0
0022300583,2023-24,0.916015625,17832.0
0022300584,2023-24,1.7333333333333332,19093.0
0022300586,2023-24,1.02291325695581,19156.0
0022300587,2023-24,0.9661016949152544,20040.0
0022300590,2023-24,0.9741653418124004,18595.0
0022300594,2023-24,1.4556451612903225,17922.0
0022300598,2023-24,0.5823768974453906,16618.0
0022300600,2023-24,0.7382920110192838,19370.0
0022300604,2023-24,1.1167574107683,17071.0
0022300610,2023-24,1.2606060606060605,18024.0
0022300612,2023-24,0.3999999999999999,17071.0
0022300614,2023-24,0.9090909090909092,16004.0
0022300615,2023-24,0.9536891679748823,17732.0
0022300617,2023-24,1.1451612903225807,15874.0
0022300619,2023-24,0.5045372050816697,15020.0
0022300621,2023-24,0.8872004675628288,19600.0
0022300623,2023-24,1.2814238042269188,18055.0
0022300629,2023-24,1.404040404040404,17732.0
0022300632,2023-24,1.0568356374807986,18064.0
0022300634,2023-24,0.6155327342747111,16149.0
0022300636,2023-24,0.7740384615384616,17274.0
0022300638,2023-24,0.8066502463054187,16823.0
0022300644,2023-24,2.0221116639027086,19805.0
0022300645,2023-24,0.9391891891891893,17732.0
0022300649,2023-24,1.5614617940199336,17726.0
0022300650,2023-24,0.9386904761904762,18064.0
0022300651,2023-24,0.6844897959183674,20373.0
0022300652,2023-24,1.074174581637268,16519.0
0022300653,2023-24,0.9505263157894736,15658.0
0022300656,2023-24,1.0327868852459017,17899.0
0022300664,2023-24,0.9370199692780338,16870.0
0022300665,2023-24,2.086956521739131,17020.0
0022300666,2023-24,0.722204624643649,20020.0
0022300667,2023-24,1.4928381962864723,19801.0
0022300670,2023-24,0.5536723163841808,19156.0
0022300675,2023-24,0.9670781893004116,19432.0
0022300682,2023-24,0.5350574712643679,16723.0
0022300683,2023-24,0.6875,19335.0
0022300685,2023-24,1.5346153846153847,19812.0
0022300686,2023-24,1.1083333333333334,18206.0
0022300687,2023-24,1.0522496371552976,15505.0
0022300694,2023-24,0.7540983606557377,18024.0
0022300696,2023-24,0.770320197044335,17207.0
0022300699,2023-24,0.8763693270735523,17600.0
0022300700,2023-24,0.7336753731343284,21579.0
0022300710,2023-24,0.5809731299927378,17059.0
0022300716,2023-24,1.6129032258064515,17093.0
0022300719,2023-24,0.5235042735042735,15571.0
0022300723,2023-24,0.9305555555555556,20949.0
0022300726,2023-24,0.8904761904761905,11720.0
0022300740,2023-24,1.57631822386679,18997.0
0022300741,2023-24,0.8577524893314368,18125.0
0022300744,2023-24,0.7444444444444444,19800.0
0022300752,2023-24,0.6470588235294118,19459.0
0022300757,2023-24,0.0,18064.0
0022300759,2023-24,1.9274891774891776,20049.0
0022300762,2023-24,1.637931034482759,19432.0
0022300765,2023-24,0.6951871657754011,16790.0
0022300774,2023-24,1.0053475935828875,17071.0
0022300779,2023-24,1.30188679245283,20015.0
0022300781,2023-24,0.6278240190249703,19432.0
0022300782,2023-24,0.5136986301369862,19800.0
0022300784,2023-24,0.7975646879756468,18316.0
0022300786,2023-24,0.7107897664071191,19617.0
0022300789,2023-24,1.716932578486876,18064.0
0022300790,2023-24,1.476293103448276,16544.0
0022300803,2023-24,1.930263157894737,18153.0
0022300804,2023-24,1.0417021276595744,17625.0
0022300805,2023-24,0.91991341991342,19938.0
0022300806,2023-24,1.2029826014913008,18055.0
0022300807,2023-24,1.1785714285714286,17255.0
0022300808,2023-24,1.1139112903225803,18024.0
0022300814,2023-24,1.2106537530266344,19388.0
0022300823,2023-24,0.9796806966618288,18684.0
0022300828,2023-24,0.4382716049382716,19303.0
0022300832,2023-24,1.391025641025641,19432.0
0022300846,2023-24,3.095238095238095,21700.0
0022300848,2023-24,1.5234782608695652,19370.0
0022300850,2023-24,0.8972222222222223,17848.0
0022300855,2023-24,0.2056451612903225,19634.0
0022300856,2023-24,0.4904875148632581,18997.0
0022300858,2023-24,0.6623076923076924,19788.0
0022300862,2023-24,0.6455026455026455,18024.0
0022300868,2023-24,0.803846153846154,16381.0
0022300871,2023-24,0.5823529411764706,20277.0
0022300873,2023-24,0.8816067653276957,18024.0
0022300875,2023-24,2.963636363636364,19512.0
0022300876,2023-24,0.8392857142857143,19432.0
0022300879,2023-24,1.0153358011634055,15847.0
0022300883,2023-24,0.7471732247851651,17832.0
0022300886,2023-24,1.153846153846154,19432.0
0022300887,2023-24,1.200778642936596,17086.0
0022300888,2023-24,1.4270833333333333,19724.0
0022300893,2023-24,1.1331719128329298,19589.0
0022300896,2023-24,1.4323607427055702,19757.0
0022300897,2023-24,1.0412698412698411,17033.0
0022300898,2023-24,1.7696969696969698,18206.0
0022300903,2023-24,0.5190258751902587,16580.0
0022300904,2023-24,0.8913467794404686,20221.0
0022300906,2023-24,0.694708276797829,19855.0
0022300907,2023-24,1.435897435897436,18064.0
0022300908,2023-24,0.4298245614035087,17968.0
0022300911,2023-24,1.2835314091680814,19432.0
0022300913,2023-24,0.9333333333333332,16667.0
0022300915,2023-24,0.6052631578947368,18997.0
0022300923,2023-24,1.0466666666666666,18117.0
0022300926,2023-24,0.5009074410163339,19730.0
0022300934,2023-24,1.2284482758620692,19432.0
0022300937,2023-24,1.5496,19652.0
0022300942,2023-24,2.503529411764706,18751.0
0022300948,2023-24,0.7894736842105263,17274.0
0022300953,2023-24,0.681704260651629,18064.0
0022300975,2023-24,0.744140625,18311.0
0022300977,2023-24,0.8369230769230769,20004.0
0022300978,2023-24,0.9831029185867896,20377.0
0022300981,2023-24,0.6177908113391984,16057.0
0022300983,2023-24,0.7662337662337663,17274.0
0022300986,2023-24,0.8785714285714286,20293.0
0022300989,2023-24,0.88125,17832.0
0022300994,2023-24,1.069182389937107,18354.0
0022300995,2023-24,1.3527851458885944,18024.0
0022300996,2023-24,1.1392961876832846,19432.0
0022300998,2023-24,1.2600806451612905,19156.0
0022301007,2023-24,2.1595744680851063,17341.0
0022301015,2023-24,0.998046875,17408.0
0022301020,2023-24,1.220703125,18307.0
0022301022,2023-24,1.6500847936687393,15746.0
0022301026,2023-24,0.9928571428571428,18629.0
0022301031,2023-24,1.263949843260188,18024.0
0022301032,2023-24,1.1194029850746268,18997.0
0022301034,2023-24,0.8636363636363638,17405.0
0022301037,2023-24,1.4087301587301586,21726.0
0022301039,2023-24,1.251602564102564,18044.0
0022301045,2023-24,1.1186440677966103,18085.0
0022301046,2023-24,0.3472906403940887,17436.0
0022301048,2023-24,0.6470219435736676,15303.0
0022301049,2023-24,0.3689727463312368,19210.0
0022301050,2023-24,2.232167832167832,15159.0
0022301052,2023-24,0.9428571428571428,21022.0
0022301057,2023-24,1.4338235294117647,17438.0
0022301060,2023-24,0.5923076923076923,17743.0
0022301064,2023-24,0.5743174924165824,19452.0
0022301067,2023-24,1.0076923076923077,19432.0
0022301070,2023-24,1.2180790960451977,18604.0
0022301072,2023-24,0.8278846153846153,18206.0
0022301073,2023-24,0.532258064516129,17832.0
0022301082,2023-24,0.9250474383301708,19812.0
0022301085,2023-24,2.046511627906977,18718.0
0022301088,2023-24,0.8977206312098189,19999.0
0022301090,2023-24,1.2814238042269188,19004.0
0022301093,2023-24,1.3005847953216374,20733.0
0022301095,2023-24,1.0317460317460316,16492.0
0022301098,2023-24,2.0934065934065935,18024.0
0022301099,2023-24,0.4325468844525106,19741.0
0022301102,2023-24,0.6285714285714286,14209.0
0022301106,2023-24,1.3577777777777778,17732.0
0022301111,2023-24,1.7396121883656508,19719.0
0022301114,2023-24,1.209375,19370.0
0022301097,2023-24,0.4363636363636364,20425.0
0022301117,2023-24,1.3230900554844216,18079.0
0022301122,2023-24,1.1875,17750.0
0022301123,2023-24,0.3936170212765957,17422.0
0022301128,2023-24,0.9310344827586208,17732.0
0022301131,2023-24,0.8323558162267839,20317.0
0022301132,2023-24,1.5192743764172336,19370.0
0022301133,2023-24,0.8314307458143073,17274.0
0022301135,2023-24,1.4476190476190476,16556.0
0022301140,2023-24,1.2511898466419882,18046.0
0022301147,2023-24,0.9540719696969696,17049.0
0022301153,2023-24,0.9469302809573362,17509.0
0022301159,2023-24,1.0831168831168831,16158.0
0022301160,2023-24,0.5517865219357756,17732.0
0022301168,2023-24,1.2867724867724868,18206.0
0022301172,2023-24,1.0285087719298247,20333.0
0022301174,2023-24,0.7574517825832846,19432.0
0022301175,2023-24,0.9259468626342566,19812.0
0022301177,2023-24,1.8483772819472617,17794.0
0022301178,2023-24,0.5926530612244898,18024.0
0022301180,2023-24,1.1968085106382975,18665.0
0022301182,2023-24,0.6535947712418301,18064.0
0022301184,2023-24,0.8567119155354449,19370.0
0022301185,2023-24,0.9357142857142856,17832.0
0022301190,2023-24,0.4090909090909091,19812.0
0022301198,2023-24,0.6823956442831216,18064.0
0022400063,2024-25,1.3200992555831268,20062.0
0022400064,2024-25,1.3015873015873016,17548.0
0022400068,2024-25,0.7034632034632033,18055.0
0022400070,2024-25,1.173170731707317,18175.0
0022400071,2024-25,1.8728139904610492,17927.0
0022400076,2024-25,0.7381275440976933,18049.0
0022400079,2024-25,1.3313492063492065,14433.0
0022400086,2024-25,1.6206896551724137,16190.0
0022400087,2024-25,0.9019886363636364,19691.0
0022400088,2024-25,0.3705882352941176,19102.0
0022400089,2024-25,1.4406779661016949,19311.0
0022400094,2024-25,0.8140845070422534,18715.0
0022400096,2024-25,1.4754098360655736,18997.0
0022400097,2024-25,1.176190476190476,17274.0
0022400102,2024-25,1.4148423005565864,18846.0
0022400103,2024-25,1.1468797564687974,14566.0
0022400106,2024-25,0.7518371961560203,19812.0
0022400107,2024-25,1.115492957746479,19082.0
0022400108,2024-25,1.1922077922077925,15906.0
0022400109,2024-25,0.7713498622589531,17519.0
0022400111,2024-25,0.7862903225806451,17071.0
0022400113,2024-25,0.8346709470304976,17926.0
0022400114,2024-25,1.206947890818859,18978.0
0022400117,2024-25,0.8954248366013071,13113.0
0022400119,2024-25,0.801609657947686,17274.0
0022400123,2024-25,0.986206896551724,19015.0
0022400127,2024-25,0.4297430289775834,16727.0
0022400129,2024-25,0.7655709342560553,20011.0
0022400131,2024-25,1.236413043478261,16827.0
0022400138,2024-25,1.284722222222222,15133.0
0022400139,2024-25,1.1819262782401905,18978.0
0022400143,2024-25,1.3458823529411763,19815.0
0022400144,2024-25,0.5148936170212767,18055.0
0022400145,2024-25,0.6955102040816327,17341.0
0022400149,2024-25,1.2102127659574466,17071.0
0022400154,2024-25,1.6358333333333333,19432.0
0022400158,2024-25,0.656896551724138,18088.0
0022400159,2024-25,0.3300699300699301,19604.0
0022400161,2024-25,1.3461047254150702,16417.0
0022400166,2024-25,0.8344322344322344,19525.0
0022400167,2024-25,0.7980295566502463,17071.0
0022400169,2024-25,0.4060356652949245,13247.0
0022400170,2024-25,0.6293650793650793,16218.0
0022400171,2024-25,1.9215686274509804,16072.0
0022400172,2024-25,2.0806451612903225,19156.0
0022400177,2024-25,0.6802325581395349,19522.0
0022400178,2024-25,1.2695652173913046,17071.0
0022400185,2024-25,0.6865530303030303,17913.0
0022400187,2024-25,0.712121212121212,19156.0
0022400190,2024-25,0.9142857142857144,20277.0
0022400197,2024-25,1.1768368617683689,18354.0
0022400199,2024-25,0.3661774982529699,19432.0
0022400200,2024-25,0.7580348943985308,17927.0
0022400201,2024-25,1.5041666666666669,18744.0
0022400202,2024-25,1.2017543859649122,17341.0
0022400205,2024-25,1.52783203125,19764.0
0022400206,2024-25,0.7324675324675324,18978.0
0022400208,2024-25,0.4912280701754385,19908.0
0022400209,2024-25,1.1005859375,17071.0
0022400214,2024-25,0.6399999999999999,16895.0
0022400215,2024-25,1.1343283582089552,17430.0
0022400001,2024-25,1.390909090909091,19156.0
0022400002,2024-25,1.7696969696969698,17806.0
0022400007,2024-25,0.5578021978021979,18064.0
0022400217,2024-25,1.207627118644068,17087.0
0022400219,2024-25,0.8552295918367347,19812.0
0022400223,2024-25,0.1751412429378531,17341.0
0022400225,2024-25,0.939221272554606,18997.0
0022400228,2024-25,0.7277777777777777,18175.0
0022400011,2024-25,1.1176470588235294,19245.0
0022400014,2024-25,1.2173913043478262,19812.0
0022400015,2024-25,0.8034188034188035,18916.0
0022400020,2024-25,0.8172043010752688,16478.0
0022400229,2024-25,0.7536945812807883,19145.0
0022400230,2024-25,1.2857142857142858,19156.0
0022400231,2024-25,1.6273291925465838,18761.0
0022400233,2024-25,0.6688288288288288,16568.0
0022400234,2024-25,0.5905172413793104,18978.0
0022400239,2024-25,1.6172619047619046,17384.0
0022400242,2024-25,0.5746619635508524,18203.0
0022400248,2024-25,0.3461538461538461,17341.0
0022400250,2024-25,0.7838345864661653,16333.0
0022400251,2024-25,0.4175531914893617,17927.0
0022400021,2024-25,1.615566037735849,19156.0
0022400022,2024-25,1.2962962962962965,18117.0
0022400260,2024-25,1.3336134453781512,14671.0
0022400263,2024-25,1.0544507575757576,18997.0
0022400032,2024-25,0.8935064935064935,16820.0
0022400033,2024-25,1.5230769230769232,19923.0
0022400267,2024-25,0.6646537842190017,16102.0
0022400268,2024-25,1.9260204081632653,17341.0
0022400271,2024-25,1.585445094217024,19156.0
0022400273,2024-25,0.5482456140350876,19714.0
0022400278,2024-25,1.222222222222222,18421.0
0022400279,2024-25,0.828125,16059.0
0022400036,2024-25,0.6815415821501014,19622.0
0022400037,2024-25,0.6537634408602151,18978.0
0022400286,2024-25,1.125,17710.0
0022400290,2024-25,1.3671875,19765.0
0022400294,2024-25,1.0270935960591132,18978.0
0022400299,2024-25,0.99609375,18064.0
0022400040,2024-25,1.6421568627450982,19313.0
0022400044,2024-25,0.6108597285067873,18978.0
0022400048,2024-25,1.0185185185185184,18997.0
0022400300,2024-25,0.837890625,17969.0
0022400307,2024-25,2.307744107744108,19432.0
0022400309,2024-25,0.6955645161290323,18153.0
0022400310,2024-25,1.1759259259259258,18055.0
0022400311,2024-25,0.7324810606060606,18175.0
0022400312,2024-25,1.0688172043010753,16205.0
0022400313,2024-25,0.7840790842872009,16014.0
0022400314,2024-25,1.4685314685314683,16182.0
0022400050,2024-25,1.3015873015873016,14956.0
0022400056,2024-25,0.9391891891891893,20277.0
0022400058,2024-25,0.5483193277310924,19912.0
0022400322,2024-25,0.8169398907103825,19851.0
0022400329,2024-25,0.4303534303534304,15776.0
0022400330,2024-25,0.7230769230769232,16365.0
0022400332,2024-25,0.9454094292803972,18064.0
0022400334,2024-25,1.275990675990676,18040.0
0022400335,2024-25,1.003429355281207,19156.0
0022400348,2024-25,1.0236559139784946,17926.0
0022400349,2024-25,0.9831649831649832,17274.0
0022400352,2024-25,0.7055630936227951,18311.0
0022400354,2024-25,0.759083044982699,16840.0
0022400355,2024-25,1.4591651542649728,18064.0
0022400359,2024-25,1.1516908212560386,18284.0
0022401201,2024-25,1.057777777777778,17341.0
0022401204,2024-25,1.1324570273003034,18055.0
0022401207,2024-25,1.1875,15488.0
0022401215,2024-25,0.8374384236453203,17025.0
0022401229,2024-25,1.0253968253968255,17113.0
0022401221,2024-25,0.7523809523809524,17810.0
0022401223,2024-25,0.8410526315789473,16324.0
0022401225,2024-25,0.8891730605285593,16936.0
0022400364,2024-25,0.5831202046035806,19214.0
0022400370,2024-25,0.703125,17852.0
0022400371,2024-25,1.0468594217347955,16753.0
0022400376,2024-25,0.7831677381648159,17832.0
0022400377,2024-25,1.0364864864864864,18080.0
0022400388,2024-25,0.8802507836990595,19305.0
0022400390,2024-25,1.0476190476190474,17474.0
0022400392,2024-25,0.7141003460207611,19432.0
0022400393,2024-25,0.9705882352941178,18846.0
0022400394,2024-25,0.7580645161290321,19986.0
0022400399,2024-25,1.0966386554621848,17265.0
0022400403,2024-25,0.5407407407407409,18064.0
0022400404,2024-25,0.7654600301659126,18997.0
0022400405,2024-25,0.524132730015083,19812.0
0022400406,2024-25,0.6919191919191919,20341.0
0022400407,2024-25,0.5625,19156.0
0022400408,2024-25,1.5434782608695654,18064.0
0022400410,2024-25,1.1791563275434245,17274.0
0022400411,2024-25,0.3157894736842105,18846.0
0022400412,2024-25,0.7996323529411765,17193.0
0022400413,2024-25,0.4177323103154305,17760.0
0022400415,2024-25,0.3738095238095238,17957.0
0022400417,2024-25,0.9812409812409812,16934.0
0022400418,2024-25,0.9240694789081888,17832.0
0022400422,2024-25,0.8977206312098189,18055.0
0022400429,2024-25,1.4629898403483308,20385.0
0022400430,2024-25,1.0714285714285714,21511.0
0022400431,2024-25,1.2278664731494922,18064.0
0022400433,2024-25,1.188858695652174,18175.0
0022400436,2024-25,0.8502673796791445,19397.0
0022400439,2024-25,0.5387117761873781,18055.0
0022400441,2024-25,0.9002197802197802,18978.0
0022400442,2024-25,0.4809384164222873,19197.0
0022400444,2024-25,0.7931034482758621,17303.0
0022400450,2024-25,0.5756929637526652,17274.0
0022400452,2024-25,1.0872,18203.0
0022400453,2024-25,1.0985480383070745,17071.0
0022400462,2024-25,1.1486325802615935,16024.0
0022400464,2024-25,0.647118301314459,18978.0
0022400465,2024-25,0.7233796296296298,17341.0
0022400469,2024-25,2.1129943502824857,18866.0
0022400475,2024-25,1.3220940550133098,19922.0
0022400483,2024-25,1.399715504978663,17595.0
0022400484,2024-25,0.4609306409130816,19038.0
0022400491,2024-25,0.9576311988444872,18055.0
0022400493,2024-25,0.9235537190082644,16002.0
0022400498,2024-25,1.2196969696969695,18886.0
0022400500,2024-25,1.4545454545454544,18978.0
0022400501,2024-25,0.9385026737967914,17832.0
0022400505,2024-25,0.617827868852459,16282.0
0022400506,2024-25,1.4796296296296296,18175.0
0022400509,2024-25,0.6091228070175438,19432.0
0022400512,2024-25,0.6046153846153846,19762.0
0022400517,2024-25,0.9519230769230768,19432.0
0022400518,2024-25,1.3341260404280617,20062.0
0022400520,2024-25,0.8720930232558141,16298.0
0022400521,2024-25,0.8102947281029471,19241.0
0022400523,2024-25,0.1429951690821256,18175.0
0022400526,2024-25,1.3870967741935485,18846.0
0022400535,2024-25,0.6438152011922504,18978.0
0022400541,2024-25,1.216374269005848,18233.0
0022400542,2024-25,0.85,19156.0
0022400544,2024-25,1.0249554367201426,17723.0
0022400546,2024-25,0.4688644688644688,18175.0
0022400547,2024-25,0.9198751300728408,17071.0
0022400549,2024-25,0.7549019607843137,19812.0
0022400550,2024-25,0.1232269503546099,19165.0
0022400551,2024-25,2.332282471626734,18055.0
0022400561,2024-25,1.9246153846153848,20088.0
0022400565,2024-25,1.2898706896551724,18978.0
0022400566,2024-25,1.5223499361430397,16488.0
0022400573,2024-25,1.17797695262484,15792.0
0022400576,2024-25,0.8766803039158386,18227.0
0022400584,2024-25,0.7017543859649122,20598.0
0022400585,2024-25,0.9616724738675956,18473.0
0022400586,2024-25,0.7075942350332594,20062.0
0022400587,2024-25,1.4219435736677115,19156.0
0022400599,2024-25,1.1335268505079823,19314.0
0022400601,2024-25,0.9398496240601504,17794.0
0022400605,2024-25,0.9514866979655712,14830.0
0022400606,2024-25,1.5104895104895104,17926.0
0022400614,2024-25,0.7730769230769231,20025.0
0022400615,2024-25,0.6367924528301887,16719.0
0022400619,2024-25,1.0044642857142856,17832.0
0022400620,2024-25,0.6188524590163935,15342.0
0022400623,2024-25,1.760714285714286,14662.0
0022400631,2024-25,0.9582577132486388,19760.0
0022400640,2024-25,1.3425925925925926,19432.0
0022400648,2024-25,0.505194095133953,19483.0
0022400650,2024-25,1.425,19156.0
0022400652,2024-25,0.9602272727272728,19600.0
0022400655,2024-25,1.3425925925925928,19661.0
0022400659,2024-25,1.8875,17071.0
0022400532,2024-25,0.8903225806451613,15553.0
0022400670,2024-25,1.647272727272727,15656.0
0022400673,2024-25,0.725916453537937,18064.0
0022400676,2024-25,1.8433515482695808,16257.0
0022400681,2024-25,0.4695767195767196,19764.0
0022400683,2024-25,1.4235690235690237,16432.0
0022400686,2024-25,0.7469879518072289,17274.0
0022400688,2024-25,1.1018867924528304,19106.0
0022400690,2024-25,0.2023809523809523,18978.0
0022400693,2024-25,0.6146892655367232,18354.0
0022400698,2024-25,0.5454545454545454,19766.0
0022400701,2024-25,0.965400061785604,15988.0
0022400702,2024-25,0.5892857142857143,19812.0
0022400704,2024-25,1.218181818181818,18978.0
0022400707,2024-25,0.6796875,18175.0
0022400708,2024-25,0.636734693877551,18064.0
0022400709,2024-25,1.728042328042328,16205.0
0022400711,2024-25,0.90625,16564.0
0022400712,2024-25,1.0924731182795695,19756.0
0022400713,2024-25,0.7561128526645768,17398.0
0022400714,2024-25,1.7091767881241564,19389.0
0022400718,2024-25,1.0303030303030305,18734.0
0022400719,2024-25,0.6923076923076924,17191.0
0022400721,2024-25,0.875,19770.0
0022400725,2024-25,1.837837837837838,18175.0
0022400733,2024-25,1.1894049346879536,13458.0
0022400734,2024-25,0.5942540322580646,19290.0
0022400740,2024-25,1.0251572327044025,17071.0
0022400743,2024-25,1.1779788838612368,19354.0
0022400750,2024-25,1.280701754385965,17832.0
0022400756,2024-25,0.5358119190814653,18055.0
0022400762,2024-25,1.022950819672131,19726.0
0022400764,2024-25,0.5844155844155845,19767.0
0022400771,2024-25,1.9637638807714788,11457.0
0022400773,2024-25,0.8194905869324475,19812.0
0022400776,2024-25,0.4281914893617021,18978.0
0022400782,2024-25,0.8765432098765432,20311.0
0022400785,2024-25,0.8981854838709679,16686.0
0022400786,2024-25,0.5982905982905983,19935.0
0022401004,2024-25,0.4912280701754386,18175.0
0022400524,2024-25,0.3507692307692307,18997.0
0022400792,2024-25,1.1863636363636365,19812.0
0022400793,2024-25,0.7721471471471472,17341.0
0022400798,2024-25,1.1842105263157896,18945.0
0022400799,2024-25,0.7116013071895424,18865.0
0022400800,2024-25,0.7330316742081449,19584.0
0022400801,2024-25,0.8161400837457176,18055.0
0022400806,2024-25,0.8257389162561577,21116.0
0022400807,2024-25,0.4851851851851851,20431.0
0022400814,2024-25,1.3693693693693694,17051.0
0022400819,2024-25,0.8846153846153845,19432.0
0022400826,2024-25,0.9671785606744956,18203.0
0022400827,2024-25,0.4622950819672131,18175.0
0022400831,2024-25,0.4537037037037036,18055.0
0022400832,2024-25,0.760233918128655,16202.0
0022400838,2024-25,1.066587395957194,19812.0
0022400842,2024-25,0.9032634032634032,20356.0
0022400845,2024-25,1.2368663594470046,18846.0
0022400847,2024-25,0.44234404536862,20009.0
0022400852,2024-25,0.5015082956259427,19156.0
0022400854,2024-25,0.989547038327526,19850.0
0022400855,2024-25,0.3940298507462687,20938.0
0022400856,2024-25,0.656479909451047,17794.0
0022400858,2024-25,0.5381944444444444,18175.0
0022400863,2024-25,0.5293495505023798,16822.0
0022400864,2024-25,0.8918032786885246,20159.0
0022400866,2024-25,0.9333333333333332,19156.0
0022400867,2024-25,0.8495407031992398,19432.0
0022400869,2024-25,1.2500000000000002,19725.0
0022400870,2024-25,0.5399600399600399,19015.0
0022400872,2024-25,0.7392,18175.0
0022400878,2024-25,1.6357758620689655,15719.0
0022400883,2024-25,0.7605769230769232,17406.0
0022400884,2024-25,0.4795081967213115,16008.0
0022400889,2024-25,0.7946127946127945,17071.0
0022400893,2024-25,0.675,19432.0
0022400894,2024-25,0.5125448028673835,14761.0
0022400896,2024-25,1.261455525606469,19618.0
0022400901,2024-25,1.0499359795134442,18413.0
0022400903,2024-25,0.7442307692307693,18997.0
0022400944,2024-25,0.5909943714821764,17717.0
0022400904,2024-25,1.1917942038423963,19296.0
0022400907,2024-25,0.5512499999999999,19700.0
0022400909,2024-25,0.999503968253968,19808.0
0022400912,2024-25,1.2003780718336483,18652.0
0022400914,2024-25,0.5709342560553634,17057.0
0022400915,2024-25,0.8677777777777778,19042.0
0022400916,2024-25,1.0185185185185186,19700.0
0022400917,2024-25,0.566066066066066,17815.0
0022400919,2024-25,0.8244680851063829,18064.0
0022400923,2024-25,1.0655737704918034,17435.0
0022400924,2024-25,1.342979127134725,19757.0
0022400926,2024-25,0.8506493506493507,19661.0
0022400927,2024-25,1.0788461538461538,17927.0
0022400929,2024-25,0.0,19156.0
0022400930,2024-25,0.374331550802139,18215.0
0022400931,2024-25,0.6323076923076923,19600.0
0022400935,2024-25,0.738095238095238,16545.0
0022400937,2024-25,1.050489236790607,17735.0
0022400940,2024-25,0.641077441077441,19432.0
0022400942,2024-25,1.0629296668429402,15008.0
0022400943,2024-25,0.9649122807017544,17363.0
0022400950,2024-25,0.573055028462998,16232.0
0022400953,2024-25,0.8928571428571428,17510.0
0022400954,2024-25,1.0646020646020646,20062.0
0022400965,2024-25,1.143048128342246,19946.0
0022400968,2024-25,1.6061538461538465,18016.0
0022400970,2024-25,0.8300395256916997,18055.0
0022400972,2024-25,1.5144927536231885,17729.0
0022400973,2024-25,2.0500410172272354,18549.0
0022400974,2024-25,2.045454545454545,18064.0
0022400975,2024-25,0.8117433414043583,19833.0
0022400976,2024-25,0.3993993993993994,19825.0
0022400979,2024-25,1.1590909090909092,19432.0
0022400980,2024-25,0.6822916666666667,18154.0
0022400985,2024-25,0.9527027027027029,16648.0
0022400986,2024-25,0.48,17955.0
0022400998,2024-25,1.1670761670761671,15078.0
0022401000,2024-25,0.3411978221415608,19600.0
0022401001,2024-25,0.6574141709276844,16936.0
0022401009,2024-25,0.9857142857142857,15919.0
0022401005,2024-25,1.2572916666666667,18064.0
0022401011,2024-25,1.6511156186612577,15008.0
0022401018,2024-25,1.0452488687782806,17803.0
0022401019,2024-25,1.1658456486042692,20071.0
0022401024,2024-25,0.787878787878788,17274.0
0022401027,2024-25,0.7202380952380952,16911.0
0022401035,2024-25,1.6976190476190478,18055.0
0022401036,2024-25,0.5,17927.0
0022401043,2024-25,0.95625,17071.0
0022401045,2024-25,0.616161616161616,14639.0
0022401049,2024-25,1.3155680224403927,16817.0
0022401055,2024-25,0.830065359477124,17274.0
0022401057,2024-25,0.9483471074380164,19641.0
0022401059,2024-25,0.6254784034991799,19432.0
0022401063,2024-25,1.3410740203193037,21957.0
0022401075,2024-25,0.4248366013071895,16316.0
0022401077,2024-25,0.6047020229633681,21045.0
0022401081,2024-25,0.7558398220244716,19432.0
0022401085,2024-25,1.839506172839506,17490.0
0022401089,2024-25,0.8097826086956522,14410.0
0022401090,2024-25,1.2941176470588236,16341.0
0022401095,2024-25,0.6675712347354138,19790.0
0022401096,2024-25,1.0185185185185184,18997.0
0022401100,2024-25,0.788888888888889,17794.0
0022401102,2024-25,0.9965156794425086,19927.0
0022401105,2024-25,1.7448275862068965,15018.0
0022401109,2024-25,1.055885850178359,19977.0
0022401114,2024-25,0.6692181519956261,19700.0
0022401122,2024-25,0.6129032258064516,21572.0
0022401124,2024-25,0.5652173913043478,17819.0
0022401129,2024-25,1.1895781637717122,20062.0
0022401130,2024-25,1.7857142857142858,19755.0
0022401131,2024-25,0.8891129032258065,19734.0
0022400617,2024-25,0.4897959183673469,17561.0
0022401138,2024-25,1.3552941176470588,19432.0
0022401139,2024-25,1.455410225921522,17928.0
0022401142,2024-25,0.3880208333333333,19932.0
0022401148,2024-25,1.3111111111111111,16144.0
0022401151,2024-25,1.1551459293394777,19812.0
0022401162,2024-25,0.8051282051282052,18175.0
0022401163,2024-25,0.7853281853281854,18064.0
