term,coefficient,se,p
Intercept,0.8797047704037811,0.08133799612199799,2.9094983367901484e-27
C(offense)[T.BKN],0.05172612339050771,0.08963946947001576,0.5639081848799614
C(offense)[T.BOS],-0.04246948515153526,0.0813767979113331,0.6017490767581042
C(offense)[T.CHA],0.05515391878800419,0.0979923168593635,0.5735443737746501
C(offense)[T.CHI],0.03638483899631881,0.08500938646015023,0.6686440839929815
C(offense)[T.CLE],0.04029558220053042,0.08547898788380713,0.6373485398205119
C(offense)[T.DAL],0.005739028613672496,0.08447401721678649,0.9458346795988226
C(offense)[T.DEN],0.03832409207436639,0.08379169086917253,0.6474026671035569
C(offense)[T.DET],0.02896707619078906,0.08441744353347318,0.7314924753072143
C(offense)[T.GSW],0.09648866197233871,0.09174236480854386,0.29292111866307136
C(offense)[T.HOU],-0.06054549995432393,0.08089441362736514,0.45418820619088895
C(offense)[T.IND],0.026914077598846568,0.09516777146642033,0.7773250647473364
C(offense)[T.LAC],0.06952613492171329,0.08390477207349974,0.40731297277115697
C(offense)[T.LAL],-0.061932321693900776,0.08227917285002669,0.45162445146821906
C(offense)[T.MEM],0.02558179085321354,0.08429996971367817,0.7615382233303984
C(offense)[T.MIA],0.03481129486682364,0.08895551383715723,0.6955505546366689
C(offense)[T.MIL],-0.035771436988793,0.07801567164285714,0.6465817398571735
C(offense)[T.MIN],-0.04141223561728737,0.08380519843761741,0.6212011179170049
C(offense)[T.NOP],-0.020093385831410876,0.07344335467911507,0.7843995269231908
C(offense)[T.NYK],-0.004093709652538625,0.07931556689820897,0.9588371078804416
C(offense)[T.OKC],-0.050537728902758636,0.0797297080339996,0.5261700951294173
C(offense)[T.ORL],0.1302992729787396,0.08877713203608974,0.14218243619189905
C(offense)[T.PHI],-0.04181643873672892,0.07995371181668895,0.6009686179724422
C(offense)[T.PHX],0.05266311177843415,0.07556096926093708,0.4858266785665952
C(offense)[T.POR],0.1530551318011894,0.09114638649361757,0.09310854141027447
C(offense)[T.SAC],0.11699932357835523,0.09545255465562763,0.22029925663584393
C(offense)[T.SAS],-0.033576633036919656,0.07757607967763452,0.6651440979726109
C(offense)[T.TOR],-0.059887322316453113,0.07973632526248445,0.45261233684272373
C(offense)[T.UTA],0.015379623836377171,0.08128180992961444,0.8499254092748587
C(offense)[T.WAS],0.13627613124003127,0.08403335148301279,0.1048695231532893
C(defense)[T.BKN],0.06163670193195734,0.08050262211060728,0.443885551405767
C(defense)[T.BOS],0.027693436365495,0.08126891842288057,0.7332820446245611
C(defense)[T.CHA],-0.13394356002297692,0.07674262036330501,0.08092208748775918
C(defense)[T.CHI],0.160571895159957,0.08837041845848698,0.06921218426253428
C(defense)[T.CLE],0.13088856140825902,0.08936881954838731,0.1430331724338059
C(defense)[T.DAL],-0.007881047849015142,0.08224802127913042,0.9236631228241505
C(defense)[T.DEN],0.005291495126476928,0.07598051526570282,0.9444779775011374
C(defense)[T.DET],-0.03611353242153505,0.0794428730199101,0.649407882574631
C(defense)[T.GSW],0.020996101057714104,0.07961505139187502,0.7919954924517281
C(defense)[T.HOU],0.009918273126326088,0.07947776268999082,0.9006873825733717
C(defense)[T.IND],-0.08113916837311891,0.08202841896343341,0.3225852384261144
C(defense)[T.LAC],0.12899172301754241,0.08003142689755569,0.10701344006475409
C(defense)[T.LAL],0.14138806047323726,0.08172327132131905,0.08361540760792341
C(defense)[T.MEM],0.11818013252936213,0.1044888570242609,0.2580420597033959
C(defense)[T.MIA],0.09562512656642219,0.08366905367992569,0.25308127826652027
C(defense)[T.MIL],0.0320989322976929,0.07226576512820859,0.6569132036990261
C(defense)[T.MIN],0.02820071870963506,0.07672512836482344,0.713204936568778
C(defense)[T.NOP],0.07273310910254285,0.08741853121566634,0.4054031906143195
C(defense)[T.NYK],0.06737261165046783,0.08489839235121711,0.42744721311977973
C(defense)[T.OKC],0.21626935059947636,0.09329320735058086,0.020440179205831247
C(defense)[T.ORL],0.15409614871766375,0.08317700943613571,0.06393553753260584
C(defense)[T.PHI],0.02468201284150639,0.07203194046528137,0.7318589781341509
C(defense)[T.PHX],0.10280259851325499,0.09218335848935812,0.2647660407659338
C(defense)[T.POR],0.12126526428275583,0.07666934396753483,0.11372592866989183
C(defense)[T.SAC],-0.09609009908564563,0.07192194544923967,0.1815384576090967
C(defense)[T.SAS],0.0736580526725876,0.07844862738513798,0.34776483322475593
C(defense)[T.TOR],0.06580620485740678,0.07622052871381128,0.38793632560010927
C(defense)[T.UTA],0.08290608073525846,0.0734711674396189,0.2591440447269656
C(defense)[T.WAS],0.09214979713714612,0.07534387820001756,0.22130847144204602
bubble,0.022384445924831214,0.037273110287331435,0.5481383271797202
